--
-- PostgreSQL database dump
--

-- Dumped from database version 16.3
-- Dumped by pg_dump version 16.3

-- Started on 2024-09-28 19:46:37

SET statement_timeout = 0;
SET lock_timeout = 0;
SET idle_in_transaction_session_timeout = 0;
SET client_encoding = 'UTF8';
SET standard_conforming_strings = on;
SELECT pg_catalog.set_config('search_path', '', false);
SET check_function_bodies = false;
SET xmloption = content;
SET client_min_messages = warning;
SET row_security = off;

SET default_tablespace = '';

SET default_table_access_method = heap;

--
-- TOC entry 265 (class 1259 OID 17796)
-- Name: auth_group; Type: TABLE; Schema: public; Owner: postgres
--

CREATE TABLE public.auth_group (
    id integer NOT NULL,
    name character varying(150) NOT NULL
);


ALTER TABLE public.auth_group OWNER TO postgres;

--
-- TOC entry 264 (class 1259 OID 17795)
-- Name: auth_group_id_seq; Type: SEQUENCE; Schema: public; Owner: postgres
--

ALTER TABLE public.auth_group ALTER COLUMN id ADD GENERATED BY DEFAULT AS IDENTITY (
    SEQUENCE NAME public.auth_group_id_seq
    START WITH 1
    INCREMENT BY 1
    NO MINVALUE
    NO MAXVALUE
    CACHE 1
);


--
-- TOC entry 267 (class 1259 OID 17804)
-- Name: auth_group_permissions; Type: TABLE; Schema: public; Owner: postgres
--

CREATE TABLE public.auth_group_permissions (
    id bigint NOT NULL,
    group_id integer NOT NULL,
    permission_id integer NOT NULL
);


ALTER TABLE public.auth_group_permissions OWNER TO postgres;

--
-- TOC entry 266 (class 1259 OID 17803)
-- Name: auth_group_permissions_id_seq; Type: SEQUENCE; Schema: public; Owner: postgres
--

ALTER TABLE public.auth_group_permissions ALTER COLUMN id ADD GENERATED BY DEFAULT AS IDENTITY (
    SEQUENCE NAME public.auth_group_permissions_id_seq
    START WITH 1
    INCREMENT BY 1
    NO MINVALUE
    NO MAXVALUE
    CACHE 1
);


--
-- TOC entry 263 (class 1259 OID 17790)
-- Name: auth_permission; Type: TABLE; Schema: public; Owner: postgres
--

CREATE TABLE public.auth_permission (
    id integer NOT NULL,
    name character varying(255) NOT NULL,
    content_type_id integer NOT NULL,
    codename character varying(100) NOT NULL
);


ALTER TABLE public.auth_permission OWNER TO postgres;

--
-- TOC entry 262 (class 1259 OID 17789)
-- Name: auth_permission_id_seq; Type: SEQUENCE; Schema: public; Owner: postgres
--

ALTER TABLE public.auth_permission ALTER COLUMN id ADD GENERATED BY DEFAULT AS IDENTITY (
    SEQUENCE NAME public.auth_permission_id_seq
    START WITH 1
    INCREMENT BY 1
    NO MINVALUE
    NO MAXVALUE
    CACHE 1
);


--
-- TOC entry 269 (class 1259 OID 17810)
-- Name: auth_user; Type: TABLE; Schema: public; Owner: postgres
--

CREATE TABLE public.auth_user (
    id integer NOT NULL,
    password character varying(128) NOT NULL,
    last_login timestamp with time zone,
    is_superuser boolean NOT NULL,
    username character varying(150) NOT NULL,
    first_name character varying(150) NOT NULL,
    last_name character varying(150) NOT NULL,
    email character varying(254) NOT NULL,
    is_staff boolean NOT NULL,
    is_active boolean NOT NULL,
    date_joined timestamp with time zone NOT NULL
);


ALTER TABLE public.auth_user OWNER TO postgres;

--
-- TOC entry 271 (class 1259 OID 17818)
-- Name: auth_user_groups; Type: TABLE; Schema: public; Owner: postgres
--

CREATE TABLE public.auth_user_groups (
    id bigint NOT NULL,
    user_id integer NOT NULL,
    group_id integer NOT NULL
);


ALTER TABLE public.auth_user_groups OWNER TO postgres;

--
-- TOC entry 270 (class 1259 OID 17817)
-- Name: auth_user_groups_id_seq; Type: SEQUENCE; Schema: public; Owner: postgres
--

ALTER TABLE public.auth_user_groups ALTER COLUMN id ADD GENERATED BY DEFAULT AS IDENTITY (
    SEQUENCE NAME public.auth_user_groups_id_seq
    START WITH 1
    INCREMENT BY 1
    NO MINVALUE
    NO MAXVALUE
    CACHE 1
);


--
-- TOC entry 268 (class 1259 OID 17809)
-- Name: auth_user_id_seq; Type: SEQUENCE; Schema: public; Owner: postgres
--

ALTER TABLE public.auth_user ALTER COLUMN id ADD GENERATED BY DEFAULT AS IDENTITY (
    SEQUENCE NAME public.auth_user_id_seq
    START WITH 1
    INCREMENT BY 1
    NO MINVALUE
    NO MAXVALUE
    CACHE 1
);


--
-- TOC entry 273 (class 1259 OID 17824)
-- Name: auth_user_user_permissions; Type: TABLE; Schema: public; Owner: postgres
--

CREATE TABLE public.auth_user_user_permissions (
    id bigint NOT NULL,
    user_id integer NOT NULL,
    permission_id integer NOT NULL
);


ALTER TABLE public.auth_user_user_permissions OWNER TO postgres;

--
-- TOC entry 272 (class 1259 OID 17823)
-- Name: auth_user_user_permissions_id_seq; Type: SEQUENCE; Schema: public; Owner: postgres
--

ALTER TABLE public.auth_user_user_permissions ALTER COLUMN id ADD GENERATED BY DEFAULT AS IDENTITY (
    SEQUENCE NAME public.auth_user_user_permissions_id_seq
    START WITH 1
    INCREMENT BY 1
    NO MINVALUE
    NO MAXVALUE
    CACHE 1
);


--
-- TOC entry 224 (class 1259 OID 17492)
-- Name: city; Type: TABLE; Schema: public; Owner: postgres
--

CREATE TABLE public.city (
    id integer NOT NULL,
    state_id integer NOT NULL,
    level2gid character varying(15),
    city_name character varying(30) NOT NULL
);


ALTER TABLE public.city OWNER TO postgres;

--
-- TOC entry 223 (class 1259 OID 17491)
-- Name: city_id_seq; Type: SEQUENCE; Schema: public; Owner: postgres
--

CREATE SEQUENCE public.city_id_seq
    AS integer
    START WITH 1
    INCREMENT BY 1
    NO MINVALUE
    NO MAXVALUE
    CACHE 1;


ALTER SEQUENCE public.city_id_seq OWNER TO postgres;

--
-- TOC entry 5252 (class 0 OID 0)
-- Dependencies: 223
-- Name: city_id_seq; Type: SEQUENCE OWNED BY; Schema: public; Owner: postgres
--

ALTER SEQUENCE public.city_id_seq OWNED BY public.city.id;


--
-- TOC entry 242 (class 1259 OID 17640)
-- Name: class_table; Type: TABLE; Schema: public; Owner: postgres
--

CREATE TABLE public.class_table (
    id integer NOT NULL,
    class_key integer,
    class_name character varying(20) DEFAULT 'Unknow'::character varying NOT NULL
);


ALTER TABLE public.class_table OWNER TO postgres;

--
-- TOC entry 241 (class 1259 OID 17639)
-- Name: class_table_id_seq; Type: SEQUENCE; Schema: public; Owner: postgres
--

CREATE SEQUENCE public.class_table_id_seq
    AS integer
    START WITH 1
    INCREMENT BY 1
    NO MINVALUE
    NO MAXVALUE
    CACHE 1;


ALTER SEQUENCE public.class_table_id_seq OWNER TO postgres;

--
-- TOC entry 5253 (class 0 OID 0)
-- Dependencies: 241
-- Name: class_table_id_seq; Type: SEQUENCE OWNED BY; Schema: public; Owner: postgres
--

ALTER SEQUENCE public.class_table_id_seq OWNED BY public.class_table.id;


--
-- TOC entry 218 (class 1259 OID 17457)
-- Name: continent; Type: TABLE; Schema: public; Owner: postgres
--

CREATE TABLE public.continent (
    id integer NOT NULL,
    continent_name character varying(20) NOT NULL
);


ALTER TABLE public.continent OWNER TO postgres;

--
-- TOC entry 217 (class 1259 OID 17456)
-- Name: continent_id_seq; Type: SEQUENCE; Schema: public; Owner: postgres
--

CREATE SEQUENCE public.continent_id_seq
    AS integer
    START WITH 1
    INCREMENT BY 1
    NO MINVALUE
    NO MAXVALUE
    CACHE 1;


ALTER SEQUENCE public.continent_id_seq OWNER TO postgres;

--
-- TOC entry 5254 (class 0 OID 0)
-- Dependencies: 217
-- Name: continent_id_seq; Type: SEQUENCE OWNED BY; Schema: public; Owner: postgres
--

ALTER SEQUENCE public.continent_id_seq OWNED BY public.continent.id;


--
-- TOC entry 220 (class 1259 OID 17466)
-- Name: country; Type: TABLE; Schema: public; Owner: postgres
--

CREATE TABLE public.country (
    id integer NOT NULL,
    continent_id integer NOT NULL,
    level0gid character varying(5),
    country_name character varying(30) NOT NULL
);


ALTER TABLE public.country OWNER TO postgres;

--
-- TOC entry 219 (class 1259 OID 17465)
-- Name: country_id_seq; Type: SEQUENCE; Schema: public; Owner: postgres
--

CREATE SEQUENCE public.country_id_seq
    AS integer
    START WITH 1
    INCREMENT BY 1
    NO MINVALUE
    NO MAXVALUE
    CACHE 1;


ALTER SEQUENCE public.country_id_seq OWNER TO postgres;

--
-- TOC entry 5255 (class 0 OID 0)
-- Dependencies: 219
-- Name: country_id_seq; Type: SEQUENCE OWNED BY; Schema: public; Owner: postgres
--

ALTER SEQUENCE public.country_id_seq OWNED BY public.country.id;


--
-- TOC entry 275 (class 1259 OID 17882)
-- Name: django_admin_log; Type: TABLE; Schema: public; Owner: postgres
--

CREATE TABLE public.django_admin_log (
    id integer NOT NULL,
    action_time timestamp with time zone NOT NULL,
    object_id text,
    object_repr character varying(200) NOT NULL,
    action_flag smallint NOT NULL,
    change_message text NOT NULL,
    content_type_id integer,
    user_id integer NOT NULL,
    CONSTRAINT django_admin_log_action_flag_check CHECK ((action_flag >= 0))
);


ALTER TABLE public.django_admin_log OWNER TO postgres;

--
-- TOC entry 274 (class 1259 OID 17881)
-- Name: django_admin_log_id_seq; Type: SEQUENCE; Schema: public; Owner: postgres
--

ALTER TABLE public.django_admin_log ALTER COLUMN id ADD GENERATED BY DEFAULT AS IDENTITY (
    SEQUENCE NAME public.django_admin_log_id_seq
    START WITH 1
    INCREMENT BY 1
    NO MINVALUE
    NO MAXVALUE
    CACHE 1
);


--
-- TOC entry 261 (class 1259 OID 17782)
-- Name: django_content_type; Type: TABLE; Schema: public; Owner: postgres
--

CREATE TABLE public.django_content_type (
    id integer NOT NULL,
    app_label character varying(100) NOT NULL,
    model character varying(100) NOT NULL
);


ALTER TABLE public.django_content_type OWNER TO postgres;

--
-- TOC entry 260 (class 1259 OID 17781)
-- Name: django_content_type_id_seq; Type: SEQUENCE; Schema: public; Owner: postgres
--

ALTER TABLE public.django_content_type ALTER COLUMN id ADD GENERATED BY DEFAULT AS IDENTITY (
    SEQUENCE NAME public.django_content_type_id_seq
    START WITH 1
    INCREMENT BY 1
    NO MINVALUE
    NO MAXVALUE
    CACHE 1
);


--
-- TOC entry 259 (class 1259 OID 17774)
-- Name: django_migrations; Type: TABLE; Schema: public; Owner: postgres
--

CREATE TABLE public.django_migrations (
    id bigint NOT NULL,
    app character varying(255) NOT NULL,
    name character varying(255) NOT NULL,
    applied timestamp with time zone NOT NULL
);


ALTER TABLE public.django_migrations OWNER TO postgres;

--
-- TOC entry 258 (class 1259 OID 17773)
-- Name: django_migrations_id_seq; Type: SEQUENCE; Schema: public; Owner: postgres
--

ALTER TABLE public.django_migrations ALTER COLUMN id ADD GENERATED BY DEFAULT AS IDENTITY (
    SEQUENCE NAME public.django_migrations_id_seq
    START WITH 1
    INCREMENT BY 1
    NO MINVALUE
    NO MAXVALUE
    CACHE 1
);


--
-- TOC entry 276 (class 1259 OID 17910)
-- Name: django_session; Type: TABLE; Schema: public; Owner: postgres
--

CREATE TABLE public.django_session (
    session_key character varying(40) NOT NULL,
    session_data text NOT NULL,
    expire_date timestamp with time zone NOT NULL
);


ALTER TABLE public.django_session OWNER TO postgres;

--
-- TOC entry 246 (class 1259 OID 17660)
-- Name: family_table; Type: TABLE; Schema: public; Owner: postgres
--

CREATE TABLE public.family_table (
    id integer NOT NULL,
    family_key integer,
    family_name character varying(20) DEFAULT 'Unknow'::character varying NOT NULL
);


ALTER TABLE public.family_table OWNER TO postgres;

--
-- TOC entry 245 (class 1259 OID 17659)
-- Name: family_table_id_seq; Type: SEQUENCE; Schema: public; Owner: postgres
--

CREATE SEQUENCE public.family_table_id_seq
    AS integer
    START WITH 1
    INCREMENT BY 1
    NO MINVALUE
    NO MAXVALUE
    CACHE 1;


ALTER SEQUENCE public.family_table_id_seq OWNER TO postgres;

--
-- TOC entry 5256 (class 0 OID 0)
-- Dependencies: 245
-- Name: family_table_id_seq; Type: SEQUENCE OWNED BY; Schema: public; Owner: postgres
--

ALTER SEQUENCE public.family_table_id_seq OWNED BY public.family_table.id;


--
-- TOC entry 248 (class 1259 OID 17670)
-- Name: genus; Type: TABLE; Schema: public; Owner: postgres
--

CREATE TABLE public.genus (
    id integer NOT NULL,
    genus_key integer,
    genus_name character varying(20) DEFAULT 'Unknow'::character varying NOT NULL
);


ALTER TABLE public.genus OWNER TO postgres;

--
-- TOC entry 247 (class 1259 OID 17669)
-- Name: genus_id_seq; Type: SEQUENCE; Schema: public; Owner: postgres
--

CREATE SEQUENCE public.genus_id_seq
    AS integer
    START WITH 1
    INCREMENT BY 1
    NO MINVALUE
    NO MAXVALUE
    CACHE 1;


ALTER SEQUENCE public.genus_id_seq OWNER TO postgres;

--
-- TOC entry 5257 (class 0 OID 0)
-- Dependencies: 247
-- Name: genus_id_seq; Type: SEQUENCE OWNED BY; Schema: public; Owner: postgres
--

ALTER SEQUENCE public.genus_id_seq OWNED BY public.genus.id;


--
-- TOC entry 235 (class 1259 OID 17596)
-- Name: issue; Type: TABLE; Schema: public; Owner: postgres
--

CREATE TABLE public.issue (
    id integer NOT NULL,
    issue_name text NOT NULL
);


ALTER TABLE public.issue OWNER TO postgres;

--
-- TOC entry 234 (class 1259 OID 17595)
-- Name: issue_id_seq; Type: SEQUENCE; Schema: public; Owner: postgres
--

CREATE SEQUENCE public.issue_id_seq
    AS integer
    START WITH 1
    INCREMENT BY 1
    NO MINVALUE
    NO MAXVALUE
    CACHE 1;


ALTER SEQUENCE public.issue_id_seq OWNER TO postgres;

--
-- TOC entry 5258 (class 0 OID 0)
-- Dependencies: 234
-- Name: issue_id_seq; Type: SEQUENCE OWNED BY; Schema: public; Owner: postgres
--

ALTER SEQUENCE public.issue_id_seq OWNED BY public.issue.id;


--
-- TOC entry 238 (class 1259 OID 17620)
-- Name: kingdom; Type: TABLE; Schema: public; Owner: postgres
--

CREATE TABLE public.kingdom (
    id integer NOT NULL,
    kingdom_key integer,
    kingdom_name character varying(20) DEFAULT 'Incertae Sedis'::character varying NOT NULL
);


ALTER TABLE public.kingdom OWNER TO postgres;

--
-- TOC entry 237 (class 1259 OID 17619)
-- Name: kingdom_id_seq; Type: SEQUENCE; Schema: public; Owner: postgres
--

CREATE SEQUENCE public.kingdom_id_seq
    AS integer
    START WITH 1
    INCREMENT BY 1
    NO MINVALUE
    NO MAXVALUE
    CACHE 1;


ALTER SEQUENCE public.kingdom_id_seq OWNER TO postgres;

--
-- TOC entry 5259 (class 0 OID 0)
-- Dependencies: 237
-- Name: kingdom_id_seq; Type: SEQUENCE OWNED BY; Schema: public; Owner: postgres
--

ALTER SEQUENCE public.kingdom_id_seq OWNED BY public.kingdom.id;


--
-- TOC entry 226 (class 1259 OID 17506)
-- Name: localization; Type: TABLE; Schema: public; Owner: postgres
--

CREATE TABLE public.localization (
    id integer NOT NULL,
    city_id integer NOT NULL,
    localization_name character varying(255) NOT NULL,
    decimal_latitude numeric(10,6),
    decimal_longitude numeric(10,6)
);


ALTER TABLE public.localization OWNER TO postgres;

--
-- TOC entry 225 (class 1259 OID 17505)
-- Name: localization_id_seq; Type: SEQUENCE; Schema: public; Owner: postgres
--

CREATE SEQUENCE public.localization_id_seq
    AS integer
    START WITH 1
    INCREMENT BY 1
    NO MINVALUE
    NO MAXVALUE
    CACHE 1;


ALTER SEQUENCE public.localization_id_seq OWNER TO postgres;

--
-- TOC entry 5260 (class 0 OID 0)
-- Dependencies: 225
-- Name: localization_id_seq; Type: SEQUENCE OWNED BY; Schema: public; Owner: postgres
--

ALTER SEQUENCE public.localization_id_seq OWNED BY public.localization.id;


--
-- TOC entry 257 (class 1259 OID 17763)
-- Name: log; Type: TABLE; Schema: public; Owner: postgres
--

CREATE TABLE public.log (
    id integer NOT NULL,
    event_type character varying(50) NOT NULL,
    user_name character varying(50) NOT NULL,
    event_description text NOT NULL,
    dataset_key text NOT NULL,
    protocol character varying(20) NOT NULL,
    event_date timestamp without time zone DEFAULT CURRENT_TIMESTAMP NOT NULL,
    last_parsed timestamp without time zone
);


ALTER TABLE public.log OWNER TO postgres;

--
-- TOC entry 256 (class 1259 OID 17762)
-- Name: log_id_seq; Type: SEQUENCE; Schema: public; Owner: postgres
--

CREATE SEQUENCE public.log_id_seq
    AS integer
    START WITH 1
    INCREMENT BY 1
    NO MINVALUE
    NO MAXVALUE
    CACHE 1;


ALTER SEQUENCE public.log_id_seq OWNER TO postgres;

--
-- TOC entry 5261 (class 0 OID 0)
-- Dependencies: 256
-- Name: log_id_seq; Type: SEQUENCE OWNED BY; Schema: public; Owner: postgres
--

ALTER SEQUENCE public.log_id_seq OWNED BY public.log.id;


--
-- TOC entry 231 (class 1259 OID 17537)
-- Name: member_of; Type: TABLE; Schema: public; Owner: postgres
--

CREATE TABLE public.member_of (
    researcher_id integer NOT NULL,
    group_id integer NOT NULL,
    researcher_role character varying(10) NOT NULL,
    CONSTRAINT member_of_researcher_role_check CHECK (((researcher_role)::text = ANY ((ARRAY['Admin'::character varying, 'Researcher'::character varying])::text[])))
);


ALTER TABLE public.member_of OWNER TO postgres;

--
-- TOC entry 244 (class 1259 OID 17650)
-- Name: order_table; Type: TABLE; Schema: public; Owner: postgres
--

CREATE TABLE public.order_table (
    id integer NOT NULL,
    order_key integer,
    order_name character varying(20) DEFAULT 'Unknow'::character varying NOT NULL
);


ALTER TABLE public.order_table OWNER TO postgres;

--
-- TOC entry 243 (class 1259 OID 17649)
-- Name: order_table_id_seq; Type: SEQUENCE; Schema: public; Owner: postgres
--

CREATE SEQUENCE public.order_table_id_seq
    AS integer
    START WITH 1
    INCREMENT BY 1
    NO MINVALUE
    NO MAXVALUE
    CACHE 1;


ALTER SEQUENCE public.order_table_id_seq OWNER TO postgres;

--
-- TOC entry 5262 (class 0 OID 0)
-- Dependencies: 243
-- Name: order_table_id_seq; Type: SEQUENCE OWNED BY; Schema: public; Owner: postgres
--

ALTER SEQUENCE public.order_table_id_seq OWNED BY public.order_table.id;


--
-- TOC entry 240 (class 1259 OID 17630)
-- Name: phylum; Type: TABLE; Schema: public; Owner: postgres
--

CREATE TABLE public.phylum (
    id integer NOT NULL,
    phylum_key integer,
    phylum_name character varying(20) DEFAULT 'Unknow'::character varying NOT NULL
);


ALTER TABLE public.phylum OWNER TO postgres;

--
-- TOC entry 239 (class 1259 OID 17629)
-- Name: phylum_id_seq; Type: SEQUENCE; Schema: public; Owner: postgres
--

CREATE SEQUENCE public.phylum_id_seq
    AS integer
    START WITH 1
    INCREMENT BY 1
    NO MINVALUE
    NO MAXVALUE
    CACHE 1;


ALTER SEQUENCE public.phylum_id_seq OWNER TO postgres;

--
-- TOC entry 5263 (class 0 OID 0)
-- Dependencies: 239
-- Name: phylum_id_seq; Type: SEQUENCE OWNED BY; Schema: public; Owner: postgres
--

ALTER SEQUENCE public.phylum_id_seq OWNED BY public.phylum.id;


--
-- TOC entry 232 (class 1259 OID 17551)
-- Name: research; Type: TABLE; Schema: public; Owner: postgres
--

CREATE TABLE public.research (
    gbifid bigint NOT NULL,
    research_groupid integer,
    license_rights integer NOT NULL,
    collection_code character varying(30) NOT NULL,
    ocurrenceid character varying(30) NOT NULL,
    basis_of_record character varying(30),
    ocurrence_status character varying(15),
    preparations character varying(15),
    event_date date,
    event_remarks text,
    publishing_country integer NOT NULL,
    localization_id integer NOT NULL
);


ALTER TABLE public.research OWNER TO postgres;

--
-- TOC entry 230 (class 1259 OID 17529)
-- Name: research_group; Type: TABLE; Schema: public; Owner: postgres
--

CREATE TABLE public.research_group (
    id integer NOT NULL,
    name character varying(80) NOT NULL,
    description text NOT NULL,
    institution character varying(80) NOT NULL
);


ALTER TABLE public.research_group OWNER TO postgres;

--
-- TOC entry 229 (class 1259 OID 17528)
-- Name: research_group_id_seq; Type: SEQUENCE; Schema: public; Owner: postgres
--

CREATE SEQUENCE public.research_group_id_seq
    AS integer
    START WITH 1
    INCREMENT BY 1
    NO MINVALUE
    NO MAXVALUE
    CACHE 1;


ALTER SEQUENCE public.research_group_id_seq OWNER TO postgres;

--
-- TOC entry 5264 (class 0 OID 0)
-- Dependencies: 229
-- Name: research_group_id_seq; Type: SEQUENCE OWNED BY; Schema: public; Owner: postgres
--

ALTER SEQUENCE public.research_group_id_seq OWNED BY public.research_group.id;


--
-- TOC entry 236 (class 1259 OID 17604)
-- Name: research_issue; Type: TABLE; Schema: public; Owner: postgres
--

CREATE TABLE public.research_issue (
    gbifid bigint NOT NULL,
    issue_id integer NOT NULL
);


ALTER TABLE public.research_issue OWNER TO postgres;

--
-- TOC entry 233 (class 1259 OID 17580)
-- Name: researched_by; Type: TABLE; Schema: public; Owner: postgres
--

CREATE TABLE public.researched_by (
    gbifid bigint NOT NULL,
    researcher_id integer NOT NULL
);


ALTER TABLE public.researched_by OWNER TO postgres;

--
-- TOC entry 228 (class 1259 OID 17520)
-- Name: researcher; Type: TABLE; Schema: public; Owner: postgres
--

CREATE TABLE public.researcher (
    id integer NOT NULL,
    name character varying(80) NOT NULL,
    surname character varying(80) NOT NULL,
    email character varying(50),
    password character varying(255),
    telephone character varying(11),
    address character varying(255)
);


ALTER TABLE public.researcher OWNER TO postgres;

--
-- TOC entry 227 (class 1259 OID 17519)
-- Name: researcher_id_seq; Type: SEQUENCE; Schema: public; Owner: postgres
--

CREATE SEQUENCE public.researcher_id_seq
    AS integer
    START WITH 1
    INCREMENT BY 1
    NO MINVALUE
    NO MAXVALUE
    CACHE 1;


ALTER SEQUENCE public.researcher_id_seq OWNER TO postgres;

--
-- TOC entry 5265 (class 0 OID 0)
-- Dependencies: 227
-- Name: researcher_id_seq; Type: SEQUENCE OWNED BY; Schema: public; Owner: postgres
--

ALTER SEQUENCE public.researcher_id_seq OWNED BY public.researcher.id;


--
-- TOC entry 216 (class 1259 OID 17450)
-- Name: rights; Type: TABLE; Schema: public; Owner: postgres
--

CREATE TABLE public.rights (
    id integer NOT NULL,
    license character varying(15) NOT NULL,
    access_rights character varying(100) NOT NULL,
    rights_holder character varying(50) NOT NULL,
    institution_code character varying(6) NOT NULL
);


ALTER TABLE public.rights OWNER TO postgres;

--
-- TOC entry 215 (class 1259 OID 17449)
-- Name: rights_id_seq; Type: SEQUENCE; Schema: public; Owner: postgres
--

CREATE SEQUENCE public.rights_id_seq
    AS integer
    START WITH 1
    INCREMENT BY 1
    NO MINVALUE
    NO MAXVALUE
    CACHE 1;


ALTER SEQUENCE public.rights_id_seq OWNER TO postgres;

--
-- TOC entry 5266 (class 0 OID 0)
-- Dependencies: 215
-- Name: rights_id_seq; Type: SEQUENCE OWNED BY; Schema: public; Owner: postgres
--

ALTER SEQUENCE public.rights_id_seq OWNED BY public.rights.id;


--
-- TOC entry 250 (class 1259 OID 17680)
-- Name: species; Type: TABLE; Schema: public; Owner: postgres
--

CREATE TABLE public.species (
    id integer NOT NULL,
    species_key integer,
    species_name character varying(255) DEFAULT 'Unknow'::character varying NOT NULL
);


ALTER TABLE public.species OWNER TO postgres;

--
-- TOC entry 249 (class 1259 OID 17679)
-- Name: species_id_seq; Type: SEQUENCE; Schema: public; Owner: postgres
--

CREATE SEQUENCE public.species_id_seq
    AS integer
    START WITH 1
    INCREMENT BY 1
    NO MINVALUE
    NO MAXVALUE
    CACHE 1;


ALTER SEQUENCE public.species_id_seq OWNER TO postgres;

--
-- TOC entry 5267 (class 0 OID 0)
-- Dependencies: 249
-- Name: species_id_seq; Type: SEQUENCE OWNED BY; Schema: public; Owner: postgres
--

ALTER SEQUENCE public.species_id_seq OWNED BY public.species.id;


--
-- TOC entry 222 (class 1259 OID 17480)
-- Name: state_table; Type: TABLE; Schema: public; Owner: postgres
--

CREATE TABLE public.state_table (
    id integer NOT NULL,
    country_id integer NOT NULL,
    level1gid character varying(15),
    state_name character varying(20) NOT NULL
);


ALTER TABLE public.state_table OWNER TO postgres;

--
-- TOC entry 221 (class 1259 OID 17479)
-- Name: state_table_id_seq; Type: SEQUENCE; Schema: public; Owner: postgres
--

CREATE SEQUENCE public.state_table_id_seq
    AS integer
    START WITH 1
    INCREMENT BY 1
    NO MINVALUE
    NO MAXVALUE
    CACHE 1;


ALTER SEQUENCE public.state_table_id_seq OWNER TO postgres;

--
-- TOC entry 5268 (class 0 OID 0)
-- Dependencies: 221
-- Name: state_table_id_seq; Type: SEQUENCE OWNED BY; Schema: public; Owner: postgres
--

ALTER SEQUENCE public.state_table_id_seq OWNED BY public.state_table.id;


--
-- TOC entry 254 (class 1259 OID 17734)
-- Name: taxon; Type: TABLE; Schema: public; Owner: postgres
--

CREATE TABLE public.taxon (
    id integer NOT NULL,
    taxon_hierarchy_id integer NOT NULL,
    taxon_key bigint,
    scientific_name character varying(80) NOT NULL,
    generic_name character varying(40),
    specific_epithet character varying(20),
    infraespecific_epithet character varying(20),
    taxon_rank character varying(12) NOT NULL,
    taxonomic_status character varying(12),
    iucn_redlist_category character varying(2),
    CONSTRAINT taxon_iucn_redlist_category_check CHECK (((iucn_redlist_category)::text = ANY ((ARRAY['EX'::character varying, 'EW'::character varying, 'CR'::character varying, 'PT'::character varying, 'VU'::character varying, 'NT'::character varying, 'CD'::character varying, 'LC'::character varying, 'DD'::character varying, 'NE'::character varying])::text[])))
);


ALTER TABLE public.taxon OWNER TO postgres;

--
-- TOC entry 252 (class 1259 OID 17690)
-- Name: taxon_hierarchy; Type: TABLE; Schema: public; Owner: postgres
--

CREATE TABLE public.taxon_hierarchy (
    id integer NOT NULL,
    kingdom_id integer NOT NULL,
    phylum_id integer NOT NULL,
    class_table_id integer NOT NULL,
    order_table_id integer NOT NULL,
    family_table_id integer NOT NULL,
    genus_id integer NOT NULL,
    species_id integer NOT NULL
);


ALTER TABLE public.taxon_hierarchy OWNER TO postgres;

--
-- TOC entry 251 (class 1259 OID 17689)
-- Name: taxon_hierarchy_id_seq; Type: SEQUENCE; Schema: public; Owner: postgres
--

CREATE SEQUENCE public.taxon_hierarchy_id_seq
    AS integer
    START WITH 1
    INCREMENT BY 1
    NO MINVALUE
    NO MAXVALUE
    CACHE 1;


ALTER SEQUENCE public.taxon_hierarchy_id_seq OWNER TO postgres;

--
-- TOC entry 5269 (class 0 OID 0)
-- Dependencies: 251
-- Name: taxon_hierarchy_id_seq; Type: SEQUENCE OWNED BY; Schema: public; Owner: postgres
--

ALTER SEQUENCE public.taxon_hierarchy_id_seq OWNED BY public.taxon_hierarchy.id;


--
-- TOC entry 253 (class 1259 OID 17733)
-- Name: taxon_id_seq; Type: SEQUENCE; Schema: public; Owner: postgres
--

CREATE SEQUENCE public.taxon_id_seq
    AS integer
    START WITH 1
    INCREMENT BY 1
    NO MINVALUE
    NO MAXVALUE
    CACHE 1;


ALTER SEQUENCE public.taxon_id_seq OWNER TO postgres;

--
-- TOC entry 5270 (class 0 OID 0)
-- Dependencies: 253
-- Name: taxon_id_seq; Type: SEQUENCE OWNED BY; Schema: public; Owner: postgres
--

ALTER SEQUENCE public.taxon_id_seq OWNED BY public.taxon.id;


--
-- TOC entry 255 (class 1259 OID 17748)
-- Name: taxon_sample; Type: TABLE; Schema: public; Owner: postgres
--

CREATE TABLE public.taxon_sample (
    gbifid bigint NOT NULL,
    taxon_id integer NOT NULL,
    verbatim_scientific_name character varying(60),
    repatriated boolean DEFAULT false NOT NULL,
    type_status character varying(12)
);


ALTER TABLE public.taxon_sample OWNER TO postgres;

--
-- TOC entry 278 (class 1259 OID 17920)
-- Name: users; Type: TABLE; Schema: public; Owner: postgres
--

CREATE TABLE public.users (
    id integer NOT NULL,
    username character varying(255) NOT NULL,
    password character varying(255) NOT NULL,
    reset_token character varying(255),
    email character varying(255)
);


ALTER TABLE public.users OWNER TO postgres;

--
-- TOC entry 277 (class 1259 OID 17919)
-- Name: users_id_seq; Type: SEQUENCE; Schema: public; Owner: postgres
--

CREATE SEQUENCE public.users_id_seq
    AS integer
    START WITH 1
    INCREMENT BY 1
    NO MINVALUE
    NO MAXVALUE
    CACHE 1;


ALTER SEQUENCE public.users_id_seq OWNER TO postgres;

--
-- TOC entry 5271 (class 0 OID 0)
-- Dependencies: 277
-- Name: users_id_seq; Type: SEQUENCE OWNED BY; Schema: public; Owner: postgres
--

ALTER SEQUENCE public.users_id_seq OWNED BY public.users.id;


--
-- TOC entry 4856 (class 2604 OID 17495)
-- Name: city id; Type: DEFAULT; Schema: public; Owner: postgres
--

ALTER TABLE ONLY public.city ALTER COLUMN id SET DEFAULT nextval('public.city_id_seq'::regclass);


--
-- TOC entry 4865 (class 2604 OID 17643)
-- Name: class_table id; Type: DEFAULT; Schema: public; Owner: postgres
--

ALTER TABLE ONLY public.class_table ALTER COLUMN id SET DEFAULT nextval('public.class_table_id_seq'::regclass);


--
-- TOC entry 4853 (class 2604 OID 17460)
-- Name: continent id; Type: DEFAULT; Schema: public; Owner: postgres
--

ALTER TABLE ONLY public.continent ALTER COLUMN id SET DEFAULT nextval('public.continent_id_seq'::regclass);


--
-- TOC entry 4854 (class 2604 OID 17469)
-- Name: country id; Type: DEFAULT; Schema: public; Owner: postgres
--

ALTER TABLE ONLY public.country ALTER COLUMN id SET DEFAULT nextval('public.country_id_seq'::regclass);


--
-- TOC entry 4869 (class 2604 OID 17663)
-- Name: family_table id; Type: DEFAULT; Schema: public; Owner: postgres
--

ALTER TABLE ONLY public.family_table ALTER COLUMN id SET DEFAULT nextval('public.family_table_id_seq'::regclass);


--
-- TOC entry 4871 (class 2604 OID 17673)
-- Name: genus id; Type: DEFAULT; Schema: public; Owner: postgres
--

ALTER TABLE ONLY public.genus ALTER COLUMN id SET DEFAULT nextval('public.genus_id_seq'::regclass);


--
-- TOC entry 4860 (class 2604 OID 17599)
-- Name: issue id; Type: DEFAULT; Schema: public; Owner: postgres
--

ALTER TABLE ONLY public.issue ALTER COLUMN id SET DEFAULT nextval('public.issue_id_seq'::regclass);


--
-- TOC entry 4861 (class 2604 OID 17623)
-- Name: kingdom id; Type: DEFAULT; Schema: public; Owner: postgres
--

ALTER TABLE ONLY public.kingdom ALTER COLUMN id SET DEFAULT nextval('public.kingdom_id_seq'::regclass);


--
-- TOC entry 4857 (class 2604 OID 17509)
-- Name: localization id; Type: DEFAULT; Schema: public; Owner: postgres
--

ALTER TABLE ONLY public.localization ALTER COLUMN id SET DEFAULT nextval('public.localization_id_seq'::regclass);


--
-- TOC entry 4878 (class 2604 OID 17766)
-- Name: log id; Type: DEFAULT; Schema: public; Owner: postgres
--

ALTER TABLE ONLY public.log ALTER COLUMN id SET DEFAULT nextval('public.log_id_seq'::regclass);


--
-- TOC entry 4867 (class 2604 OID 17653)
-- Name: order_table id; Type: DEFAULT; Schema: public; Owner: postgres
--

ALTER TABLE ONLY public.order_table ALTER COLUMN id SET DEFAULT nextval('public.order_table_id_seq'::regclass);


--
-- TOC entry 4863 (class 2604 OID 17633)
-- Name: phylum id; Type: DEFAULT; Schema: public; Owner: postgres
--

ALTER TABLE ONLY public.phylum ALTER COLUMN id SET DEFAULT nextval('public.phylum_id_seq'::regclass);


--
-- TOC entry 4859 (class 2604 OID 17532)
-- Name: research_group id; Type: DEFAULT; Schema: public; Owner: postgres
--

ALTER TABLE ONLY public.research_group ALTER COLUMN id SET DEFAULT nextval('public.research_group_id_seq'::regclass);


--
-- TOC entry 4858 (class 2604 OID 17523)
-- Name: researcher id; Type: DEFAULT; Schema: public; Owner: postgres
--

ALTER TABLE ONLY public.researcher ALTER COLUMN id SET DEFAULT nextval('public.researcher_id_seq'::regclass);


--
-- TOC entry 4852 (class 2604 OID 17453)
-- Name: rights id; Type: DEFAULT; Schema: public; Owner: postgres
--

ALTER TABLE ONLY public.rights ALTER COLUMN id SET DEFAULT nextval('public.rights_id_seq'::regclass);


--
-- TOC entry 4873 (class 2604 OID 17683)
-- Name: species id; Type: DEFAULT; Schema: public; Owner: postgres
--

ALTER TABLE ONLY public.species ALTER COLUMN id SET DEFAULT nextval('public.species_id_seq'::regclass);


--
-- TOC entry 4855 (class 2604 OID 17483)
-- Name: state_table id; Type: DEFAULT; Schema: public; Owner: postgres
--

ALTER TABLE ONLY public.state_table ALTER COLUMN id SET DEFAULT nextval('public.state_table_id_seq'::regclass);


--
-- TOC entry 4876 (class 2604 OID 17737)
-- Name: taxon id; Type: DEFAULT; Schema: public; Owner: postgres
--

ALTER TABLE ONLY public.taxon ALTER COLUMN id SET DEFAULT nextval('public.taxon_id_seq'::regclass);


--
-- TOC entry 4875 (class 2604 OID 17693)
-- Name: taxon_hierarchy id; Type: DEFAULT; Schema: public; Owner: postgres
--

ALTER TABLE ONLY public.taxon_hierarchy ALTER COLUMN id SET DEFAULT nextval('public.taxon_hierarchy_id_seq'::regclass);


--
-- TOC entry 4880 (class 2604 OID 17923)
-- Name: users id; Type: DEFAULT; Schema: public; Owner: postgres
--

ALTER TABLE ONLY public.users ALTER COLUMN id SET DEFAULT nextval('public.users_id_seq'::regclass);


--
-- TOC entry 5233 (class 0 OID 17796)
-- Dependencies: 265
-- Data for Name: auth_group; Type: TABLE DATA; Schema: public; Owner: postgres
--

COPY public.auth_group (id, name) FROM stdin;
\.


--
-- TOC entry 5235 (class 0 OID 17804)
-- Dependencies: 267
-- Data for Name: auth_group_permissions; Type: TABLE DATA; Schema: public; Owner: postgres
--

COPY public.auth_group_permissions (id, group_id, permission_id) FROM stdin;
\.


--
-- TOC entry 5231 (class 0 OID 17790)
-- Dependencies: 263
-- Data for Name: auth_permission; Type: TABLE DATA; Schema: public; Owner: postgres
--

COPY public.auth_permission (id, name, content_type_id, codename) FROM stdin;
1	Can add log entry	1	add_logentry
2	Can change log entry	1	change_logentry
3	Can delete log entry	1	delete_logentry
4	Can view log entry	1	view_logentry
5	Can add permission	2	add_permission
6	Can change permission	2	change_permission
7	Can delete permission	2	delete_permission
8	Can view permission	2	view_permission
9	Can add group	3	add_group
10	Can change group	3	change_group
11	Can delete group	3	delete_group
12	Can view group	3	view_group
13	Can add user	4	add_user
14	Can change user	4	change_user
15	Can delete user	4	delete_user
16	Can view user	4	view_user
17	Can add content type	5	add_contenttype
18	Can change content type	5	change_contenttype
19	Can delete content type	5	delete_contenttype
20	Can view content type	5	view_contenttype
21	Can add session	6	add_session
22	Can change session	6	change_session
23	Can delete session	6	delete_session
24	Can view session	6	view_session
25	Can add auth group	7	add_authgroup
26	Can change auth group	7	change_authgroup
27	Can delete auth group	7	delete_authgroup
28	Can view auth group	7	view_authgroup
29	Can add auth group permissions	8	add_authgrouppermissions
30	Can change auth group permissions	8	change_authgrouppermissions
31	Can delete auth group permissions	8	delete_authgrouppermissions
32	Can view auth group permissions	8	view_authgrouppermissions
33	Can add auth permission	9	add_authpermission
34	Can change auth permission	9	change_authpermission
35	Can delete auth permission	9	delete_authpermission
36	Can view auth permission	9	view_authpermission
37	Can add auth user	10	add_authuser
38	Can change auth user	10	change_authuser
39	Can delete auth user	10	delete_authuser
40	Can view auth user	10	view_authuser
41	Can add auth user groups	11	add_authusergroups
42	Can change auth user groups	11	change_authusergroups
43	Can delete auth user groups	11	delete_authusergroups
44	Can view auth user groups	11	view_authusergroups
45	Can add auth user user permissions	12	add_authuseruserpermissions
46	Can change auth user user permissions	12	change_authuseruserpermissions
47	Can delete auth user user permissions	12	delete_authuseruserpermissions
48	Can view auth user user permissions	12	view_authuseruserpermissions
49	Can add city	13	add_city
50	Can change city	13	change_city
51	Can delete city	13	delete_city
52	Can view city	13	view_city
53	Can add class table	14	add_classtable
54	Can change class table	14	change_classtable
55	Can delete class table	14	delete_classtable
56	Can view class table	14	view_classtable
57	Can add continent	15	add_continent
58	Can change continent	15	change_continent
59	Can delete continent	15	delete_continent
60	Can view continent	15	view_continent
61	Can add country	16	add_country
62	Can change country	16	change_country
63	Can delete country	16	delete_country
64	Can view country	16	view_country
65	Can add django admin log	17	add_djangoadminlog
66	Can change django admin log	17	change_djangoadminlog
67	Can delete django admin log	17	delete_djangoadminlog
68	Can view django admin log	17	view_djangoadminlog
69	Can add django content type	18	add_djangocontenttype
70	Can change django content type	18	change_djangocontenttype
71	Can delete django content type	18	delete_djangocontenttype
72	Can view django content type	18	view_djangocontenttype
73	Can add django migrations	19	add_djangomigrations
74	Can change django migrations	19	change_djangomigrations
75	Can delete django migrations	19	delete_djangomigrations
76	Can view django migrations	19	view_djangomigrations
77	Can add django session	20	add_djangosession
78	Can change django session	20	change_djangosession
79	Can delete django session	20	delete_djangosession
80	Can view django session	20	view_djangosession
81	Can add family table	21	add_familytable
82	Can change family table	21	change_familytable
83	Can delete family table	21	delete_familytable
84	Can view family table	21	view_familytable
85	Can add genus	22	add_genus
86	Can change genus	22	change_genus
87	Can delete genus	22	delete_genus
88	Can view genus	22	view_genus
89	Can add issue	23	add_issue
90	Can change issue	23	change_issue
91	Can delete issue	23	delete_issue
92	Can view issue	23	view_issue
93	Can add kingdom	24	add_kingdom
94	Can change kingdom	24	change_kingdom
95	Can delete kingdom	24	delete_kingdom
96	Can view kingdom	24	view_kingdom
97	Can add localization	25	add_localization
98	Can change localization	25	change_localization
99	Can delete localization	25	delete_localization
100	Can view localization	25	view_localization
101	Can add log	26	add_log
102	Can change log	26	change_log
103	Can delete log	26	delete_log
104	Can view log	26	view_log
105	Can add member of	27	add_memberof
106	Can change member of	27	change_memberof
107	Can delete member of	27	delete_memberof
108	Can view member of	27	view_memberof
109	Can add order table	28	add_ordertable
110	Can change order table	28	change_ordertable
111	Can delete order table	28	delete_ordertable
112	Can view order table	28	view_ordertable
113	Can add phylum	29	add_phylum
114	Can change phylum	29	change_phylum
115	Can delete phylum	29	delete_phylum
116	Can view phylum	29	view_phylum
117	Can add researcher	30	add_researcher
118	Can change researcher	30	change_researcher
119	Can delete researcher	30	delete_researcher
120	Can view researcher	30	view_researcher
121	Can add research group	31	add_researchgroup
122	Can change research group	31	change_researchgroup
123	Can delete research group	31	delete_researchgroup
124	Can view research group	31	view_researchgroup
125	Can add rights	32	add_rights
126	Can change rights	32	change_rights
127	Can delete rights	32	delete_rights
128	Can view rights	32	view_rights
129	Can add species	33	add_species
130	Can change species	33	change_species
131	Can delete species	33	delete_species
132	Can view species	33	view_species
133	Can add state table	34	add_statetable
134	Can change state table	34	change_statetable
135	Can delete state table	34	delete_statetable
136	Can view state table	34	view_statetable
137	Can add taxon	35	add_taxon
138	Can change taxon	35	change_taxon
139	Can delete taxon	35	delete_taxon
140	Can view taxon	35	view_taxon
141	Can add taxon hierarchy	36	add_taxonhierarchy
142	Can change taxon hierarchy	36	change_taxonhierarchy
143	Can delete taxon hierarchy	36	delete_taxonhierarchy
144	Can view taxon hierarchy	36	view_taxonhierarchy
145	Can add taxon sample	37	add_taxonsample
146	Can change taxon sample	37	change_taxonsample
147	Can delete taxon sample	37	delete_taxonsample
148	Can view taxon sample	37	view_taxonsample
149	Can add researched by	38	add_researchedby
150	Can change researched by	38	change_researchedby
151	Can delete researched by	38	delete_researchedby
152	Can view researched by	38	view_researchedby
153	Can add research issue	39	add_researchissue
154	Can change research issue	39	change_researchissue
155	Can delete research issue	39	delete_researchissue
156	Can view research issue	39	view_researchissue
157	Can add research	40	add_research
158	Can change research	40	change_research
159	Can delete research	40	delete_research
160	Can view research	40	view_research
\.


--
-- TOC entry 5237 (class 0 OID 17810)
-- Dependencies: 269
-- Data for Name: auth_user; Type: TABLE DATA; Schema: public; Owner: postgres
--

COPY public.auth_user (id, password, last_login, is_superuser, username, first_name, last_name, email, is_staff, is_active, date_joined) FROM stdin;
2	pbkdf2_sha256$870000$1ZoHogpxnrQ6mYQkGrsN04$yPERsufNY6j2Ntm6vivpx4U78/BFfPOrafUeiqN+vNY=	2024-09-23 22:34:35.220932-03	f	Luckandrey				f	t	2024-09-23 22:34:34.813093-03
1	pbkdf2_sha256$870000$SCvxhezwp6W3IWQf43jg4f$FA6DhbGfk+tRb4bGeBOUOPW0IjmgSbgi65QMGJ/CRjk=	2024-09-23 22:43:10.849139-03	t	mumu			barbie@gmail.com	t	t	2024-09-15 17:24:22.011766-03
3	pbkdf2_sha256$870000$ioIeDiOXs3oggZMXwS6EvU$da7uTiq6sB12iI474iG8ioZ5lHRtp9Q6RJDXv38Pzmc=	2024-09-23 22:46:55.892046-03	f	Edermauro				f	t	2024-09-23 22:43:57.302017-03
4	pbkdf2_sha256$870000$e2mumebotPPaJnQSm7D9AD$ZMaMd/r/GySmOhrAYheNZBNKtT9pZtvB99OqkW+LTvw=	2024-09-24 14:12:21.355622-03	f	Thiagobixa				f	t	2024-09-23 22:47:24.520865-03
5	pbkdf2_sha256$870000$lCFSdK6q4OEs1ZmEITtKwF$746D7CIPtwfgNiXu4jvAcRUYLOockjp2yKuQ+DjzqeQ=	2024-09-24 14:44:28.366885-03	f	kvice				f	t	2024-09-24 14:13:23.880022-03
6	pbkdf2_sha256$870000$QfvBQ3wmbo6C4uWynxlW0z$dVa2N5fSmX7rE0BWZ7FINhaUoijoGBat9BgZivN6I34=	2024-09-28 19:27:21.137794-03	f	Joaozinho				f	t	2024-09-24 14:45:01.016622-03
\.


--
-- TOC entry 5239 (class 0 OID 17818)
-- Dependencies: 271
-- Data for Name: auth_user_groups; Type: TABLE DATA; Schema: public; Owner: postgres
--

COPY public.auth_user_groups (id, user_id, group_id) FROM stdin;
\.


--
-- TOC entry 5241 (class 0 OID 17824)
-- Dependencies: 273
-- Data for Name: auth_user_user_permissions; Type: TABLE DATA; Schema: public; Owner: postgres
--

COPY public.auth_user_user_permissions (id, user_id, permission_id) FROM stdin;
\.


--
-- TOC entry 5192 (class 0 OID 17492)
-- Dependencies: 224
-- Data for Name: city; Type: TABLE DATA; Schema: public; Owner: postgres
--

COPY public.city (id, state_id, level2gid, city_name) FROM stdin;
1	1	BRA.14.19_2	Belém
2	2	BRA.10.59_2	Codó
3	2	BRA.10.52_2	Caxias
4	1	\N	Bragança
5	2	BRA.10.159_2	Rosário
6	1	\N	Cidade Desconhecida
7	2	BRA.10.5_2	Aldeias Altas
8	2	BRA.10.4_2	Alcântara
9	1	\N	Maracanã
10	2	BRA.14.134_2	Tomé-Açu
11	1	\N	Curuçá
12	1	\N	Marapanim
13	2	BRA.10.56_2	Centro Novo do Maranhão
14	4	\N	Jijoca de Jericoacoara
15	5	\N	Pontal do Paraná
16	2	BRA.10.93_2	Itinga do Maranhão
17	1	\N	Itaituba
18	1	\N	Salinópolis
19	2	BRA.10.184_2	São José de Ribamar
20	1	BRA.14.78_2	Nova Ipixuna
21	1	BRA.14.138_2	Tucuruí
22	1	BRA.14.59_2	Itupiranga
23	1	BRA.14.66_2	Marabá
24	1	\N	São João de Pirabas
25	1	BRA.14.16_2	Baião
26	1	BRA.14.39_2	Conceição do Araguaia
27	1	\N	Vitória do Xingú
28	1	BRA.14.27_2	Breu Branco
29	3	\N	Cidade Desconhecida
30	1	\N	Carajás
31	1	BRA.14.61_2	Jacundá
32	1	BRA.14.79_2	Nova Timboteua
33	1	BRA.14.142_2	Viseu
34	1	BRA.14.71_2	Melgaço
35	1	BRA.14.73_2	Moju
36	2	BRA.10.120_2	Mirinzal
37	1	BRA.14.89_2	Paragominas
38	2	BRA.10.47_2	Cândido Mendes
39	1	BRA.14.131_2	Tailândia
40	1	BRA.14.87_2	Pacajá
41	1	\N	Parauapebas
42	1	BRA.14.96_2	Portel
\.


--
-- TOC entry 5210 (class 0 OID 17640)
-- Dependencies: 242
-- Data for Name: class_table; Type: TABLE DATA; Schema: public; Owner: postgres
--

COPY public.class_table (id, class_key, class_name) FROM stdin;
1	\N	Desconhecido
2	255	Clitellata
3	256	Polychaeta
\.


--
-- TOC entry 5186 (class 0 OID 17457)
-- Dependencies: 218
-- Data for Name: continent; Type: TABLE DATA; Schema: public; Owner: postgres
--

COPY public.continent (id, continent_name) FROM stdin;
1	SOUTH_AMERICA
\.


--
-- TOC entry 5188 (class 0 OID 17466)
-- Dependencies: 220
-- Data for Name: country; Type: TABLE DATA; Schema: public; Owner: postgres
--

COPY public.country (id, continent_id, level0gid, country_name) FROM stdin;
1	1	BR	Brazil
\.


--
-- TOC entry 5243 (class 0 OID 17882)
-- Dependencies: 275
-- Data for Name: django_admin_log; Type: TABLE DATA; Schema: public; Owner: postgres
--

COPY public.django_admin_log (id, action_time, object_id, object_repr, action_flag, change_message, content_type_id, user_id) FROM stdin;
\.


--
-- TOC entry 5229 (class 0 OID 17782)
-- Dependencies: 261
-- Data for Name: django_content_type; Type: TABLE DATA; Schema: public; Owner: postgres
--

COPY public.django_content_type (id, app_label, model) FROM stdin;
1	admin	logentry
2	auth	permission
3	auth	group
4	auth	user
5	contenttypes	contenttype
6	sessions	session
7	CadmusApp	authgroup
8	CadmusApp	authgrouppermissions
9	CadmusApp	authpermission
10	CadmusApp	authuser
11	CadmusApp	authusergroups
12	CadmusApp	authuseruserpermissions
13	CadmusApp	city
14	CadmusApp	classtable
15	CadmusApp	continent
16	CadmusApp	country
17	CadmusApp	djangoadminlog
18	CadmusApp	djangocontenttype
19	CadmusApp	djangomigrations
20	CadmusApp	djangosession
21	CadmusApp	familytable
22	CadmusApp	genus
23	CadmusApp	issue
24	CadmusApp	kingdom
25	CadmusApp	localization
26	CadmusApp	log
27	CadmusApp	memberof
28	CadmusApp	ordertable
29	CadmusApp	phylum
30	CadmusApp	researcher
31	CadmusApp	researchgroup
32	CadmusApp	rights
33	CadmusApp	species
34	CadmusApp	statetable
35	CadmusApp	taxon
36	CadmusApp	taxonhierarchy
37	CadmusApp	taxonsample
38	CadmusApp	researchedby
39	CadmusApp	researchissue
40	CadmusApp	research
\.


--
-- TOC entry 5227 (class 0 OID 17774)
-- Dependencies: 259
-- Data for Name: django_migrations; Type: TABLE DATA; Schema: public; Owner: postgres
--

COPY public.django_migrations (id, app, name, applied) FROM stdin;
1	contenttypes	0001_initial	2024-09-15 17:00:50.239327-03
2	auth	0001_initial	2024-09-15 17:00:50.366128-03
3	admin	0001_initial	2024-09-15 17:00:50.398532-03
4	admin	0002_logentry_remove_auto_add	2024-09-15 17:00:50.405042-03
5	admin	0003_logentry_add_action_flag_choices	2024-09-15 17:00:50.411055-03
6	contenttypes	0002_remove_content_type_name	2024-09-15 17:00:50.431344-03
7	auth	0002_alter_permission_name_max_length	2024-09-15 17:00:50.439878-03
8	auth	0003_alter_user_email_max_length	2024-09-15 17:00:50.445399-03
9	auth	0004_alter_user_username_opts	2024-09-15 17:00:50.451399-03
10	auth	0005_alter_user_last_login_null	2024-09-15 17:00:50.456679-03
11	auth	0006_require_contenttypes_0002	2024-09-15 17:00:50.457679-03
12	auth	0007_alter_validators_add_error_messages	2024-09-15 17:00:50.461681-03
13	auth	0008_alter_user_username_max_length	2024-09-15 17:00:50.475781-03
14	auth	0009_alter_user_last_name_max_length	2024-09-15 17:00:50.481775-03
15	auth	0010_alter_group_name_max_length	2024-09-15 17:00:50.487287-03
16	auth	0011_update_proxy_permissions	2024-09-15 17:00:50.492289-03
17	auth	0012_alter_user_first_name_max_length	2024-09-15 17:00:50.496799-03
18	sessions	0001_initial	2024-09-15 17:00:50.52015-03
19	CadmusApp	0001_initial	2024-09-23 22:13:13.219806-03
\.


--
-- TOC entry 5244 (class 0 OID 17910)
-- Dependencies: 276
-- Data for Name: django_session; Type: TABLE DATA; Schema: public; Owner: postgres
--

COPY public.django_session (session_key, session_data, expire_date) FROM stdin;
8ly1ekpbwkt2xox6gner6lfkmuim04iz	.eJxVzM0OwiAQBOB34WwI_7t69O4zEGBBqqYkpT0Z392S9KDX-WbmzXzY1uq3nhc_Ebswx06_WQzpmecB9AjzvfHU5nWZIh8Vfmjnt0b5dT26fwc19DrWIKQuCQQSBaWwQIgWBaBMArJLgoCUcQZBFxTWlR21tGhcLufd2OcL0_g3Lg:1sufuL:3nWxl0AvtcxWWw0eWfTl8VtDb2iRDiQTxI1nKQTdCzM	2024-10-12 19:27:21.14785-03
\.


--
-- TOC entry 5214 (class 0 OID 17660)
-- Dependencies: 246
-- Data for Name: family_table; Type: TABLE DATA; Schema: public; Owner: postgres
--

COPY public.family_table (id, family_key, family_name) FROM stdin;
1	\N	Desconhecido
2	\N	Ocnerodrilidae
3	1980	Orbiniidae
4	2049	Eunicidae
5	2487	Terebellidae
6	3550	Cylicobdellidae
7	3567	Glossoscolecidae
8	3579	Aphroditidae
9	3580	Glyceridae
10	3588	Syllidae
11	3593	Magelonidae
12	3595	Spionidae
13	5752	Capitellidae
14	6960	Naididae
15	6964	Lumbriculidae
16	6969	Hesionidae
17	6972	Nereididae
18	6973	Phyllodocidae
19	7077	Pilargidae
20	7078	Polynoidae
21	7085	Sabellariidae
22	7086	Serpulidae
23	2316797	Nephtyidae
24	3267579	Octochaetidae
25	4288888	Eudrilidae
26	9272891	Rhinodrilidae
27	10732132	Melinnidae
\.


--
-- TOC entry 5216 (class 0 OID 17670)
-- Dependencies: 248
-- Data for Name: genus; Type: TABLE DATA; Schema: public; Owner: postgres
--

COPY public.genus (id, genus_key, genus_name) FROM stdin;
1	\N	Desconhecido
2	8959976	Dichogaster
3	8132035	Phyllodoce
4	7236645	Leodamas
5	7236626	Heteromastus
6	5431555	Wegeneriella
7	5198801	Sabellaria
8	4813886	Righiodrilus
9	4813844	Hyperiodrilus
10	4813824	Liodrilus
11	4813777	Turedrilus
12	4813693	Glossodrilus
13	4810393	Centropygos
14	3267625	Holoscolex
15	2328495	Hydroides
16	2326451	Phragmatopoma
17	2325688	Isolda
18	2325230	Loimia
19	2322157	Marphysa
20	2320997	Boccardiella
21	2320536	Magelona
22	2318072	Notomastus
23	2318045	Mediomastus
24	2318007	Capitella
25	2316914	Nephtys
26	2316799	Aglaophamus
27	2316659	Sigambra
28	2316367	Laeonereis
29	2316247	Neanthes
30	2315785	Ceratonereis
31	2315381	Alitta
32	2315332	Namalycastis
33	2314458	Chaetacanthus
34	2312506	Hemipodia
35	2312057	Eulalia
36	2311081	Aphrodita
37	2309126	Bonuania
38	2308798	Andiorrhinus
39	2308772	Diaguita
40	2308743	Diachaeta
41	2308740	Pontoscolex
42	2308106	Nereis
43	11036641	Urobenus
44	10944581	Rhinodrilus
45	10943108	Pontoscolex
46	10708099	Syllis
47	10395961	Benhamia
\.


--
-- TOC entry 5203 (class 0 OID 17596)
-- Dependencies: 235
-- Data for Name: issue; Type: TABLE DATA; Schema: public; Owner: postgres
--

COPY public.issue (id, issue_name) FROM stdin;
1	COORDINATE_ROUNDED
2	GEODETIC_DATUM_ASSUMED_WGS84
3	CONTINENT_COORDINATE_MISMATCH
4	PRESUMED_NEGATED_LONGITUDE
5	COLLECTION_MATCH_NONE
6	INSTITUTION_MATCH_FUZZY
7	TYPE_STATUS_INVALID
8	TAXON_MATCH_NONE
9	TAXON_MATCH_FUZZY
10	TAXON_MATCH_HIGHERRANK
\.


--
-- TOC entry 5206 (class 0 OID 17620)
-- Dependencies: 238
-- Data for Name: kingdom; Type: TABLE DATA; Schema: public; Owner: postgres
--

COPY public.kingdom (id, kingdom_key, kingdom_name) FROM stdin;
1	0	Insertae Sedis
2	1	Animalia
\.


--
-- TOC entry 5194 (class 0 OID 17506)
-- Dependencies: 226
-- Data for Name: localization; Type: TABLE DATA; Schema: public; Owner: postgres
--

COPY public.localization (id, city_id, localization_name, decimal_latitude, decimal_longitude) FROM stdin;
1	1	Mocambo	-1.440694	-48.411250
2	2	Fazenda Escola	-4.587222	-44.208611
3	3	Santa Tereza Village	-4.899722	-43.470833
4	4	Ilha de Canela	-0.785583	-46.722900
5	5	Rosário	-2.853972	-44.153167
6	4	Península Bragantina	-1.056639	-46.766760
7	6	Plataforma Continental do Amazonas	3.781700	-49.840417
8	7	Santa Tereza Village	-4.558333	-43.470833
9	8	Rio Grande	-2.423750	-44.425444
10	9	Ilha de Algodoal	-0.595031	-47.586960
11	6	Plataforma Continental do Amazonas	3.938833	-50.653333
12	10	Tomé-Açu	-2.394167	-48.164444
13	11	Curuça	-0.730746	-47.853393
14	3	Maranhão Federal Institute	-4.820833	-43.342222
15	3	Inhamum Protection Area	-4.890833	-43.420278
16	12	Praia de Marudá	0.584747	-47.734255
17	3	Inhamum Protection Area	-4.862500	-43.363889
18	4	Furo Grande	-1.737567	-50.588314
19	6	Plataforma Continental do Amazonas	3.135833	-48.449000
20	3	Maranhão Federal Institute	-4.904167	-43.472222
21	13	Reserva Biológica Gurupi	-4.042800	-46.906058
22	3	Santa Tereza Village	-4.891111	-43.425833
23	3	Maranhão Federal Institute	-4.821667	-43.342222
24	4	Praia de Ajuruteua	-0.817566	-46.613869
25	3	Maranhão Federal Institute	-4.821111	-43.340833
26	3	Santa Tereza Village	-4.904167	-43.472222
27	3	Maranhão Federal Institute	-4.818611	-43.343056
28	14	Parque Nacional de Jericoacoara	-2.808093	-40.495646
29	15	Praia do Miguel, Ilha do Mel	-25.558722	-48.302475
30	16	Rio dos Bois	-4.038889	-46.932778
31	3	Inhamum Protection Area	-4.861944	-43.363333
32	13	Assentamento Horizonte Azul	-4.042800	-46.906058
33	3	Maranhão Federal Institute	-4.827778	-43.342500
34	13	Marudá	-3.686322	-46.765706
35	6	Plataforma Continental do Amazonas	1.286333	-47.858333
36	17	Sede da Caramuru Alimentos S.A.	\N	\N
37	3	Inhamum Protection Area	-4.891111	-43.425556
38	3	Inhamum Protection Area	-4.887222	-43.425278
39	18	Praia de Salinas	-0.592742	-47.312529
40	19	Sitio Aguahy	-2.650528	-44.147056
41	6	Plataforma Continental do Amazonas	3.788933	-49.731833
42	6	Plataforma Continental do Amazonas	1.276600	-47.875000
43	20	Bacia Tocantins-Araguaia	-4.844456	-49.404489
44	21	Bacia Tocantins-Araguaia	-3.758347	-49.661350
45	22	Bacia Tocantins-Araguaia	-5.072692	-49.321008
46	23	Bacia Tocantins-Araguaia	-5.299603	-49.236994
47	24	Ilha Fortaleza	-0.647938	-47.227922
48	25	Bacia Tocantins-Araguaia	-3.360847	-49.634375
49	23	Bacia Tocantins-Araguaia	-5.337433	-49.206506
50	25	Bacia Tocantins-Araguaia	-2.852308	-49.682344
51	25	Bacia Tocantins-Araguaia	-3.031311	-49.647814
52	25	Bacia Tocantins-Araguaia	-3.260328	-49.650494
53	26	Bacia do do rio Araguaia (Tocantins-Araguaia)	-7.932194	-49.330528
54	25	Bacia Tocantins-Araguaia	-3.106706	-49.658372
55	25	Bacia Tocantins-Araguaia	-3.397125	-49.606553
56	20	Bacia Tocantins-Araguaia	-5.200178	-49.299075
57	25	Bacia Tocantins-Araguaia	-2.681600	-49.673692
58	25	Bacia Tocantins-Araguaia	-2.933386	-49.657156
59	27	Vitória do Xingú	-3.043404	-51.992358
60	22	Bacia Tocantins-Araguaia	-5.034233	-49.333678
61	21	Bacia Tocantins-Araguaia	-3.521753	-49.599589
62	28	Bacia Tocantins-Araguaia	-3.478192	-49.603642
63	22	Bacia Tocantins-Araguaia	-4.712928	-49.432431
64	25	Bacia Tocantins-Araguaia	-3.354336	-49.641586
65	25	Bacia Tocantins-Araguaia	-2.734381	-49.683808
66	25	Bacia Tocantins-Araguaia	-2.775358	-49.681561
67	21	Bacia Tocantins-Araguaia	-3.770853	-49.657769
68	22	Bacia Tocantins-Araguaia	-4.945464	-49.347533
69	23	Bacia Tocantins-Araguaia	-5.327128	-49.117889
70	26	Conceição do Araguaia	-7.978139	-49.510889
71	25	Bacia Tocantins-Araguaia	-2.704986	-49.666111
72	20	Bacia Tocantins-Araguaia	-5.128361	-49.317953
73	20	Bacia Tocantins-Araguaia	-5.255681	-49.262533
74	25	Bacia Tocantins-Araguaia	-3.275222	-49.648986
75	28	Bacia Tocantins-Araguaia	-3.507675	-49.594894
76	25	Bacia Tocantins-Araguaia	-3.335619	-49.648042
77	25	Bacia Tocantins-Araguaia	-2.983392	-49.649481
78	22	Bacia Tocantins-Araguaia	-4.896958	-49.409244
79	20	Bacia Tocantins-Araguaia	-5.173983	-49.314589
80	28	Bacia Tocantins-Araguaia	-3.553858	-49.610331
81	21	Bacia Tocantins-Araguaia	-3.649508	-49.661075
82	23	Bacia Tocantins-Araguaia	-5.351544	-49.153500
83	17	Rio Tapajós	-4.724154	-56.623487
84	29	Chapada dos Guimarães	-15.461591	-55.749866
85	30	Serra dos Carajás	-6.264322	-50.586603
86	31	2km sul de Jacundá	-4.755556	-49.188333
87	5	São Pedro	-2.851111	-44.147778
88	6	inderterminado	\N	\N
89	6	Canoal, 35 km sul de Tucuruí	\N	\N
90	6	Rio Tocantins	-4.009941	-49.760458
91	8	Ilha de Livramento	-2.425861	-44.422417
92	8	Ilha de Livramento	-2.423750	-44.425444
93	21	Tucuruí	-3.766944	-49.667222
94	5	Roça da Nelma	-2.853972	-44.153167
95	5	inderterminado	-2.818139	-44.138972
96	6	Ilha das cobras	\N	\N
97	13	Reserva Biológica Gurupi	-3.683261	-46.767078
98	13	Vila Canãa	-4.042800	-46.906058
99	13	Reserva Biológica Gurupi	-3.686322	-46.765706
100	13	Reserva Biológica Gurupi	-3.690242	-46.753600
101	13	Reserva Biológica Gurupi	-3.680575	-46.770264
102	13	Reserva Biológica Gurupi	-3.686586	-46.759697
103	8	Espera	-2.367028	-44.444528
104	13	Reserva Biológica Gurupi	-3.690886	-46.751919
105	8	Ilha de Livramento	-2.417556	-44.422278
106	13	Reserva Biológica Gurupi	-3.687875	-46.759650
107	13	Reserva Biológica Gurupi	-3.688981	-46.766989
108	32	Base do 2o BIS	-1.181039	-47.370589
109	8	Cajueiro	-2.351564	-44.450292
110	33	São José do Gurupi	-1.571358	-46.271828
111	34	Flona Caxiuanã	-1.803333	-50.717500
112	35	Estação Experimental Embrapa	-2.298611	-48.773333
113	36	Fazenda Mundinho	-2.115800	-44.846669
114	36	Fazenda Mundinho	-2.105600	-44.841489
115	32	Base do 2o BIS	-1.186219	-47.367600
116	33	São José do Gurupi	-1.587758	-46.277889
117	37	Fazenda Vitória	-2.980208	-47.407939
118	33	São José do Gurupi	-1.567308	-46.279828
119	33	São José do Gurupi	-1.595600	-46.282258
120	13	REBIO do Gurupi -  NORTE	-3.681919	-46.770900
121	38	Fazenda 7 irmãos	-1.863469	-45.760839
122	13	REBIO do Gurupi -  Sul	-3.921508	-46.762900
123	39	Fazenda Marupiara	-2.793986	-48.545394
124	38	Fazenda 7 irmãos	-1.861019	-45.747219
125	35	Estação Experimental Embrapa	-2.169728	-48.796608
126	20	Fazenda Capixaba	-4.844969	-49.237869
127	35	Estação Experimental Embrapa	-2.195658	-48.794108
128	35	Estação Experimental Embrapa	-2.186789	-48.793650
129	39	Fazenda Marupiara	-2.803678	-48.528169
130	35	Estação Experimental Embrapa	-2.169731	-48.796608
131	35	Estação Experimental Embrapa	-2.178200	-48.793650
132	38	Fazenda 7 irmãos	-1.864308	-45.738878
133	20	Fazenda Capixaba	-4.854758	-49.234450
134	37	Fazenda Vitória	-2.983078	-47.425558
135	39	Fazenda Marupiara	-2.793986	-48.545397
136	13	REBIO do Gurupi -  NORTE	-3.685539	-46.762789
137	6	indeterminado	\N	\N
138	40	indeterminado	-3.705833	-51.035000
139	41	indeterminado	-5.849722	-49.865556
140	36	Fazenda Mundinho	-2.118108	-44.825508
141	20	indeterminado	-4.806111	-49.317778
142	38	Fazenda 7 irmãos	-1.856708	-45.755469
143	11	Ilha de Areuá - estuário do Rio Curuçá	-0.586119	-47.846192
144	20	inderterminado	-4.806111	-49.317778
145	41	inderterminado	-5.849722	-49.865556
146	6	Rio Maró, Nova Canaã	\N	\N
147	20	inderterminado	-4.806111	-4.931778
148	20	Lote Josias	-4.806111	-49.317778
149	40	Lote Egmar	-3.705833	-51.035000
150	40	Lote Groselha	-3.705833	-51.035000
151	34	Caxiuanã, ECFP	-1.736933	-51.454931
152	41	Lote Mearin	-5.849722	-49.865556
153	1	MPEG Campus de pesquisa	-1.450889	-48.443944
154	42	Caxiuanã, PPBio project, A transect	-1.960217	-51.618897
155	41	Palmares-Lote Baianinho	-5.849722	-49.865556
156	40	Lote Domingos Ferro	-3.705833	-51.035000
157	20	Maçaranduba-Lote Josias	-4.806111	-49.317778
158	41	Palmares-Lote Mearim	-5.849722	-49.865556
159	40	Lote Luis Merenda	-3.705833	-51.035000
160	20	Maçaranduba-Lote Geni	-4.806111	-49.317778
161	20	Maçaranduba-Lote Riva	-4.806111	-49.317778
162	20	Maçaranduba-Lote Galbão	-4.806111	-49.317778
163	20	Maçaranduba-Lote Joaquina	-4.806111	-49.317778
164	20	Maçaranduba-Lote Zé Rondon	-4.806111	-49.317778
165	20	Maçaranduba-Lote Jurandir	-4.806111	-49.317778
166	20	Maçaranduba	-4.806111	-49.317778
167	20	Palmares-Lote Mearim	-4.806111	-49.317778
\.


--
-- TOC entry 5225 (class 0 OID 17763)
-- Dependencies: 257
-- Data for Name: log; Type: TABLE DATA; Schema: public; Owner: postgres
--

COPY public.log (id, event_type, user_name, event_description, dataset_key, protocol, event_date, last_parsed) FROM stdin;
\.


--
-- TOC entry 5199 (class 0 OID 17537)
-- Dependencies: 231
-- Data for Name: member_of; Type: TABLE DATA; Schema: public; Owner: postgres
--

COPY public.member_of (researcher_id, group_id, researcher_role) FROM stdin;
\.


--
-- TOC entry 5212 (class 0 OID 17650)
-- Dependencies: 244
-- Data for Name: order_table; Type: TABLE DATA; Schema: public; Owner: postgres
--

COPY public.order_table (id, order_key, order_name) FROM stdin;
1	\N	Desconhecido
2	472	Haplotaxida
3	473	Lumbriculida
4	865	Eunicida
5	1077	Arhynchobdellida
6	1079	Phyllodocida
7	1080	Sabellida
8	5958860	Crassiclitellata
9	11341167	Tubificida
\.


--
-- TOC entry 5208 (class 0 OID 17630)
-- Dependencies: 240
-- Data for Name: phylum; Type: TABLE DATA; Schema: public; Owner: postgres
--

COPY public.phylum (id, phylum_key, phylum_name) FROM stdin;
1	\N	Desconhecido
2	42	Annelida
\.


--
-- TOC entry 5200 (class 0 OID 17551)
-- Dependencies: 232
-- Data for Name: research; Type: TABLE DATA; Schema: public; Owner: postgres
--

COPY public.research (gbifid, research_groupid, license_rights, collection_code, ocurrenceid, basis_of_record, ocurrence_status, preparations, event_date, event_remarks, publishing_country, localization_id) FROM stdin;
2365686427	\N	1	ANL	MPEG.ANL 001101	PRESERVED_SPECIMEN	PRESENT	Etanol - 3	2017-08-30	\N	1	1
2365686418	\N	1	ANL	MPEG.ANL 001596	PRESERVED_SPECIMEN	PRESENT	Etanol - 1	2018-08-15	\N	1	2
2365686416	\N	1	ANL	MPEG.ANL 001635	PRESERVED_SPECIMEN	PRESENT	Etanol - 1	2019-02-12	\N	1	3
2365686414	\N	1	ANL	MPEG.ANL 001031	PRESERVED_SPECIMEN	PRESENT	Etanol - 1	2017-08-30	\N	1	1
2365686412	\N	1	ANL	MPEG.ANL 001036	PRESERVED_SPECIMEN	PRESENT	Etanol - 17	2017-08-30	\N	1	1
2365686409	\N	1	ANL	MPEG.ANL 000595	PRESERVED_SPECIMEN	PRESENT	Líquido - 2	2008-11-01	Material doado Laboratório de Oceanografia Biológica/UFPA	1	4
2365686408	\N	1	ANL	MPEG.ANL 001568	PRESERVED_SPECIMEN	PRESENT	Etanol - 1	2017-04-15	\N	1	5
2365686407	\N	1	ANL	MPEG.ANL 000622	PRESERVED_SPECIMEN	PRESENT	Líquido - 2	2008-11-01	Material doado Laboratório de Oceanografia Biológica/UFPA	1	6
2365686406	\N	1	ANL	MPEG.ANL 001090	PRESERVED_SPECIMEN	PRESENT	Etanol - 1	2017-08-30	\N	1	1
2365686405	\N	1	ANL	MPEG.ANL 001083	PRESERVED_SPECIMEN	PRESENT	Etanol - 3	2017-08-30	\N	1	1
2365686403	\N	1	ANL	MPEG.ANL 001137	PRESERVED_SPECIMEN	PRESENT	EtOH - 1	2016-09-05	Amazôna Azul	1	7
2365686397	\N	1	ANL	MPEG.ANL 001045	PRESERVED_SPECIMEN	PRESENT	Etanol - 3	2017-08-30	\N	1	1
2365686396	\N	1	ANL	MPEG.ANL 001001	PRESERVED_SPECIMEN	PRESENT	Etanol - 37	2017-08-30	\N	1	1
2365686394	\N	1	ANL	MPEG.ANL 001595	PRESERVED_SPECIMEN	PRESENT	Etanol - 1	2018-08-15	\N	1	2
2365686393	\N	1	ANL	MPEG.ANL 001056	PRESERVED_SPECIMEN	PRESENT	Etanol - 1	2017-08-30	\N	1	1
2365686392	\N	1	ANL	MPEG.ANL 000619	PRESERVED_SPECIMEN	PRESENT	Líquido - 3	2008-11-01	Material doado Laboratório de Oceanografia Biológica/UFPA	1	4
2365686391	\N	1	ANL	MPEG.ANL 001629	PRESERVED_SPECIMEN	PRESENT	Etanol - 1	2019-02-12	\N	1	8
2365686390	\N	1	ANL	MPEG.ANL 001593	PRESERVED_SPECIMEN	PRESENT	Etanol - 1	2018-08-15	\N	1	2
2365686389	\N	1	ANL	MPEG.ANL 001569	PRESERVED_SPECIMEN	PRESENT	Etanol - 1	2017-04-15	\N	1	5
2365686388	\N	1	ANL	MPEG.ANL 001009	PRESERVED_SPECIMEN	PRESENT	Etanol - 3	2017-08-30	\N	1	1
2365686387	\N	1	ANL	MPEG.ANL 001609	PRESERVED_SPECIMEN	PRESENT	Etanol - 1	2018-08-15	\N	1	2
2365686386	\N	1	ANL	MPEG.ANL 000724	PRESERVED_SPECIMEN	PRESENT	Líquido - 1	2008-11-01	Material doado Laboratório de Oceanografia Biológica/UFPA	1	6
2365686385	\N	1	ANL	MPEG.ANL 001034	PRESERVED_SPECIMEN	PRESENT	Etanol - 1	2017-08-30	\N	1	1
2365686384	\N	1	ANL	MPEG.ANL 000603	PRESERVED_SPECIMEN	PRESENT	Líquido - 2	2008-11-01	Material doado Laboratório de Oceanografia Biológica/UFPA	1	4
2365686382	\N	1	ANL	MPEG.ANL 000628	PRESERVED_SPECIMEN	PRESENT	Líquido - 1	2008-11-01	Material doado Laboratório de Oceanografia Biológica/UFPA	1	6
2365686381	\N	1	ANL	MPEG.ANL 001104	PRESERVED_SPECIMEN	PRESENT	Etanol - 4	2017-08-30	\N	1	1
2365686380	\N	1	ANL	MPEG.ANL 001567	PRESERVED_SPECIMEN	PRESENT	Etanol - 1	2017-04-15	\N	1	9
2365686379	\N	1	ANL	MPEG.ANL 001005	PRESERVED_SPECIMEN	PRESENT	Etanol - 4	2017-08-30	\N	1	1
2365686377	\N	1	ANL	MPEG.ANL 001097	PRESERVED_SPECIMEN	PRESENT	Etanol - 4	2017-08-30	\N	1	1
2365686376	\N	1	ANL	MPEG.ANL 001113	PRESERVED_SPECIMEN	PRESENT	Etanol - 1	2017-08-30	\N	1	1
2365686375	\N	1	ANL	MPEG.ANL 000713	PRESERVED_SPECIMEN	PRESENT	Líquido - 11	2008-11-01	Material doado Laboratório de Oceanografia Biológica/UFPA	1	6
2365686373	\N	1	ANL	MPEG.ANL 000624	PRESERVED_SPECIMEN	PRESENT	Líquido - 1	2008-11-01	Material doado Laboratório de Oceanografia Biológica/UFPA	1	10
2365686370	\N	1	ANL	MPEG.ANL 001114	PRESERVED_SPECIMEN	PRESENT	Etanol - 10	2017-08-30	\N	1	1
2365686369	\N	1	ANL	MPEG.ANL 001140	PRESERVED_SPECIMEN	PRESENT	EtOH - 1	2015-12-06	Amazôna Azul	1	11
2365686367	\N	1	ANL	MPEG.ANL 001078	PRESERVED_SPECIMEN	PRESENT	Etanol - 4	2017-08-30	\N	1	1
2365686366	\N	1	ANL	MPEG.ANL 001644	PRESERVED_SPECIMEN	PRESENT	Etanol - 1	2019-02-12	\N	1	8
2365686364	\N	1	ANL	MPEG.ANL 001061	PRESERVED_SPECIMEN	PRESENT	Etanol - 2	2017-08-30	\N	1	1
2365686362	\N	1	ANL	MPEG.ANL 001093	PRESERVED_SPECIMEN	PRESENT	Etanol - 2	2017-08-30	\N	1	1
2365686360	\N	1	ANL	MPEG.ANL 001561	PRESERVED_SPECIMEN	PRESENT	Etanol - 1	2017-06-04	\N	1	2
2365686359	\N	1	ANL	MPEG.ANL 001562	PRESERVED_SPECIMEN	PRESENT	Etanol - 1	2011-07-15	\N	1	12
2365686358	\N	1	ANL	MPEG.ANL 001059	PRESERVED_SPECIMEN	PRESENT	Etanol - 22	2017-08-30	\N	1	1
2365686356	\N	1	ANL	MPEG.ANL 001597	PRESERVED_SPECIMEN	PRESENT	Etanol - 1	2018-08-15	\N	1	2
2365686355	\N	1	ANL	MPEG.ANL 000650	PRESERVED_SPECIMEN	PRESENT	Líquido - 1	2005-01-01	Material doado Laboratório de Oceanografia Biológica/UFPA; Projeto RECOS – Instituto do Milênio	1	13
2365686354	\N	1	ANL	MPEG.ANL 000623	PRESERVED_SPECIMEN	PRESENT	Líquido - 1	2008-11-01	Material doado Laboratório de Oceanografia Biológica/UFPA	1	10
2365686353	\N	1	ANL	MPEG.ANL 001110	PRESERVED_SPECIMEN	PRESENT	Etanol - 3	2017-08-30	\N	1	1
2365686347	\N	1	ANL	MPEG.ANL 000648	PRESERVED_SPECIMEN	PRESENT	Líquido - 1	2005-01-01	Material doado Laboratório de Oceanografia Biológica/UFPA; Projeto RECOS – Instituto do Milênio	1	13
2365686346	\N	1	ANL	MPEG.ANL 001012	PRESERVED_SPECIMEN	PRESENT	Etanol - 1	2017-08-30	\N	1	1
2365686343	\N	1	ANL	MPEG.ANL 001050	PRESERVED_SPECIMEN	PRESENT	Etanol - 1	2017-08-30	\N	1	1
2365686340	\N	1	ANL	MPEG.ANL 001054	PRESERVED_SPECIMEN	PRESENT	Etanol - 3	2017-08-30	\N	1	1
2365686339	\N	1	ANL	MPEG.ANL 001109	PRESERVED_SPECIMEN	PRESENT	Etanol - 7	2017-08-30	\N	1	1
2365686338	\N	1	ANL	MPEG.ANL 001611	PRESERVED_SPECIMEN	PRESENT	Etanol - 1	2018-08-15	\N	1	2
2365686337	\N	1	ANL	MPEG.ANL 001652	PRESERVED_SPECIMEN	PRESENT	Etanol - 12	2019-02-12	\N	1	14
2365686336	\N	1	ANL	MPEG.ANL 001649	PRESERVED_SPECIMEN	PRESENT	Etanol - 4	2019-02-12	\N	1	15
2365686332	\N	1	ANL	MPEG.ANL 001605	PRESERVED_SPECIMEN	PRESENT	Etanol - 1	2018-08-15	\N	1	2
2365686331	\N	1	ANL	MPEG.ANL 001021	PRESERVED_SPECIMEN	PRESENT	Etanol - 2	2017-08-30	\N	1	1
2365686330	\N	1	ANL	MPEG.ANL 001084	PRESERVED_SPECIMEN	PRESENT	Etanol - 4	2017-08-30	\N	1	1
2365686328	\N	1	ANL	MPEG.ANL 000717	PRESERVED_SPECIMEN	PRESENT	Líquido - 5	2008-11-01	Material doado Laboratório de Oceanografia Biológica/UFPA	1	16
2365686325	\N	1	ANL	MPEG.ANL 000599	PRESERVED_SPECIMEN	PRESENT	Líquido - 3	2008-11-01	Material doado Laboratório de Oceanografia Biológica/UFPA	1	4
2365686324	\N	1	ANL	MPEG.ANL 001107	PRESERVED_SPECIMEN	PRESENT	Etanol - 1	2017-08-30	\N	1	1
2365686320	\N	1	ANL	MPEG.ANL 001647	PRESERVED_SPECIMEN	PRESENT	Etanol - 5	2019-02-12	\N	1	17
2365686318	\N	1	ANL	MPEG.ANL 001051	PRESERVED_SPECIMEN	PRESENT	Etanol - 1	2017-08-30	\N	1	1
2365686317	\N	1	ANL	MPEG.ANL 001088	PRESERVED_SPECIMEN	PRESENT	Etanol - 1	2017-08-30	\N	1	1
2365686316	\N	1	ANL	MPEG.ANL 001570	PRESERVED_SPECIMEN	PRESENT	Etanol - 1	2017-04-15	\N	1	5
2365686311	\N	1	ANL	MPEG.ANL 001065	PRESERVED_SPECIMEN	PRESENT	Etanol - 1	2017-08-30	\N	1	1
2365686308	\N	1	ANL	MPEG.ANL 000719	PRESERVED_SPECIMEN	PRESENT	Líquido - 2	2008-11-01	Material doado Laboratório de Oceanografia Biológica/UFPA	1	6
2365686307	\N	1	ANL	MPEG.ANL 000594	PRESERVED_SPECIMEN	PRESENT	Líquido - 14	2009-04-01	Material doado Laboratório de Oceanografia Biológica/UFPA	1	18
2365686304	\N	1	ANL	MPEG.ANL 000714	PRESERVED_SPECIMEN	PRESENT	Líquido - 1	2008-11-01	Material doado Laboratório de Oceanografia Biológica/UFPA	1	16
2365686303	\N	1	ANL	MPEG.ANL 001053	PRESERVED_SPECIMEN	PRESENT	Etanol - 4	2017-08-30	\N	1	1
2365686200	\N	1	ANL	MPEG.ANL 000702	PRESERVED_SPECIMEN	PRESENT	Líquido - 2	2008-11-01	Material doado Laboratório de Oceanografia Biológica/UFPA	1	4
2365686199	\N	1	ANL	MPEG.ANL 001135	PRESERVED_SPECIMEN	PRESENT	EtOH - 1	2016-06-25	Amazôna Azul	1	19
2365686198	\N	1	ANL	MPEG.ANL 001085	PRESERVED_SPECIMEN	PRESENT	Etanol - 5	2017-08-30	\N	1	1
2365686193	\N	1	ANL	MPEG.ANL 000651	PRESERVED_SPECIMEN	PRESENT	Líquido - 1	2005-01-01	Material doado Laboratório de Oceanografia Biológica/UFPA; Projeto RECOS – Instituto do Milênio	1	13
2365686192	\N	1	ANL	MPEG.ANL 001566	PRESERVED_SPECIMEN	PRESENT	Etanol - 1	2017-04-15	\N	1	9
2365686191	\N	1	ANL	MPEG.ANL 001571	PRESERVED_SPECIMEN	PRESENT	Etanol - 1	2017-04-15	\N	1	5
2365686190	\N	1	ANL	MPEG.ANL 000725	PRESERVED_SPECIMEN	PRESENT	Líquido - 3	2008-11-01	Material doado Laboratório de Oceanografia Biológica/UFPA	1	4
2365686189	\N	1	ANL	MPEG.ANL 001661	PRESERVED_SPECIMEN	PRESENT	Etanol - 2	2019-02-12	\N	1	20
2365686187	\N	1	ANL	MPEG.ANL 001615	PRESERVED_SPECIMEN	PRESENT	Etanol - 1	2017-04-15	\N	1	21
2365686184	\N	1	ANL	MPEG.ANL 001637	PRESERVED_SPECIMEN	PRESENT	Etanol - 1	2019-02-12	\N	1	22
2365686180	\N	1	ANL	MPEG.ANL 001651	PRESERVED_SPECIMEN	PRESENT	Etanol - 2	2019-02-12	\N	1	23
2365686177	\N	1	ANL	MPEG.ANL 001624	PRESERVED_SPECIMEN	PRESENT	Etanol - 6	2019-02-12	\N	1	22
2365686175	\N	1	ANL	MPEG.ANL 001092	PRESERVED_SPECIMEN	PRESENT	Etanol - 6	2017-08-30	\N	1	1
2365686174	\N	1	ANL	MPEG.ANL 001004	PRESERVED_SPECIMEN	PRESENT	Etanol - 5	2017-08-30	\N	1	1
2365686173	\N	1	ANL	MPEG.ANL 001008	PRESERVED_SPECIMEN	PRESENT	Etanol - 1	2017-08-30	\N	1	1
2365686171	\N	1	ANL	MPEG.ANL 001116	PRESERVED_SPECIMEN	PRESENT	Etanol - 2	2017-08-30	\N	1	1
2365686165	\N	1	ANL	MPEG.ANL 001074	PRESERVED_SPECIMEN	PRESENT	Etanol - 3	2017-08-30	\N	1	1
2365686160	\N	1	ANL	MPEG.ANL 001094	PRESERVED_SPECIMEN	PRESENT	Etanol - 1	2017-08-30	\N	1	1
2365686158	\N	1	ANL	MPEG.ANL 000723	PRESERVED_SPECIMEN	PRESENT	Líquido - 1	2008-11-01	Material doado Laboratório de Oceanografia Biológica/UFPA; Projeto RECOS – Instituto do Milênio	1	24
2365686157	\N	1	ANL	MPEG.ANL 001622	PRESERVED_SPECIMEN	PRESENT	Etanol - 1	2019-02-12	\N	1	3
2365686154	\N	1	ANL	MPEG.ANL 001653	PRESERVED_SPECIMEN	PRESENT	Etanol - 7	2019-02-12	\N	1	25
2365686151	\N	1	ANL	MPEG.ANL 000607	PRESERVED_SPECIMEN	PRESENT	Líquido - 1	2008-11-01	Material doado Laboratório de Oceanografia Biológica/UFPA	1	6
2365686149	\N	1	ANL	MPEG.ANL 001630	PRESERVED_SPECIMEN	PRESENT	Etanol - 3	2019-02-12	\N	1	20
2365686148	\N	1	ANL	MPEG.ANL 001617	PRESERVED_SPECIMEN	PRESENT	Etanol - 1	2017-04-15	\N	1	21
2365686145	\N	1	ANL	MPEG.ANL 001133	PRESERVED_SPECIMEN	PRESENT	Etanol - 1	2017-08-30	\N	1	1
2365686144	\N	1	ANL	MPEG.ANL 000616	PRESERVED_SPECIMEN	PRESENT	Líquido - 3	2008-11-01	Material doado Laboratório de Oceanografia Biológica/UFPA	1	6
2365686139	\N	1	ANL	MPEG.ANL 001655	PRESERVED_SPECIMEN	PRESENT	Etanol - 2	2019-02-12	\N	1	26
2365686135	\N	1	ANL	MPEG.ANL 001115	PRESERVED_SPECIMEN	PRESENT	Etanol - 2	2017-08-30	\N	1	1
2365686133	\N	1	ANL	MPEG.ANL 000618	PRESERVED_SPECIMEN	PRESENT	Líquido - 6	2008-11-01	Material doado Laboratório de Oceanografia Biológica/UFPA	1	4
2365686132	\N	1	ANL	MPEG.ANL 000706	PRESERVED_SPECIMEN	PRESENT	Líquido - 1	2008-11-01	Material doado Laboratório de Oceanografia Biológica/UFPA	1	10
2365686129	\N	1	ANL	MPEG.ANL 001030	PRESERVED_SPECIMEN	PRESENT	Etanol - 4	2017-08-30	\N	1	1
2365686128	\N	1	ANL	MPEG.ANL 001049	PRESERVED_SPECIMEN	PRESENT	Etanol - 1	2017-08-30	\N	1	1
2365686125	\N	1	ANL	MPEG.ANL 001022	PRESERVED_SPECIMEN	PRESENT	Etanol - 2	2017-08-30	\N	1	1
2365686124	\N	1	ANL	MPEG.ANL 001043	PRESERVED_SPECIMEN	PRESENT	Etanol - 6	2017-08-30	\N	1	1
2365686123	\N	1	ANL	MPEG.ANL 001035	PRESERVED_SPECIMEN	PRESENT	Etanol - 11	2017-08-30	\N	1	1
2365686117	\N	1	ANL	MPEG.ANL 001112	PRESERVED_SPECIMEN	PRESENT	Etanol - 3	2017-08-30	\N	1	1
2365686116	\N	1	ANL	MPEG.ANL 001654	PRESERVED_SPECIMEN	PRESENT	Etanol - 3	2019-02-12	\N	1	27
2365686115	\N	1	ANL	MPEG.ANL 000600	PRESERVED_SPECIMEN	PRESENT	Líquido - 4	2008-11-01	Material doado Laboratório de Oceanografia Biológica/UFPA	1	6
2365686113	\N	1	ANL	MPEG.ANL 000589	PRESERVED_SPECIMEN	PRESENT	Líquido - 27	2008-11-01	Material doado Laboratório de Oceanografia Biológica/UFPA	1	10
2365686111	\N	1	ANL	MPEG.ANL 001631	PRESERVED_SPECIMEN	PRESENT	Etanol - 2	2019-02-12	\N	1	20
2365686110	\N	1	ANL	MPEG.ANL 001623	PRESERVED_SPECIMEN	PRESENT	Etanol - 1	2019-02-12	\N	1	22
2365686106	\N	1	ANL	MPEG.ANL 000625	PRESERVED_SPECIMEN	PRESENT	Líquido - 1	2008-11-01	Material doado Laboratório de Oceanografia Biológica/UFPA	1	6
2365686105	\N	1	ANL	MPEG.ANL 001033	PRESERVED_SPECIMEN	PRESENT	Etanol - 1	2017-08-30	\N	1	1
2365686103	\N	1	ANL	MPEG.ANL 000588	PRESERVED_SPECIMEN	PRESENT	Líquido - 100	2008-11-01	Material doado Laboratório de Oceanografia Biológica/UFPA	1	6
2365686100	\N	1	ANL	MPEG.ANL 000617	PRESERVED_SPECIMEN	PRESENT	Líquido - 1	2008-11-01	Material doado Laboratório de Oceanografia Biológica/UFPA	1	10
2365686098	\N	1	ANL	MPEG.ANL 001557	PRESERVED_SPECIMEN	PRESENT	NULL	2018-02-01	Recifes Arenosos	1	28
2365686094	\N	1	ANL	MPEG.ANL 001563	PRESERVED_SPECIMEN	PRESENT	Etanol - 1	2011-07-15	\N	1	12
2365686088	\N	1	ANL	MPEG.ANL 001640	PRESERVED_SPECIMEN	PRESENT	Etanol - 1	2019-02-12	\N	1	3
2365686087	\N	1	ANL	MPEG.ANL 001556	PRESERVED_SPECIMEN	PRESENT	EtOH	2012-01-10	\N	1	29
2365686085	\N	1	ANL	MPEG.ANL 000608	PRESERVED_SPECIMEN	PRESENT	Líquido - 2	2008-11-01	Material doado Laboratório de Oceanografia Biológica/UFPA	1	6
2365686083	\N	1	ANL	MPEG.ANL 001589	PRESERVED_SPECIMEN	PRESENT	Etanol - 1	2017-04-15	\N	1	30
2365686081	\N	1	ANL	MPEG.ANL 001015	PRESERVED_SPECIMEN	PRESENT	Etanol - 14	2017-08-30	\N	1	1
2365686079	\N	1	ANL	MPEG.ANL 001042	PRESERVED_SPECIMEN	PRESENT	Etanol - 24	2017-08-30	\N	1	1
2365686078	\N	1	ANL	MPEG.ANL 001102	PRESERVED_SPECIMEN	PRESENT	Etanol - 1	2017-08-30	\N	1	1
2365686077	\N	1	ANL	MPEG.ANL 001010	PRESERVED_SPECIMEN	PRESENT	Etanol - 1	2017-08-30	\N	1	1
2365686076	\N	1	ANL	MPEG.ANL 001103	PRESERVED_SPECIMEN	PRESENT	Etanol - 1	2017-08-30	\N	1	1
2365686074	\N	1	ANL	MPEG.ANL 001032	PRESERVED_SPECIMEN	PRESENT	Etanol - 6	2017-08-30	\N	1	1
2365686070	\N	1	ANL	MPEG.ANL 000630	PRESERVED_SPECIMEN	PRESENT	Líquido - 1	2008-11-01	Material doado Laboratório de Oceanografia Biológica/UFPA	1	10
2365686066	\N	1	ANL	MPEG.ANL 001066	PRESERVED_SPECIMEN	PRESENT	Etanol - 1	2017-08-30	\N	1	1
2365686065	\N	1	ANL	MPEG.ANL 000597	PRESERVED_SPECIMEN	PRESENT	Líquido - 20	2009-04-01	Material doado Laboratório de Oceanografia Biológica/UFPA; Projeto RECOS – Instituto do Milênio	1	24
2365686061	\N	1	ANL	MPEG.ANL 001136	PRESERVED_SPECIMEN	PRESENT	EtOH - 1	2016-09-05	Amazôna Azul	1	7
2365686058	\N	1	ANL	MPEG.ANL 001120	PRESERVED_SPECIMEN	PRESENT	Etanol - 1	2017-08-30	\N	1	1
2365686056	\N	1	ANL	MPEG.ANL 001645	PRESERVED_SPECIMEN	PRESENT	Etanol - 2	2019-02-12	\N	1	31
2365686052	\N	1	ANL	MPEG.ANL 001095	PRESERVED_SPECIMEN	PRESENT	Etanol - 1	2017-08-30	\N	1	1
2365686049	\N	1	ANL	MPEG.ANL 001106	PRESERVED_SPECIMEN	PRESENT	Etanol - 1	2017-08-30	\N	1	1
2365686044	\N	1	ANL	MPEG.ANL 001087	PRESERVED_SPECIMEN	PRESENT	Etanol - 1	2017-08-30	\N	1	1
2365686040	\N	1	ANL	MPEG.ANL 001062	PRESERVED_SPECIMEN	PRESENT	Etanol - 1	2017-08-30	\N	1	1
2365686036	\N	1	ANL	MPEG.ANL 000601	PRESERVED_SPECIMEN	PRESENT	Líquido - 4	2008-11-01	Material doado Laboratório de Oceanografia Biológica/UFPA	1	16
2365686034	\N	1	ANL	MPEG.ANL 000649	PRESERVED_SPECIMEN	PRESENT	Líquido - 1	2005-01-01	Material doado Laboratório de Oceanografia Biológica/UFPA; Projeto RECOS – Instituto do Milênio	1	13
2365686023	\N	1	ANL	MPEG.ANL 001572	PRESERVED_SPECIMEN	PRESENT	Etanol - 1	2017-04-15	\N	1	5
2365686021	\N	1	ANL	MPEG.ANL 000609	PRESERVED_SPECIMEN	PRESENT	Líquido - 82	2008-11-01	Material doado Laboratório de Oceanografia Biológica/UFPA	1	10
2365686020	\N	1	ANL	MPEG.ANL 001068	PRESERVED_SPECIMEN	PRESENT	Etanol - 1	2017-08-30	\N	1	1
2365686019	\N	1	ANL	MPEG.ANL 001069	PRESERVED_SPECIMEN	PRESENT	Etanol - 3	2017-08-30	\N	1	1
2365686018	\N	1	ANL	MPEG.ANL 001132	PRESERVED_SPECIMEN	PRESENT	Etanol - 8	2017-08-30	\N	1	1
2365686016	\N	1	ANL	MPEG.ANL 001018	PRESERVED_SPECIMEN	PRESENT	Etanol - 58	2017-08-30	\N	1	1
2365686010	\N	1	ANL	MPEG.ANL 001003	PRESERVED_SPECIMEN	PRESENT	Etanol - 6	2017-08-30	\N	1	1
2365686006	\N	1	ANL	MPEG.ANL 001638	PRESERVED_SPECIMEN	PRESENT	Etanol - 1	2019-02-12	\N	1	22
2365686000	\N	1	ANL	MPEG.ANL 001044	PRESERVED_SPECIMEN	PRESENT	Etanol - 3	2017-08-30	\N	1	1
2365685996	\N	1	ANL	MPEG.ANL 001585	PRESERVED_SPECIMEN	PRESENT	Etanol - 1	2017-04-15	\N	1	32
2365685995	\N	1	ANL	MPEG.ANL 001098	PRESERVED_SPECIMEN	PRESENT	Etanol - 7	2017-08-30	\N	1	1
2365685991	\N	1	ANL	MPEG.ANL 001029	PRESERVED_SPECIMEN	PRESENT	Etanol - 1	2017-08-30	\N	1	1
2365685989	\N	1	ANL	MPEG.ANL 001118	PRESERVED_SPECIMEN	PRESENT	Etanol - 1	2017-08-30	\N	1	1
2365685987	\N	1	ANL	MPEG.ANL 001613	PRESERVED_SPECIMEN	PRESENT	Etanol - 1	2017-04-15	\N	1	21
2365685986	\N	1	ANL	MPEG.ANL 000716	PRESERVED_SPECIMEN	PRESENT	Líquido - 1	2008-11-01	Material doado Laboratório de Oceanografia Biológica/UFPA	1	10
2365685984	\N	1	ANL	MPEG.ANL 001096	PRESERVED_SPECIMEN	PRESENT	Etanol - 2	2017-08-30	\N	1	1
2365685982	\N	1	ANL	MPEG.ANL 001606	PRESERVED_SPECIMEN	PRESENT	Etanol - 1	2018-08-15	\N	1	2
2365685978	\N	1	ANL	MPEG.ANL 001607	PRESERVED_SPECIMEN	PRESENT	Etanol - 1	2018-08-15	\N	1	2
2365685977	\N	1	ANL	MPEG.ANL 000591	PRESERVED_SPECIMEN	PRESENT	Líquido - 1	2008-11-01	Material doado Laboratório de Oceanografia Biológica/UFPA	1	16
2365685974	\N	1	ANL	MPEG.ANL 001634	PRESERVED_SPECIMEN	PRESENT	Etanol - 6	2019-02-12	\N	1	33
2365685973	\N	1	ANL	MPEG.ANL 000718	PRESERVED_SPECIMEN	PRESENT	Líquido - 3	2008-11-01	Material doado Laboratório de Oceanografia Biológica/UFPA	1	6
2365685971	\N	1	ANL	MPEG.ANL 000596	PRESERVED_SPECIMEN	PRESENT	Líquido - 12	2008-11-01	Material doado Laboratório de Oceanografia Biológica/UFPA	1	4
2365685967	\N	1	ANL	MPEG.ANL 001016	PRESERVED_SPECIMEN	PRESENT	Etanol - 5	2017-08-30	\N	1	1
2365685963	\N	1	ANL	MPEG.ANL 001592	PRESERVED_SPECIMEN	PRESENT	Etanol - 1	2017-04-15	\N	1	30
2365685962	\N	1	ANL	MPEG.ANL 001628	PRESERVED_SPECIMEN	PRESENT	Etanol - 1	2019-02-12	\N	1	23
2365685961	\N	1	ANL	MPEG.ANL 001052	PRESERVED_SPECIMEN	PRESENT	Etanol - 29	2017-08-30	\N	1	1
2365685960	\N	1	ANL	MPEG.ANL 001075	PRESERVED_SPECIMEN	PRESENT	Etanol - 2	2017-08-30	\N	1	1
2365685959	\N	1	ANL	MPEG.ANL 001006	PRESERVED_SPECIMEN	PRESENT	Etanol - 15	2017-08-30	\N	1	1
2365685953	\N	1	ANL	MPEG.ANL 001581	PRESERVED_SPECIMEN	PRESENT	Etanol - 1	2017-04-15	\N	1	34
2365685948	\N	1	ANL	MPEG.ANL 000613	PRESERVED_SPECIMEN	PRESENT	Líquido - 1	2008-11-01	Material doado Laboratório de Oceanografia Biológica/UFPA	1	16
2365685947	\N	1	ANL	MPEG.ANL 001041	PRESERVED_SPECIMEN	PRESENT	Etanol - 2	2017-08-30	\N	1	1
2365685946	\N	1	ANL	MPEG.ANL 000621	PRESERVED_SPECIMEN	PRESENT	Líquido - 11	2008-11-01	Material doado Laboratório de Oceanografia Biológica/UFPA	1	16
2365685944	\N	1	ANL	MPEG.ANL 001656	PRESERVED_SPECIMEN	PRESENT	Etanol - 1	2019-02-12	\N	1	22
2365685943	\N	1	ANL	MPEG.ANL 000721	PRESERVED_SPECIMEN	PRESENT	Líquido - 1	2008-11-01	Material doado Laboratório de Oceanografia Biológica/UFPA	1	16
2365685936	\N	1	ANL	MPEG.ANL 001071	PRESERVED_SPECIMEN	PRESENT	Etanol - 1	2017-08-30	\N	1	1
2365685935	\N	1	ANL	MPEG.ANL 001048	PRESERVED_SPECIMEN	PRESENT	Etanol - 2	2017-08-30	\N	1	1
2365685933	\N	1	ANL	MPEG.ANL 001139	PRESERVED_SPECIMEN	PRESENT	EtOH - 1	2017-02-22	Amazôna Azul	1	35
2365685932	\N	1	ANL	MPEG.ANL 001610	PRESERVED_SPECIMEN	PRESENT	Etanol - 1	2018-08-15	\N	1	2
2365685929	\N	1	ANL	MPEG.ANL 000722	PRESERVED_SPECIMEN	PRESENT	Líquido - 3	2008-11-01	Material doado Laboratório de Oceanografia Biológica/UFPA	1	16
2365685924	\N	1	ANL	MPEG.ANL 001039	PRESERVED_SPECIMEN	PRESENT	Etanol - 1	2017-08-30	\N	1	1
2365685923	\N	1	ANL	MPEG.ANL 001077	PRESERVED_SPECIMEN	PRESENT	Etanol - 10	2017-08-30	\N	1	1
2365685922	\N	1	ANL	MPEG.ANL 000582	PRESERVED_SPECIMEN	PRESENT	EtOH - 1	2018-06-23	Os individuos foram coletados com pegador Petitponar.	1	36
2365685919	\N	1	ANL	MPEG.ANL 001642	PRESERVED_SPECIMEN	PRESENT	Etanol - 1	2019-02-12	\N	1	3
2365685915	\N	1	ANL	MPEG.ANL 001658	PRESERVED_SPECIMEN	PRESENT	Etanol - 1	2019-02-12	\N	1	22
2365685914	\N	1	ANL	MPEG.ANL 001026	PRESERVED_SPECIMEN	PRESENT	Etanol - 1	2017-08-30	\N	1	1
2365685911	\N	1	ANL	MPEG.ANL 001625	PRESERVED_SPECIMEN	PRESENT	Etanol - 1	2019-02-12	\N	1	22
2365685908	\N	1	ANL	MPEG.ANL 001608	PRESERVED_SPECIMEN	PRESENT	Etanol - 1	2018-08-15	\N	1	2
2365685903	\N	1	ANL	MPEG.ANL 000611	PRESERVED_SPECIMEN	PRESENT	Líquido - 1	2008-11-01	Material doado Laboratório de Oceanografia Biológica/UFPA	1	10
2365685902	\N	1	ANL	MPEG.ANL 001055	PRESERVED_SPECIMEN	PRESENT	Etanol - 2	2017-08-30	\N	1	1
2365685901	\N	1	ANL	MPEG.ANL 000707	PRESERVED_SPECIMEN	PRESENT	Líquido - 2	2008-11-01	Material doado Laboratório de Oceanografia Biológica/UFPA	1	10
2365685899	\N	1	ANL	MPEG.ANL 000583	PRESERVED_SPECIMEN	PRESENT	EtOH - 1	\N	Os individuos foram coletados com pegador Petitponar.	1	36
2365685898	\N	1	ANL	MPEG.ANL 000664	PRESERVED_SPECIMEN	PRESENT	Líquido - 1	2003-04-01	Material doado Laboratório de Oceanografia Biológica/UFPA; Projeto RECOS – Instituto do Milênio	1	24
2365685896	\N	1	ANL	MPEG.ANL 001064	PRESERVED_SPECIMEN	PRESENT	Etanol - 1	2017-08-30	\N	1	1
2365685893	\N	1	ANL	MPEG.ANL 001037	PRESERVED_SPECIMEN	PRESENT	Etanol - 2	2017-08-30	\N	1	1
2365685886	\N	1	ANL	MPEG.ANL 001070	PRESERVED_SPECIMEN	PRESENT	Etanol - 1	2017-08-30	\N	1	1
2365685884	\N	1	ANL	MPEG.ANL 001089	PRESERVED_SPECIMEN	PRESENT	Etanol - 3	2017-08-30	\N	1	1
2365685882	\N	1	ANL	MPEG.ANL 001117	PRESERVED_SPECIMEN	PRESENT	Etanol - 4	2017-08-30	\N	1	1
2365685877	\N	1	ANL	MPEG.ANL 001598	PRESERVED_SPECIMEN	PRESENT	Etanol - 1	2018-08-15	\N	1	2
2365685876	\N	1	ANL	MPEG.ANL 001091	PRESERVED_SPECIMEN	PRESENT	Etanol - 3	2017-08-30	\N	1	1
2365685875	\N	1	ANL	MPEG.ANL 001081	PRESERVED_SPECIMEN	PRESENT	Etanol - 35	2017-08-30	\N	1	1
2365685874	\N	1	ANL	MPEG.ANL 001156	PRESERVED_SPECIMEN	PRESENT	EtOH - 1	2012-01-10	\N	1	29
2365685871	\N	1	ANL	MPEG.ANL 000610	PRESERVED_SPECIMEN	PRESENT	Líquido - 13	2008-11-01	Material doado Laboratório de Oceanografia Biológica/UFPA	1	10
2365685870	\N	1	ANL	MPEG.ANL 000703	PRESERVED_SPECIMEN	PRESENT	Líquido - 1	2008-11-01	Material doado Laboratório de Oceanografia Biológica/UFPA	1	6
2365685867	\N	1	ANL	MPEG.ANL 001660	PRESERVED_SPECIMEN	PRESENT	Etanol - 1	2019-02-12	\N	1	20
2365685865	\N	1	ANL	MPEG.ANL 001614	PRESERVED_SPECIMEN	PRESENT	Etanol - 1	2017-04-15	\N	1	21
2365685861	\N	1	ANL	MPEG.ANL 001130	PRESERVED_SPECIMEN	PRESENT	Etanol - 2	2017-08-30	\N	1	1
2365685860	\N	1	ANL	MPEG.ANL 001627	PRESERVED_SPECIMEN	PRESENT	Etanol - 1	2019-02-12	\N	1	3
2365685859	\N	1	ANL	MPEG.ANL 000704	PRESERVED_SPECIMEN	PRESENT	Líquido - 1	2008-11-01	Material doado Laboratório de Oceanografia Biológica/UFPA	1	4
2365685855	\N	1	ANL	MPEG.ANL 001582	PRESERVED_SPECIMEN	PRESENT	Etanol - 1	2017-04-15	\N	1	32
2365685854	\N	1	ANL	MPEG.ANL 000612	PRESERVED_SPECIMEN	PRESENT	Líquido - 4	2008-11-01	Material doado Laboratório de Oceanografia Biológica/UFPA	1	4
2365685852	\N	1	ANL	MPEG.ANL 001038	PRESERVED_SPECIMEN	PRESENT	Etanol - 6	2017-08-30	\N	1	1
2365685851	\N	1	ANL	MPEG.ANL 001648	PRESERVED_SPECIMEN	PRESENT	Etanol - 1	2019-02-12	\N	1	37
2365685848	\N	1	ANL	MPEG.ANL 001577	PRESERVED_SPECIMEN	PRESENT	Etanol - 1	2017-04-15	\N	1	34
2365685847	\N	1	ANL	MPEG.ANL 000720	PRESERVED_SPECIMEN	PRESENT	Líquido - 3	2008-11-01	Material doado Laboratório de Oceanografia Biológica/UFPA	1	16
2365685846	\N	1	ANL	MPEG.ANL 001007	PRESERVED_SPECIMEN	PRESENT	Etanol - 4	2017-08-30	\N	1	1
2365685845	\N	1	ANL	MPEG.ANL 000661	PRESERVED_SPECIMEN	PRESENT	Líquido - 1	2003-04-01	Material doado Laboratório de Oceanografia Biológica/UFPA; Projeto RECOS – Instituto do Milênio	1	24
2365685844	\N	1	ANL	MPEG.ANL 000705	PRESERVED_SPECIMEN	PRESENT	Líquido - 1	2008-11-01	Material doado Laboratório de Oceanografia Biológica/UFPA	1	4
2365685842	\N	1	ANL	MPEG.ANL 001126	PRESERVED_SPECIMEN	PRESENT	Etanol - 2	2017-08-30	\N	1	1
2365685841	\N	1	ANL	MPEG.ANL 001073	PRESERVED_SPECIMEN	PRESENT	Etanol - 3	2017-08-30	\N	1	1
2365685840	\N	1	ANL	MPEG.ANL 001080	PRESERVED_SPECIMEN	PRESENT	Etanol - 1	2017-08-30	\N	1	1
2365685837	\N	1	ANL	MPEG.ANL 001612	PRESERVED_SPECIMEN	PRESENT	Etanol - 1	2017-04-15	\N	1	21
2365685833	\N	1	ANL	MPEG.ANL 001027	PRESERVED_SPECIMEN	PRESENT	Etanol - 76	2017-08-30	\N	1	1
2365685831	\N	1	ANL	MPEG.ANL 001619	PRESERVED_SPECIMEN	PRESENT	Etanol - 1	2017-04-15	\N	1	21
2365685830	\N	1	ANL	MPEG.ANL 001650	PRESERVED_SPECIMEN	PRESENT	Etanol - 5	2019-02-12	\N	1	38
2365685828	\N	1	ANL	MPEG.ANL 001603	PRESERVED_SPECIMEN	PRESENT	Etanol - 1	2018-08-15	\N	1	2
2365685826	\N	1	ANL	MPEG.ANL 001017	PRESERVED_SPECIMEN	PRESENT	Etanol - 2	2017-08-30	\N	1	1
2365685825	\N	1	ANL	MPEG.ANL 000586	PRESERVED_SPECIMEN	PRESENT	Líquido - 29	2008-11-01	Material doado Laboratório de Oceanografia Biológica/UFPA	1	10
2365685824	\N	1	ANL	MPEG.ANL 000710	PRESERVED_SPECIMEN	PRESENT	Líquido - 1	2008-11-01	Material doado Laboratório de Oceanografia Biológica/UFPA	1	10
2365685823	\N	1	ANL	MPEG.ANL 001618	PRESERVED_SPECIMEN	PRESENT	Etanol - 1	2017-04-15	\N	1	21
2365685818	\N	1	ANL	MPEG.ANL 001602	PRESERVED_SPECIMEN	PRESENT	Etanol - 1	2018-08-15	\N	1	2
2365685817	\N	1	ANL	MPEG.ANL 001023	PRESERVED_SPECIMEN	PRESENT	Etanol - 9	2017-08-30	\N	1	1
2365685816	\N	1	ANL	MPEG.ANL 000593	PRESERVED_SPECIMEN	PRESENT	Líquido - 4	2008-11-01	Material doado Laboratório de Oceanografia Biológica/UFPA	1	10
2365685814	\N	1	ANL	MPEG.ANL 001621	PRESERVED_SPECIMEN	PRESENT	Etanol - 1	2017-04-15	\N	1	21
2365685810	\N	1	ANL	MPEG.ANL 001646	PRESERVED_SPECIMEN	PRESENT	Etanol - 2	2019-02-12	\N	1	38
2365685809	\N	1	ANL	MPEG.ANL 001586	PRESERVED_SPECIMEN	PRESENT	Etanol - 1	2017-04-15	\N	1	32
2365685807	\N	1	ANL	MPEG.ANL 001578	PRESERVED_SPECIMEN	PRESENT	Etanol - 1	2017-04-15	\N	1	34
2365685806	\N	1	ANL	MPEG.ANL 000646	PRESERVED_SPECIMEN	PRESENT	Líquido - 1	2005-01-01	Material doado Laboratório de Oceanografia Biológica/UFPA; Projeto RECOS – Instituto do Milênio	1	13
2365685805	\N	1	ANL	MPEG.ANL 000742	PRESERVED_SPECIMEN	PRESENT	Líquido - 1	2007-11-01	Material doado Laboratório de Oceanografia Biológica/UFPA	1	13
2365685800	\N	1	ANL	MPEG.ANL 001587	PRESERVED_SPECIMEN	PRESENT	Etanol - 1	2017-04-15	\N	1	30
2365685799	\N	1	ANL	MPEG.ANL 001620	PRESERVED_SPECIMEN	PRESENT	Etanol - 1	2017-04-15	\N	1	21
2365685798	\N	1	ANL	MPEG.ANL 000606	PRESERVED_SPECIMEN	PRESENT	Líquido - 2	2008-11-01	Material doado Laboratório de Oceanografia Biológica/UFPA	1	4
2365685797	\N	1	ANL	MPEG.ANL 001063	PRESERVED_SPECIMEN	PRESENT	Etanol - 1	2017-08-30	\N	1	1
2365685796	\N	1	ANL	MPEG.ANL 000662	PRESERVED_SPECIMEN	PRESENT	Líquido - 1	2008-11-01	Material doado Laboratório de Oceanografia Biológica/UFPA	1	16
2365685795	\N	1	ANL	MPEG.ANL 001127	PRESERVED_SPECIMEN	PRESENT	Etanol - 7	2017-08-30	\N	1	1
2365685794	\N	1	ANL	MPEG.ANL 001072	PRESERVED_SPECIMEN	PRESENT	Etanol - 1	2017-08-30	\N	1	1
2365685792	\N	1	ANL	MPEG.ANL 001025	PRESERVED_SPECIMEN	PRESENT	Etanol - 6	2017-08-30	\N	1	1
2365685791	\N	1	ANL	MPEG.ANL 000647	PRESERVED_SPECIMEN	PRESENT	Líquido - 1	2005-01-01	Material doado Laboratório de Oceanografia Biológica/UFPA; Projeto RECOS – Instituto do Milênio	1	13
2365685790	\N	1	ANL	MPEG.ANL 001028	PRESERVED_SPECIMEN	PRESENT	Etanol - 10	2017-08-30	\N	1	1
2365685789	\N	1	ANL	MPEG.ANL 001111	PRESERVED_SPECIMEN	PRESENT	Etanol - 11	2017-08-30	\N	1	1
2365685788	\N	1	ANL	MPEG.ANL 000605	PRESERVED_SPECIMEN	PRESENT	Líquido - 1	2008-11-01	Material doado Laboratório de Oceanografia Biológica/UFPA	1	16
2365685787	\N	1	ANL	MPEG.ANL 001100	PRESERVED_SPECIMEN	PRESENT	Etanol - 3	2017-08-30	\N	1	1
2365685786	\N	1	ANL	MPEG.ANL 001559	PRESERVED_SPECIMEN	PRESENT	Etanol - 1	2017-06-04	\N	1	2
2365685783	\N	1	ANL	MPEG.ANL 001123	PRESERVED_SPECIMEN	PRESENT	Etanol - 2	2017-08-30	\N	1	1
2365685781	\N	1	ANL	MPEG.ANL 000598	PRESERVED_SPECIMEN	PRESENT	Líquido - 1	2008-11-01	Material doado Laboratório de Oceanografia Biológica/UFPA	1	6
2365685779	\N	1	ANL	MPEG.ANL 001076	PRESERVED_SPECIMEN	PRESENT	Etanol - 1	2017-08-30	\N	1	1
2365685778	\N	1	ANL	MPEG.ANL 001659	PRESERVED_SPECIMEN	PRESENT	Etanol - 3	2019-02-12	\N	1	20
2365685774	\N	1	ANL	MPEG.ANL 001633	PRESERVED_SPECIMEN	PRESENT	Etanol - 1	2019-02-12	\N	1	22
2365685773	\N	1	ANL	MPEG.ANL 001099	PRESERVED_SPECIMEN	PRESENT	Etanol - 6	2017-08-30	\N	1	1
2365685769	\N	1	ANL	MPEG.ANL 001599	PRESERVED_SPECIMEN	PRESENT	Etanol - 1	2018-08-15	\N	1	2
2365685764	\N	1	ANL	MPEG.ANL 000604	PRESERVED_SPECIMEN	PRESENT	Líquido - 10	2008-11-01	Material doado Laboratório de Oceanografia Biológica/UFPA	1	16
2365685762	\N	1	ANL	MPEG.ANL 000587	PRESERVED_SPECIMEN	PRESENT	Líquido - 1	2008-11-01	Material doado Laboratório de Oceanografia Biológica/UFPA	1	4
2365685759	\N	1	ANL	MPEG.ANL 001014	PRESERVED_SPECIMEN	PRESENT	Etanol - 1	2017-08-30	\N	1	1
2365685756	\N	1	ANL	MPEG.ANL 001128	PRESERVED_SPECIMEN	PRESENT	Etanol - 1	2017-08-30	\N	1	1
2365685755	\N	1	ANL	MPEG.ANL 001125	PRESERVED_SPECIMEN	PRESENT	Etanol - 2	2017-08-30	\N	1	1
2365685750	\N	1	ANL	MPEG.ANL 000727	PRESERVED_SPECIMEN	PRESENT	Líquido - 2	2008-11-01	Material doado Laboratório de Oceanografia Biológica/UFPA	1	4
2365685749	\N	1	ANL	MPEG.ANL 000709	PRESERVED_SPECIMEN	PRESENT	Líquido - 1	2008-11-01	Material doado Laboratório de Oceanografia Biológica/UFPA	1	39
2365685748	\N	1	ANL	MPEG.ANL 001558	PRESERVED_SPECIMEN	PRESENT	Etanol - 1	2017-06-04	\N	1	2
2365685746	\N	1	ANL	MPEG.ANL 000711	PRESERVED_SPECIMEN	PRESENT	Líquido - 1	2008-11-01	Material doado Laboratório de Oceanografia Biológica/UFPA	1	16
2365685744	\N	1	ANL	MPEG.ANL 001641	PRESERVED_SPECIMEN	PRESENT	Etanol - 1	2019-02-12	\N	1	3
2365685742	\N	1	ANL	MPEG.ANL 001019	PRESERVED_SPECIMEN	PRESENT	Etanol - 10	2017-08-30	\N	1	1
2365685740	\N	1	ANL	MPEG.ANL 000712	PRESERVED_SPECIMEN	PRESENT	Líquido - 2	2008-11-01	Material doado Laboratório de Oceanografia Biológica/UFPA	1	10
2365685739	\N	1	ANL	MPEG.ANL 001121	PRESERVED_SPECIMEN	PRESENT	Etanol - 2	2017-08-30	\N	1	1
2365685733	\N	1	ANL	MPEG.ANL 001560	PRESERVED_SPECIMEN	PRESENT	Etanol - 1	2017-06-04	\N	1	2
2365685732	\N	1	ANL	MPEG.ANL 001580	PRESERVED_SPECIMEN	PRESENT	Etanol - 1	2017-04-15	\N	1	34
2365685731	\N	1	ANL	MPEG.ANL 000584	PRESERVED_SPECIMEN	PRESENT	Líquido - 17	2009-04-01	Material doado Laboratório de Oceanografia Biológica/UFPA	1	18
2365685729	\N	1	ANL	MPEG.ANL 001600	PRESERVED_SPECIMEN	PRESENT	Etanol - 1	2018-08-15	\N	1	2
2365685726	\N	1	ANL	MPEG.ANL 001105	PRESERVED_SPECIMEN	PRESENT	Etanol - 5	2017-08-30	\N	1	1
2365685723	\N	1	ANL	MPEG.ANL 001011	PRESERVED_SPECIMEN	PRESENT	Etanol - 12	2017-08-30	\N	1	1
2365685722	\N	1	ANL	MPEG.ANL 000708	PRESERVED_SPECIMEN	PRESENT	Líquido - 1	2008-11-01	Material doado Laboratório de Oceanografia Biológica/UFPA	1	10
2365685720	\N	1	ANL	MPEG.ANL 001058	PRESERVED_SPECIMEN	PRESENT	Etanol - 13	2017-08-30	\N	1	1
2365685714	\N	1	ANL	MPEG.ANL 001636	PRESERVED_SPECIMEN	PRESENT	Etanol - 1	2019-02-12	\N	1	22
2365685708	\N	1	ANL	MPEG.ANL 000627	PRESERVED_SPECIMEN	PRESENT	Líquido - 1	2008-11-01	Material doado Laboratório de Oceanografia Biológica/UFPA	1	4
2365685707	\N	1	ANL	MPEG.ANL 001047	PRESERVED_SPECIMEN	PRESENT	Etanol - 1	2017-08-30	\N	1	1
2365685705	\N	1	ANL	MPEG.ANL 001108	PRESERVED_SPECIMEN	PRESENT	Etanol - 59	2017-08-30	\N	1	1
2365685704	\N	1	ANL	MPEG.ANL 001020	PRESERVED_SPECIMEN	PRESENT	Etanol - 4	2017-08-30	\N	1	1
2365685703	\N	1	ANL	MPEG.ANL 000715	PRESERVED_SPECIMEN	PRESENT	Líquido - 1	2008-11-01	Material doado Laboratório de Oceanografia Biológica/UFPA	1	4
2365685699	\N	1	ANL	MPEG.ANL 001002	PRESERVED_SPECIMEN	PRESENT	Etanol - 11	2017-08-30	\N	1	1
2365685697	\N	1	ANL	MPEG.ANL 001119	PRESERVED_SPECIMEN	PRESENT	Etanol - 2	2017-08-30	\N	1	1
2365685691	\N	1	ANL	MPEG.ANL 001632	PRESERVED_SPECIMEN	PRESENT	Etanol - 2	2019-02-12	\N	1	22
2365685689	\N	1	ANL	MPEG.ANL 000629	PRESERVED_SPECIMEN	PRESENT	Líquido - 1	2008-11-01	Material doado Laboratório de Oceanografia Biológica/UFPA	1	4
2365685685	\N	1	ANL	MPEG.ANL 001564	PRESERVED_SPECIMEN	PRESENT	Etanol - 1	2011-07-15	\N	1	12
2365685684	\N	1	ANL	MPEG.ANL 000626	PRESERVED_SPECIMEN	PRESENT	Líquido - 5	2008-11-01	Material doado Laboratório de Oceanografia Biológica/UFPA	1	6
2365685677	\N	1	ANL	MPEG.ANL 001057	PRESERVED_SPECIMEN	PRESENT	Etanol - 1	2017-08-30	\N	1	1
2365685666	\N	1	ANL	MPEG.ANL 001060	PRESERVED_SPECIMEN	PRESENT	Etanol - 7	2017-08-30	\N	1	1
2365685663	\N	1	ANL	MPEG.ANL 000620	PRESERVED_SPECIMEN	PRESENT	Líquido - 1	2008-11-01	Material doado Laboratório de Oceanografia Biológica/UFPA	1	16
2365685658	\N	1	ANL	MPEG.ANL 001013	PRESERVED_SPECIMEN	PRESENT	Etanol - 1	2017-08-30	\N	1	1
2365685655	\N	1	ANL	MPEG.ANL 001573	PRESERVED_SPECIMEN	PRESENT	Etanol - 1	2017-04-15	\N	1	40
2365685650	\N	1	ANL	MPEG.ANL 000726	PRESERVED_SPECIMEN	PRESENT	Líquido - 4	2008-11-01	Material doado Laboratório de Oceanografia Biológica/UFPA	1	16
2365685649	\N	1	ANL	MPEG.ANL 000615	PRESERVED_SPECIMEN	PRESENT	Líquido - 1	2008-11-01	Material doado Laboratório de Oceanografia Biológica/UFPA	1	16
2365685646	\N	1	ANL	MPEG.ANL 001591	PRESERVED_SPECIMEN	PRESENT	Etanol - 1	2017-04-15	\N	1	30
2365685644	\N	1	ANL	MPEG.ANL 001643	PRESERVED_SPECIMEN	PRESENT	Etanol - 1	2019-02-12	\N	1	3
2365685643	\N	1	ANL	MPEG.ANL 000592	PRESERVED_SPECIMEN	PRESENT	Líquido - 2	2009-04-01	Material doado Laboratório de Oceanografia Biológica/UFPA	1	18
2365685639	\N	1	ANL	MPEG.ANL 001067	PRESERVED_SPECIMEN	PRESENT	Etanol - 1	2017-08-30	\N	1	1
2365685637	\N	1	ANL	MPEG.ANL 001122	PRESERVED_SPECIMEN	PRESENT	Etanol - 24	2017-08-30	\N	1	1
2365685631	\N	1	ANL	MPEG.ANL 001138	PRESERVED_SPECIMEN	PRESENT	EtOH - 1	2016-09-04	Amazôna Azul	1	41
2365685624	\N	1	ANL	MPEG.ANL 001046	PRESERVED_SPECIMEN	PRESENT	Etanol - 2	2017-08-30	\N	1	1
2365685598	\N	1	ANL	MPEG.ANL 001657	PRESERVED_SPECIMEN	PRESENT	Etanol - 13	2019-02-12	\N	1	3
2365685596	\N	1	ANL	MPEG.ANL 001604	PRESERVED_SPECIMEN	PRESENT	Etanol - 1	2018-08-15	\N	1	2
2365685592	\N	1	ANL	MPEG.ANL 001124	PRESERVED_SPECIMEN	PRESENT	Etanol - 5	2017-08-30	\N	1	1
2365685587	\N	1	ANL	MPEG.ANL 001082	PRESERVED_SPECIMEN	PRESENT	Etanol - 6	2017-08-30	\N	1	1
2365685580	\N	1	ANL	MPEG.ANL 001024	PRESERVED_SPECIMEN	PRESENT	Etanol - 20	2017-08-30	\N	1	1
2365685578	\N	1	ANL	MPEG.ANL 000614	PRESERVED_SPECIMEN	PRESENT	Líquido - 3	2008-11-01	Material doado Laboratório de Oceanografia Biológica/UFPA	1	10
2365685573	\N	1	ANL	MPEG.ANL 001079	PRESERVED_SPECIMEN	PRESENT	Etanol - 2	2017-08-30	\N	1	1
2365685562	\N	1	ANL	MPEG.ANL 001616	PRESERVED_SPECIMEN	PRESENT	Etanol - 1	2017-04-15	\N	1	21
2365685559	\N	1	ANL	MPEG.ANL 001141	PRESERVED_SPECIMEN	PRESENT	EtOH - 1	2017-02-23	Amazôna Azul	1	42
2365685556	\N	1	ANL	MPEG.ANL 001040	PRESERVED_SPECIMEN	PRESENT	Etanol - 4	2017-08-30	\N	1	1
2365685552	\N	1	ANL	MPEG.ANL 001588	PRESERVED_SPECIMEN	PRESENT	Etanol - 1	2017-04-15	\N	1	30
2365685550	\N	1	ANL	MPEG.ANL 000602	PRESERVED_SPECIMEN	PRESENT	Líquido - 2	2008-11-01	Material doado Laboratório de Oceanografia Biológica/UFPA	1	4
2365685534	\N	1	ANL	MPEG.ANL 001601	PRESERVED_SPECIMEN	PRESENT	Etanol - 1	2018-08-15	\N	1	2
2365685521	\N	1	ANL	MPEG.ANL 001565	PRESERVED_SPECIMEN	PRESENT	Etanol - 1	2017-04-15	\N	1	9
2365685520	\N	1	ANL	MPEG.ANL 001594	PRESERVED_SPECIMEN	PRESENT	Etanol - 1	2018-08-15	\N	1	2
2365685516	\N	1	ANL	MPEG.ANL 000590	PRESERVED_SPECIMEN	PRESENT	Líquido - 38	2008-11-01	Material doado Laboratório de Oceanografia Biológica/UFPA	1	4
2365685498	\N	1	ANL	MPEG.ANL 000585	PRESERVED_SPECIMEN	PRESENT	Líquido - 5	2008-11-01	Material doado Laboratório de Oceanografia Biológica/UFPA	1	4
2365685493	\N	1	ANL	MPEG.ANL 001579	PRESERVED_SPECIMEN	PRESENT	Etanol - 1	2017-04-15	\N	1	34
2365685489	\N	1	ANL	MPEG.ANL 001639	PRESERVED_SPECIMEN	PRESENT	Etanol - 1	2019-02-12	\N	1	22
2365685488	\N	1	ANL	MPEG.ANL 001129	PRESERVED_SPECIMEN	PRESENT	Etanol - 1	2017-08-30	\N	1	1
2365685480	\N	1	ANL	MPEG.ANL 001626	PRESERVED_SPECIMEN	PRESENT	Etanol - 3	2019-02-12	\N	1	3
2365685469	\N	1	ANL	MPEG.ANL 001576	PRESERVED_SPECIMEN	PRESENT	Etanol - 1	2017-04-15	\N	1	40
2365685456	\N	1	ANL	MPEG.ANL 001086	PRESERVED_SPECIMEN	PRESENT	Etanol - 1	2017-08-30	\N	1	1
2365685454	\N	1	ANL	MPEG.ANL 001575	PRESERVED_SPECIMEN	PRESENT	Etanol - 1	2017-04-15	\N	1	40
2365685449	\N	1	ANL	MPEG.ANL 001583	PRESERVED_SPECIMEN	PRESENT	Etanol - 1	2017-04-15	\N	1	32
2365685447	\N	1	ANL	MPEG.ANL 001134	PRESERVED_SPECIMEN	PRESENT	Etanol - 3	2017-08-30	\N	1	1
2365685445	\N	1	ANL	MPEG.ANL 001131	PRESERVED_SPECIMEN	PRESENT	Etanol - 6	2017-08-30	\N	1	1
2365685434	\N	1	ANL	MPEG.ANL 001590	PRESERVED_SPECIMEN	PRESENT	Etanol - 1	2017-04-15	\N	1	30
2365685432	\N	1	ANL	MPEG.ANL 001584	PRESERVED_SPECIMEN	PRESENT	Etanol - 1	2017-04-15	\N	1	32
2365685426	\N	1	ANL	MPEG.ANL 001574	PRESERVED_SPECIMEN	PRESENT	Etanol - 1	2017-04-15	\N	1	40
1913497256	\N	1	ANL	MPEG.ANL 000575	PRESERVED_SPECIMEN	PRESENT	EtOH - 1	2018-01-08	\N	1	43
1913497255	\N	1	ANL	MPEG.ANL 000573	PRESERVED_SPECIMEN	PRESENT	EtOH - 1	2018-01-17	\N	1	44
1913497254	\N	1	ANL	MPEG.ANL 000555	PRESERVED_SPECIMEN	PRESENT	EtOH - 4	2018-01-09	\N	1	45
1913497253	\N	1	ANL	MPEG.ANL 000577	PRESERVED_SPECIMEN	PRESENT	EtOH - 1	2018-01-09	\N	1	46
1913497252	\N	1	ANL	MPEG.ANL 000570	PRESERVED_SPECIMEN	PRESENT	EtOH - 2	1956-01-01	\N	1	47
1913497251	\N	1	ANL	MPEG.ANL 000559	PRESERVED_SPECIMEN	PRESENT	EtOH - 1	2018-01-16	\N	1	48
1913497250	\N	1	ANL	MPEG.ANL 000549	PRESERVED_SPECIMEN	PRESENT	EtOH - 17	2018-01-11	\N	1	49
1913497249	\N	1	ANL	MPEG.ANL 000563	PRESERVED_SPECIMEN	PRESENT	EtOH - 1	2018-01-18	\N	1	50
1913497248	\N	1	ANL	MPEG.ANL 000562	PRESERVED_SPECIMEN	PRESENT	EtOH - 1	2018-01-17	\N	1	51
1913497247	\N	1	ANL	MPEG.ANL 000561	PRESERVED_SPECIMEN	PRESENT	EtOH - 1	2018-01-19	\N	1	52
1913497246	\N	1	ANL	MPEG.ANL 000581	PRESERVED_SPECIMEN	PRESENT	EtOH - 2	\N	\N	1	53
1913497245	\N	1	ANL	MPEG.ANL 000535	PRESERVED_SPECIMEN	PRESENT	EtOH - 2	2017-08-28	\N	1	54
1913497244	\N	1	ANL	MPEG.ANL 000534	PRESERVED_SPECIMEN	PRESENT	EtOH - 1	2017-08-25	\N	1	52
1913497243	\N	1	ANL	MPEG.ANL 000558	PRESERVED_SPECIMEN	PRESENT	EtOH - 1	2018-01-16	\N	1	55
1913497242	\N	1	ANL	MPEG.ANL 000552	PRESERVED_SPECIMEN	PRESENT	EtOH - 1	2018-01-09	\N	1	56
1913497241	\N	1	ANL	MPEG.ANL 000569	PRESERVED_SPECIMEN	PRESENT	EtOH - 2	2018-01-19	\N	1	57
1913497240	\N	1	ANL	MPEG.ANL 000538	PRESERVED_SPECIMEN	PRESENT	EtOH - 4	2017-08-30	\N	1	58
1913497239	\N	1	ANL	MPEG.ANL 000539	PRESERVED_SPECIMEN	PRESENT	EtOH - 1	2000-12-19	Terra firme, margem direita do rio Xingú, pitfall - pequenos mamíferos	1	59
1913497238	\N	1	ANL	MPEG.ANL 000571	PRESERVED_SPECIMEN	PRESENT	EtOH - 2	2018-01-14	\N	1	60
1913497237	\N	1	ANL	MPEG.ANL 000572	PRESERVED_SPECIMEN	PRESENT	EtOH - 4	2018-01-07	\N	1	54
1913497236	\N	1	ANL	MPEG.ANL 000578	PRESERVED_SPECIMEN	PRESENT	EtOH - 2	2018-01-11	\N	1	46
1913497235	\N	1	ANL	MPEG.ANL 000568	PRESERVED_SPECIMEN	PRESENT	EtOH - 1	2018-01-17	\N	1	49
1913497234	\N	1	ANL	MPEG.ANL 000556	PRESERVED_SPECIMEN	PRESENT	EtOH - 1	2018-01-15	\N	1	61
1913497233	\N	1	ANL	MPEG.ANL 000514	PRESERVED_SPECIMEN	PRESENT	EtOH - 50	2017-09-04	\N	1	45
1913497232	\N	1	ANL	MPEG.ANL 000574	PRESERVED_SPECIMEN	PRESENT	EtOH - 2	2018-01-14	\N	1	43
1913497231	\N	1	ANL	MPEG.ANL 000557	PRESERVED_SPECIMEN	PRESENT	EtOH - 1	2018-01-15	\N	1	62
1913497230	\N	1	ANL	MPEG.ANL 000536	PRESERVED_SPECIMEN	PRESENT	EtOH - 10	2017-08-28	\N	1	51
1913497229	\N	1	ANL	MPEG.ANL 000521	PRESERVED_SPECIMEN	PRESENT	EtOH - 23	2017-09-01	\N	1	63
1913497228	\N	1	ANL	MPEG.ANL 000531	PRESERVED_SPECIMEN	PRESENT	EtOH - 6	2017-08-24	\N	1	64
1913497227	\N	1	ANL	MPEG.ANL 000529	PRESERVED_SPECIMEN	PRESENT	EtOH - 2	2017-08-24	\N	1	55
1913497226	\N	1	ANL	MPEG.ANL 000566	PRESERVED_SPECIMEN	PRESENT	EtOH - 1	2018-01-18	\N	1	65
1913497225	\N	1	ANL	MPEG.ANL 000493	PRESERVED_SPECIMEN	PRESENT	Etanol - 3	2018-01-24	\N	1	1
1913497224	\N	1	ANL	MPEG.ANL 000548	PRESERVED_SPECIMEN	PRESENT	EtOH - 39	2018-01-11	\N	1	49
1913497223	\N	1	ANL	MPEG.ANL 000541	PRESERVED_SPECIMEN	PRESENT	EtOH - 30	2017-08-29	\N	1	66
1913497222	\N	1	ANL	MPEG.ANL 000540	PRESERVED_SPECIMEN	PRESENT	EtOH - 8	2017-08-30	\N	1	50
1913497221	\N	1	ANL	MPEG.ANL 000515	PRESERVED_SPECIMEN	PRESENT	EtOH - 10	2017-09-04	\N	1	60
1913497220	\N	1	ANL	MPEG.ANL 000522	PRESERVED_SPECIMEN	PRESENT	EtOH - 10	2017-08-21	\N	1	67
1913497219	\N	1	ANL	MPEG.ANL 000516	PRESERVED_SPECIMEN	PRESENT	EtOH - 9	2017-09-06	\N	1	68
1913497218	\N	1	ANL	MPEG.ANL 000546	PRESERVED_SPECIMEN	PRESENT	EtOH - 15	2018-01-11	\N	1	69
1913497217	\N	1	ANL	MPEG.ANL 000523	PRESERVED_SPECIMEN	PRESENT	EtOH - 8	2017-08-21	\N	1	44
1913497216	\N	1	ANL	MPEG.ANL 000471	PRESERVED_SPECIMEN	PRESENT	Etanol - 6	2017-09-10	\N	1	1
1913497215	\N	1	ANL	MPEG.ANL 000510	PRESERVED_SPECIMEN	PRESENT	EtOH - 80	2017-09-03	\N	1	46
1913497214	\N	1	ANL	MPEG.ANL 000580	PRESERVED_SPECIMEN	PRESENT	EtOH - 2	2017-07-08	\N	1	70
1913497213	\N	1	ANL	MPEG.ANL 000543	PRESERVED_SPECIMEN	PRESENT	EtOH - 82	2017-08-29	\N	1	71
1913497212	\N	1	ANL	MPEG.ANL 000542	PRESERVED_SPECIMEN	PRESENT	EtOH - 9	2017-08-29	\N	1	65
1913497211	\N	1	ANL	MPEG.ANL 000490	PRESERVED_SPECIMEN	PRESENT	Etanol - 2	2017-12-23	\N	1	1
1913497210	\N	1	ANL	MPEG.ANL 000513	PRESERVED_SPECIMEN	PRESENT	EtOH - 48	2017-09-04	\N	1	72
1913497209	\N	1	ANL	MPEG.ANL 000528	PRESERVED_SPECIMEN	PRESENT	EtOH - 1	2017-08-23	\N	1	62
1913497208	\N	1	ANL	MPEG.ANL 000551	PRESERVED_SPECIMEN	PRESENT	EtOH - 2	2018-01-09	\N	1	73
1913497207	\N	1	ANL	MPEG.ANL 000553	PRESERVED_SPECIMEN	PRESENT	EtOH - 1	2018-01-09	\N	1	72
1913497206	\N	1	ANL	MPEG.ANL 000533	PRESERVED_SPECIMEN	PRESENT	EtOH - 4	2017-08-25	\N	1	74
1913497205	\N	1	ANL	MPEG.ANL 000487	PRESERVED_SPECIMEN	PRESENT	Etanol - 4	2018-01-26	\N	1	1
1913497204	\N	1	ANL	MPEG.ANL 000579	PRESERVED_SPECIMEN	PRESENT	EtOH - 23	2017-09-03	\N	1	71
1913497203	\N	1	ANL	MPEG.ANL 000501	PRESERVED_SPECIMEN	PRESENT	Etanol - 1	2017-08-30	\N	1	1
1913497202	\N	1	ANL	MPEG.ANL 000527	PRESERVED_SPECIMEN	PRESENT	EtOH - 2	2017-08-23	\N	1	75
1913497201	\N	1	ANL	MPEG.ANL 000511	PRESERVED_SPECIMEN	PRESENT	EtOH - 4	2017-09-03	\N	1	56
1913497200	\N	1	ANL	MPEG.ANL 000524	PRESERVED_SPECIMEN	PRESENT	EtOH - 16	2017-08-21	\N	1	44
1913497199	\N	1	ANL	MPEG.ANL 000466	PRESERVED_SPECIMEN	PRESENT	Etanol - 5	2017-09-14	\N	1	1
1913497198	\N	1	ANL	MPEG.ANL 000498	PRESERVED_SPECIMEN	PRESENT	Etanol - 4	2017-10-03	\N	1	1
1913497197	\N	1	ANL	MPEG.ANL 000478	PRESERVED_SPECIMEN	PRESENT	Etanol - 1	2017-12-22	\N	1	1
1913497196	\N	1	ANL	MPEG.ANL 000486	PRESERVED_SPECIMEN	PRESENT	Etanol - 6	2018-01-23	\N	1	1
1913497195	\N	1	ANL	MPEG.ANL 000482	PRESERVED_SPECIMEN	PRESENT	Etanol - 5	2018-01-26	\N	1	1
1913497194	\N	1	ANL	MPEG.ANL 000500	PRESERVED_SPECIMEN	PRESENT	Etanol - 9	2017-08-29	\N	1	1
1913497193	\N	1	ANL	MPEG.ANL 000530	PRESERVED_SPECIMEN	PRESENT	EtOH - 2	2017-08-24	\N	1	48
1913497192	\N	1	ANL	MPEG.ANL 000520	PRESERVED_SPECIMEN	PRESENT	EtOH - 1	2017-09-05	\N	1	63
1913497191	\N	1	ANL	MPEG.ANL 000560	PRESERVED_SPECIMEN	PRESENT	EtOH - 3	2018-01-21	\N	1	76
1913497190	\N	1	ANL	MPEG.ANL 000576	PRESERVED_SPECIMEN	PRESENT	EtOH - 8	2018-01-08	\N	1	72
1913497189	\N	1	ANL	MPEG.ANL 000499	PRESERVED_SPECIMEN	PRESENT	Etanol - 8	2017-12-19	\N	1	1
1913497188	\N	1	ANL	MPEG.ANL 000519	PRESERVED_SPECIMEN	PRESENT	EtOH - 1	2017-09-05	\N	1	43
1913497187	\N	1	ANL	MPEG.ANL 000491	PRESERVED_SPECIMEN	PRESENT	Etanol - 3	2018-01-24	\N	1	1
1913497186	\N	1	ANL	MPEG.ANL 000537	PRESERVED_SPECIMEN	PRESENT	EtOH - 4	2017-08-30	\N	1	77
1913497185	\N	1	ANL	MPEG.ANL 000532	PRESERVED_SPECIMEN	PRESENT	EtOH - 6	2017-08-24	\N	1	76
1913497184	\N	1	ANL	MPEG.ANL 000517	PRESERVED_SPECIMEN	PRESENT	EtOH - 1	2017-09-06	\N	1	78
1913497183	\N	1	ANL	MPEG.ANL 000480	PRESERVED_SPECIMEN	PRESENT	Etanol - 1	2017-12-20	\N	1	1
1913497182	\N	1	ANL	MPEG.ANL 000565	PRESERVED_SPECIMEN	PRESENT	EtOH - 2	2018-01-18	\N	1	65
1913497181	\N	1	ANL	MPEG.ANL 000483	PRESERVED_SPECIMEN	PRESENT	Etanol - 1	2018-01-22	\N	1	1
1913497180	\N	1	ANL	MPEG.ANL 000554	PRESERVED_SPECIMEN	PRESENT	EtOH - 1	2018-01-09	\N	1	72
1913497179	\N	1	ANL	MPEG.ANL 000485	PRESERVED_SPECIMEN	PRESENT	Etanol - 1	2017-09-14	\N	1	1
1913497178	\N	1	ANL	MPEG.ANL 000489	PRESERVED_SPECIMEN	PRESENT	Etanol - 7	2018-01-24	\N	1	1
1913497177	\N	1	ANL	MPEG.ANL 000473	PRESERVED_SPECIMEN	PRESENT	Etanol - 18	2018-01-24	\N	1	1
1913497176	\N	1	ANL	MPEG.ANL 000512	PRESERVED_SPECIMEN	PRESENT	EtOH - 9	2017-09-04	\N	1	79
1913497175	\N	1	ANL	MPEG.ANL 000474	PRESERVED_SPECIMEN	PRESENT	Etanol - 33	2018-02-20	\N	1	1
1913497174	\N	1	ANL	MPEG.ANL 000440	PRESERVED_SPECIMEN	PRESENT	Etanol - 2	2018-01-26	\N	1	1
1913497173	\N	1	ANL	MPEG.ANL 000477	PRESERVED_SPECIMEN	PRESENT	Etanol - 1	2017-10-03	\N	1	1
1913497172	\N	1	ANL	MPEG.ANL 000455	PRESERVED_SPECIMEN	PRESENT	Etanol - 3	2017-11-21	\N	1	1
1913497171	\N	1	ANL	MPEG.ANL 000564	PRESERVED_SPECIMEN	PRESENT	EtOH - 1	2018-01-18	\N	1	66
1913497170	\N	1	ANL	MPEG.ANL 000550	PRESERVED_SPECIMEN	PRESENT	EtOH - 1	2018-01-09	\N	1	73
1913497169	\N	1	ANL	MPEG.ANL 000526	PRESERVED_SPECIMEN	PRESENT	EtOH - 2	2017-08-23	\N	1	80
1913497168	\N	1	ANL	MPEG.ANL 000509	PRESERVED_SPECIMEN	PRESENT	EtOH - 48	2017-09-03	\N	1	49
1913497167	\N	1	ANL	MPEG.ANL 000457	PRESERVED_SPECIMEN	PRESENT	Etanol - 2	2017-08-29	\N	1	1
1913497166	\N	1	ANL	MPEG.ANL 000518	PRESERVED_SPECIMEN	PRESENT	EtOH - 1	2017-09-05	\N	1	78
1913497165	\N	1	ANL	MPEG.ANL 000476	PRESERVED_SPECIMEN	PRESENT	Etanol - 2	2018-02-20	\N	1	1
1913497164	\N	1	ANL	MPEG.ANL 000465	PRESERVED_SPECIMEN	PRESENT	Etanol - 2	2018-01-24	\N	1	1
1913497163	\N	1	ANL	MPEG.ANL 000479	PRESERVED_SPECIMEN	PRESENT	Etanol - 2	2018-01-23	\N	1	1
1913497162	\N	1	ANL	MPEG.ANL 000547	PRESERVED_SPECIMEN	PRESENT	EtOH - 76	2018-01-11	\N	1	49
1913497161	\N	1	ANL	MPEG.ANL 000475	PRESERVED_SPECIMEN	PRESENT	Etanol - 6	2017-11-21	\N	1	1
1913497160	\N	1	ANL	MPEG.ANL 000567	PRESERVED_SPECIMEN	PRESENT	EtOH - 1	2018-01-18	\N	1	54
1913497159	\N	1	ANL	MPEG.ANL 000453	PRESERVED_SPECIMEN	PRESENT	Etanol - 4	2018-01-22	\N	1	1
1913497158	\N	1	ANL	MPEG.ANL 000468	PRESERVED_SPECIMEN	PRESENT	Etanol - 7	2017-08-29	\N	1	1
1913497157	\N	1	ANL	MPEG.ANL 000463	PRESERVED_SPECIMEN	PRESENT	Etanol - 6	2017-08-21	\N	1	1
1913497156	\N	1	ANL	MPEG.ANL 000418	PRESERVED_SPECIMEN	PRESENT	Etanol - 2	2017-08-31	\N	1	1
1913497155	\N	1	ANL	MPEG.ANL 000467	PRESERVED_SPECIMEN	PRESENT	Etanol - 45	2018-02-22	\N	1	1
1913497154	\N	1	ANL	MPEG.ANL 000497	PRESERVED_SPECIMEN	PRESENT	Etanol - 4	2018-01-22	\N	1	1
1913497153	\N	1	ANL	MPEG.ANL 000428	PRESERVED_SPECIMEN	PRESENT	Etanol - 16	2017-10-03	\N	1	1
1913497152	\N	1	ANL	MPEG.ANL 000464	PRESERVED_SPECIMEN	PRESENT	Etanol - 1	2017-12-23	\N	1	1
1913497151	\N	1	ANL	MPEG.ANL 000494	PRESERVED_SPECIMEN	PRESENT	Etanol - 6	2018-01-23	\N	1	1
1913497150	\N	1	ANL	MPEG.ANL 000444	PRESERVED_SPECIMEN	PRESENT	Etanol - 4	2018-02-20	\N	1	1
1913497149	\N	1	ANL	MPEG.ANL 000459	PRESERVED_SPECIMEN	PRESENT	Etanol - 3	2017-09-01	\N	1	1
1913497148	\N	1	ANL	MPEG.ANL 000469	PRESERVED_SPECIMEN	PRESENT	Etanol - 19	2018-01-22	\N	1	1
1913497147	\N	1	ANL	MPEG.ANL 000460	PRESERVED_SPECIMEN	PRESENT	Etanol - 3	2017-08-29	\N	1	1
1913497146	\N	1	ANL	MPEG.ANL 000447	PRESERVED_SPECIMEN	PRESENT	Etanol - 1	2018-01-23	\N	1	1
1913497145	\N	1	ANL	MPEG.ANL 000525	PRESERVED_SPECIMEN	PRESENT	EtOH - 28	2017-08-22	\N	1	81
1913497144	\N	1	ANL	MPEG.ANL 000507	PRESERVED_SPECIMEN	PRESENT	EtOH - 36	2017-09-03	\N	1	69
1913497143	\N	1	ANL	MPEG.ANL 000488	PRESERVED_SPECIMEN	PRESENT	Etanol - 2	2018-01-22	\N	1	1
1913497142	\N	1	ANL	MPEG.ANL 000461	PRESERVED_SPECIMEN	PRESENT	Etanol - 8	2017-08-21	\N	1	1
1913497141	\N	1	ANL	MPEG.ANL 000544	PRESERVED_SPECIMEN	PRESENT	EtOH - 10	2017-08-29	\N	1	57
1913497140	\N	1	ANL	MPEG.ANL 000441	PRESERVED_SPECIMEN	PRESENT	Etanol - 5	2018-02-21	\N	1	1
1913497139	\N	1	ANL	MPEG.ANL 000545	PRESERVED_SPECIMEN	PRESENT	EtOH - 24	2018-01-11	\N	1	69
1913497138	\N	1	ANL	MPEG.ANL 000462	PRESERVED_SPECIMEN	PRESENT	Etanol - 1	2017-08-29	\N	1	1
1913497137	\N	1	ANL	MPEG.ANL 000417	PRESERVED_SPECIMEN	PRESENT	Etanol - 1	2017-08-21	\N	1	1
1913497136	\N	1	ANL	MPEG.ANL 000495	PRESERVED_SPECIMEN	PRESENT	Etanol - 1	2017-09-01	\N	1	1
1913497135	\N	1	ANL	MPEG.ANL 000443	PRESERVED_SPECIMEN	PRESENT	Etanol - 1	2017-10-02	\N	1	1
1913497134	\N	1	ANL	MPEG.ANL 000456	PRESERVED_SPECIMEN	PRESENT	Etanol - 1	2017-08-30	\N	1	1
1913497133	\N	1	ANL	MPEG.ANL 000445	PRESERVED_SPECIMEN	PRESENT	Etanol - 1	2017-09-11	\N	1	1
1913497132	\N	1	ANL	MPEG.ANL 000438	PRESERVED_SPECIMEN	PRESENT	Etanol - 3	2018-01-23	\N	1	1
1913497131	\N	1	ANL	MPEG.ANL 000454	PRESERVED_SPECIMEN	PRESENT	Etanol - 2	2018-01-24	\N	1	1
1913497130	\N	1	ANL	MPEG.ANL 000402	PRESERVED_SPECIMEN	PRESENT	Etanol - 6	2018-03-07	\N	1	1
1913497129	\N	1	ANL	MPEG.ANL 000436	PRESERVED_SPECIMEN	PRESENT	Etanol - 22	2018-01-23	\N	1	1
1913497128	\N	1	ANL	MPEG.ANL 000481	PRESERVED_SPECIMEN	PRESENT	Etanol - 8	2018-01-24	\N	1	1
1913497127	\N	1	ANL	MPEG.ANL 000433	PRESERVED_SPECIMEN	PRESENT	Etanol - 9	2018-01-26	\N	1	1
1913497126	\N	1	ANL	MPEG.ANL 000420	PRESERVED_SPECIMEN	PRESENT	Etanol - 1	2017-10-04	\N	1	1
1913497125	\N	1	ANL	MPEG.ANL 000423	PRESERVED_SPECIMEN	PRESENT	Etanol - 1	2017-08-21	\N	1	1
1913497124	\N	1	ANL	MPEG.ANL 000429	PRESERVED_SPECIMEN	PRESENT	Etanol - 7	2018-01-25	\N	1	1
1913497123	\N	1	ANL	MPEG.ANL 000437	PRESERVED_SPECIMEN	PRESENT	Etanol - 42	2018-01-24	\N	1	1
1913497122	\N	1	ANL	MPEG.ANL 000450	PRESERVED_SPECIMEN	PRESENT	Etanol - 4	2017-09-12	\N	1	1
1913497121	\N	1	ANL	MPEG.ANL 000448	PRESERVED_SPECIMEN	PRESENT	Etanol - 3	2018-01-23	\N	1	1
1913497120	\N	1	ANL	MPEG.ANL 000484	PRESERVED_SPECIMEN	PRESENT	Etanol - 2	2018-01-22	\N	1	1
1913497119	\N	1	ANL	MPEG.ANL 000470	PRESERVED_SPECIMEN	PRESENT	Etanol - 15	2018-01-22	\N	1	1
1913497118	\N	1	ANL	MPEG.ANL 000492	PRESERVED_SPECIMEN	PRESENT	Etanol - 5	2017-11-20	\N	1	1
1913497117	\N	1	ANL	MPEG.ANL 000439	PRESERVED_SPECIMEN	PRESENT	Etanol - 4	2017-12-20	\N	1	1
1913497116	\N	1	ANL	MPEG.ANL 000435	PRESERVED_SPECIMEN	PRESENT	Etanol - 6	2017-09-12	\N	1	1
1913497115	\N	1	ANL	MPEG.ANL 000458	PRESERVED_SPECIMEN	PRESENT	Etanol - 5	2017-09-14	\N	1	1
1913497114	\N	1	ANL	MPEG.ANL 000452	PRESERVED_SPECIMEN	PRESENT	Etanol - 2	2017-09-15	\N	1	1
1913497113	\N	1	ANL	MPEG.ANL 000496	PRESERVED_SPECIMEN	PRESENT	Etanol - 7	2018-02-20	\N	1	1
1913497112	\N	1	ANL	MPEG.ANL 000427	PRESERVED_SPECIMEN	PRESENT	Etanol - 17	2018-01-23	\N	1	1
1913497111	\N	1	ANL	MPEG.ANL 000421	PRESERVED_SPECIMEN	PRESENT	Etanol - 1	2017-09-15	\N	1	1
1913497110	\N	1	ANL	MPEG.ANL 000401	PRESERVED_SPECIMEN	PRESENT	Etanol - 3	2018-03-09	\N	1	1
1913497109	\N	1	ANL	MPEG.ANL 000442	PRESERVED_SPECIMEN	PRESENT	Etanol - 4	2017-12-19	\N	1	1
1913497108	\N	1	ANL	MPEG.ANL 000419	PRESERVED_SPECIMEN	PRESENT	Etanol - 1	2017-08-31	\N	1	1
1913497107	\N	1	ANL	MPEG.ANL 000414	PRESERVED_SPECIMEN	PRESENT	Etanol - 2	2018-03-08	\N	1	1
1913497106	\N	1	ANL	MPEG.ANL 000430	PRESERVED_SPECIMEN	PRESENT	Etanol - 11	2018-01-24	\N	1	1
1913497105	\N	1	ANL	MPEG.ANL 000413	PRESERVED_SPECIMEN	PRESENT	Etanol - 36	2018-03-08	\N	1	1
1913497104	\N	1	ANL	MPEG.ANL 000400	PRESERVED_SPECIMEN	PRESENT	Etanol - 2	2018-03-09	\N	1	1
1913497103	\N	1	ANL	MPEG.ANL 000508	PRESERVED_SPECIMEN	PRESENT	EtOH - 23	2017-09-03	\N	1	82
1913497102	\N	1	ANL	MPEG.ANL 000386	PRESERVED_SPECIMEN	PRESENT	Etanol - 1	2017-09-12	\N	1	1
1913497101	\N	1	ANL	MPEG.ANL 000472	PRESERVED_SPECIMEN	PRESENT	Etanol - 39	2017-11-23	\N	1	1
1913497100	\N	1	ANL	MPEG.ANL 000408	PRESERVED_SPECIMEN	PRESENT	Etanol - 3	2018-03-08	\N	1	1
1913497099	\N	1	ANL	MPEG.ANL 000403	PRESERVED_SPECIMEN	PRESENT	Etanol - 10	2018-03-07	\N	1	1
1913497098	\N	1	ANL	MPEG.ANL 000410	PRESERVED_SPECIMEN	PRESENT	Etanol - 2	2018-03-08	\N	1	1
1913497097	\N	1	ANL	MPEG.ANL 000411	PRESERVED_SPECIMEN	PRESENT	Etanol - 25	2018-03-08	\N	1	1
1913497096	\N	1	ANL	MPEG.ANL 000426	PRESERVED_SPECIMEN	PRESENT	Etanol - 29	2018-01-24	\N	1	1
1913497095	\N	1	ANL	MPEG.ANL 000451	PRESERVED_SPECIMEN	PRESENT	Etanol - 1	2017-09-13	\N	1	1
1913497094	\N	1	ANL	MPEG.ANL 000405	PRESERVED_SPECIMEN	PRESENT	Etanol - 11	2018-03-07	\N	1	1
1913497093	\N	1	ANL	MPEG.ANL 000431	PRESERVED_SPECIMEN	PRESENT	Etanol - 9	2017-10-02	\N	1	1
1913497092	\N	1	ANL	MPEG.ANL 000394	PRESERVED_SPECIMEN	PRESENT	Etanol - 23	2018-03-06	\N	1	1
1913497091	\N	1	ANL	MPEG.ANL 000449	PRESERVED_SPECIMEN	PRESENT	Etanol - 18	2018-02-20	\N	1	1
1913497090	\N	1	ANL	MPEG.ANL 000432	PRESERVED_SPECIMEN	PRESENT	Etanol - 9	2018-01-25	\N	1	1
1913497089	\N	1	ANL	MPEG.ANL 000388	PRESERVED_SPECIMEN	PRESENT	Etanol - 4	2018-03-05	\N	1	1
1913497088	\N	1	ANL	MPEG.ANL 000415	PRESERVED_SPECIMEN	PRESENT	Etanol - 1	2018-03-08	\N	1	1
1913497087	\N	1	ANL	MPEG.ANL 000412	PRESERVED_SPECIMEN	PRESENT	Etanol - 7	2018-03-08	\N	1	1
1913497086	\N	1	ANL	MPEG.ANL 000396	PRESERVED_SPECIMEN	PRESENT	Etanol - 3	2018-03-09	\N	1	1
1913497085	\N	1	ANL	MPEG.ANL 000422	PRESERVED_SPECIMEN	PRESENT	Etanol - 1	2017-09-14	\N	1	1
1913497084	\N	1	ANL	MPEG.ANL 000399	PRESERVED_SPECIMEN	PRESENT	Etanol - 28	2018-03-09	\N	1	1
1913497083	\N	1	ANL	MPEG.ANL 000502	PRESERVED_SPECIMEN	PRESENT	EtOH - 4	\N	Coleta na Sede da Caramuru Alimentos S.A.	1	83
1913497082	\N	1	ANL	MPEG.ANL 000407	PRESERVED_SPECIMEN	PRESENT	Etanol - 54	2018-03-07	\N	1	1
1913497081	\N	1	ANL	MPEG.ANL 000446	PRESERVED_SPECIMEN	PRESENT	Etanol - 2	2018-01-24	\N	1	1
1913497080	\N	1	ANL	MPEG.ANL 000397	PRESERVED_SPECIMEN	PRESENT	Etanol - 6	2018-03-09	\N	1	1
1913497079	\N	1	ANL	MPEG.ANL 000406	PRESERVED_SPECIMEN	PRESENT	Etanol - 2	2018-03-07	\N	1	1
1913497078	\N	1	ANL	MPEG.ANL 000389	PRESERVED_SPECIMEN	PRESENT	Etanol - 1	2018-03-05	\N	1	1
1913497077	\N	1	ANL	MPEG.ANL 000398	PRESERVED_SPECIMEN	PRESENT	Etanol - 2	2018-03-09	\N	1	1
1913497076	\N	1	ANL	MPEG.ANL 000392	PRESERVED_SPECIMEN	PRESENT	Etanol - 2	2018-03-05	\N	1	1
1913497075	\N	1	ANL	MPEG.ANL 000425	PRESERVED_SPECIMEN	PRESENT	Etanol - 32	2018-01-24	\N	1	1
1913497074	\N	1	ANL	MPEG.ANL 000391	PRESERVED_SPECIMEN	PRESENT	Etanol - 5	2018-03-05	\N	1	1
1913497073	\N	1	ANL	MPEG.ANL 000416	PRESERVED_SPECIMEN	PRESENT	Etanol - 3	2018-03-08	\N	1	1
1913497072	\N	1	ANL	MPEG.ANL 000434	PRESERVED_SPECIMEN	PRESENT	Etanol - 42	2018-01-26	\N	1	1
1913497071	\N	1	ANL	MPEG.ANL 000409	PRESERVED_SPECIMEN	PRESENT	Etanol - 1	2018-03-08	\N	1	1
1913497070	\N	1	ANL	MPEG.ANL 000387	PRESERVED_SPECIMEN	PRESENT	Etanol - 8	2018-03-05	\N	1	1
1913497069	\N	1	ANL	MPEG.ANL 000404	PRESERVED_SPECIMEN	PRESENT	Etanol - 1	2018-03-07	\N	1	1
1913497068	\N	1	ANL	MPEG.ANL 000395	PRESERVED_SPECIMEN	PRESENT	Etanol - 1	2018-03-06	\N	1	1
1913497067	\N	1	ANL	MPEG.ANL 000383	PRESERVED_SPECIMEN	PRESENT	Etanol - 3	2018-01-23	\N	1	1
1913497066	\N	1	ANL	MPEG.ANL 000390	PRESERVED_SPECIMEN	PRESENT	Etanol - 31	2018-03-05	\N	1	1
1913497065	\N	1	ANL	MPEG.ANL 000504	PRESERVED_SPECIMEN	PRESENT	EtOH - 5	2017-12-16	Coleta na Sede da Caramuru Alimentos S.A.	1	83
1913497064	\N	1	ANL	MPEG.ANL 000382	PRESERVED_SPECIMEN	PRESENT	Etanol - 1	2017-09-13	\N	1	1
1913497063	\N	1	ANL	MPEG.ANL 000384	PRESERVED_SPECIMEN	PRESENT	Etanol - 1	2017-08-29	\N	1	1
1913497062	\N	1	ANL	MPEG.ANL 000424	PRESERVED_SPECIMEN	PRESENT	Etanol - 1	2017-08-30	\N	1	1
1913497061	\N	1	ANL	MPEG.ANL 000506	PRESERVED_SPECIMEN	PRESENT	EtOH - 1	2017-12-16	Coleta na Sede da Caramuru Alimentos S.A.	1	83
1913497060	\N	1	ANL	MPEG.ANL 000505	PRESERVED_SPECIMEN	PRESENT	EtOH - 3	\N	Coleta na Sede da Caramuru Alimentos S.A.	1	83
1913497059	\N	1	ANL	MPEG.ANL 000385	PRESERVED_SPECIMEN	PRESENT	Etanol - 3	2017-08-21	\N	1	1
1913497058	\N	1	ANL	MPEG.ANL 000503	PRESERVED_SPECIMEN	PRESENT	EtOH - 2	2017-02-16	Coleta na Sede da Caramuru Alimentos S.A.	1	83
1913497057	\N	1	ANL	MPEG.ANL 000393	PRESERVED_SPECIMEN	PRESENT	Etanol - 17	2018-03-06	\N	1	1
1438492829	\N	1	ANL	MPEG.ANL 000351	PRESERVED_SPECIMEN	PRESENT	Etanol - 1	1983-02-27	\N	1	84
1438492828	\N	1	ANL	MPEG.ANL 000356	PRESERVED_SPECIMEN	PRESENT	Etanol - 1	1985-10-30	\N	1	85
1438492827	\N	1	ANL	MPEG.ANL 000359	PRESERVED_SPECIMEN	PRESENT	Etanol - 4	1985-10-30	\N	1	85
1438492826	\N	1	ANL	MPEG.ANL 000357	PRESERVED_SPECIMEN	PRESENT	Etanol - 2	1985-01-28	\N	1	85
1438492825	\N	1	ANL	MPEG.ANL 000352	PRESERVED_SPECIMEN	PRESENT	Etanol - 6	1984-05-13	\N	1	86
1438492824	\N	1	ANL	MPEG.ANL 000353	PRESERVED_SPECIMEN	PRESENT	Etanol - 10	1983-02-25	\N	1	84
1438492823	\N	1	ANL	MPEG.ANL 000358	PRESERVED_SPECIMEN	PRESENT	Etanol - 4	1985-10-30	\N	1	85
1438492822	\N	1	ANL	MPEG.ANL 000354	PRESERVED_SPECIMEN	PRESENT	Etanol - 2	1985-10-29	\N	1	85
1438492821	\N	1	ANL	MPEG.ANL 000326	PRESERVED_SPECIMEN	PRESENT	Etanol - 2	2014-05-28	\N	1	87
1438492820	\N	1	ANL	MPEG.ANL 000345	PRESERVED_SPECIMEN	PRESENT	Etanol - 5	1984-03-12	\N	1	87
1438492819	\N	1	ANL	MPEG.ANL 000341	PRESERVED_SPECIMEN	PRESENT	Etanol - 1	1984-03-05	\N	1	89
1438492818	\N	1	ANL	MPEG.ANL 000348	PRESERVED_SPECIMEN	PRESENT	Etanol - 6	1983-04-01	\N	1	84
1438492817	\N	1	ANL	MPEG.ANL 000339	PRESERVED_SPECIMEN	PRESENT	Etanol - 1	1984-06-26	\N	1	90
1438492816	\N	1	ANL	MPEG.ANL 000331	PRESERVED_SPECIMEN	PRESENT	Etanol - 3	2010-06-01	\N	1	91
1438492815	\N	1	ANL	MPEG.ANL 000340	PRESERVED_SPECIMEN	PRESENT	Etanol - 5	1984-05-12	\N	1	86
1438492814	\N	1	ANL	MPEG.ANL 000334	PRESERVED_SPECIMEN	PRESENT	Etanol - 1	2010-06-01	\N	1	92
1438492813	\N	1	ANL	MPEG.ANL 000337	PRESERVED_SPECIMEN	PRESENT	Etanol - 1	1984-04-03	\N	1	87
1438492812	\N	1	ANL	MPEG.ANL 000346	PRESERVED_SPECIMEN	PRESENT	Etanol - 1	1984-03-10	\N	1	93
1438492811	\N	1	ANL	MPEG.ANL 000349	PRESERVED_SPECIMEN	PRESENT	Etanol - 8	1983-04-01	\N	1	84
1438492810	\N	1	ANL	MPEG.ANL 000332	PRESERVED_SPECIMEN	PRESENT	Etanol - 2	2010-06-01	\N	1	92
1438492809	\N	1	ANL	MPEG.ANL 000327	PRESERVED_SPECIMEN	PRESENT	Etanol - 1	2014-05-28	\N	1	94
1438492808	\N	1	ANL	MPEG.ANL 000328	PRESERVED_SPECIMEN	PRESENT	Etanol - 1	2014-05-28	\N	1	95
1438492807	\N	1	ANL	MPEG.ANL 000335	PRESERVED_SPECIMEN	PRESENT	Etanol - 1	1984-06-15	\N	1	96
1438492806	\N	1	ANL	MPEG.ANL 000347	PRESERVED_SPECIMEN	PRESENT	Etanol - 4	1983-02-27	\N	1	84
1438492805	\N	1	ANL	MPEG.ANL 000338	PRESERVED_SPECIMEN	PRESENT	Etanol - 1	1984-06-28	\N	1	90
1438492804	\N	1	ANL	MPEG.ANL 000355	PRESERVED_SPECIMEN	PRESENT	Etanol - 9	1985-10-29	\N	1	85
1438492803	\N	1	ANL	MPEG.ANL 000333	PRESERVED_SPECIMEN	PRESENT	Etanol - 3	2010-06-01	\N	1	92
1438492802	\N	1	ANL	MPEG.ANL 000344	PRESERVED_SPECIMEN	PRESENT	Etanol - 2	1984-03-12	\N	1	87
1438492801	\N	1	ANL	MPEG.ANL 000336	PRESERVED_SPECIMEN	PRESENT	Etanol - 1	1984-06-15	\N	1	96
1438492800	\N	1	ANL	MPEG.ANL 000343	PRESERVED_SPECIMEN	PRESENT	Etanol - 1	1984-03-13	\N	1	89
1438492799	\N	1	ANL	MPEG.ANL 000329	PRESERVED_SPECIMEN	PRESENT	Etanol - 1	2010-06-01	\N	1	91
1438492798	\N	1	ANL	MPEG.ANL 000301	PRESERVED_SPECIMEN	PRESENT	Etanol - 1	2015-03-22	\N	1	97
1438492797	\N	1	ANL	MPEG.ANL 000320	PRESERVED_SPECIMEN	PRESENT	Etanol - 1	2014-06-20	\N	1	98
1438492796	\N	1	ANL	MPEG.ANL 000323	PRESERVED_SPECIMEN	PRESENT	Etanol - 1	2015-03-22	\N	1	99
1438492795	\N	1	ANL	MPEG.ANL 000316	PRESERVED_SPECIMEN	PRESENT	Etanol - 1	2015-03-22	\N	1	99
1438492794	\N	1	ANL	MPEG.ANL 000315	PRESERVED_SPECIMEN	PRESENT	Etanol - 1	2015-03-22	\N	1	99
1438492793	\N	1	ANL	MPEG.ANL 000306	PRESERVED_SPECIMEN	PRESENT	Etanol - 1	2015-03-22	\N	1	100
1438492792	\N	1	ANL	MPEG.ANL 000342	PRESERVED_SPECIMEN	PRESENT	Etanol - 1	1984-03-13	\N	1	89
1438492791	\N	1	ANL	MPEG.ANL 000312	PRESERVED_SPECIMEN	PRESENT	Etanol - 3	2015-03-22	\N	1	101
1438492790	\N	1	ANL	MPEG.ANL 000309	PRESERVED_SPECIMEN	PRESENT	Etanol - 1	2015-03-22	\N	1	99
1438492789	\N	1	ANL	MPEG.ANL 000314	PRESERVED_SPECIMEN	PRESENT	Etanol - 1	2015-03-22	\N	1	102
1438492788	\N	1	ANL	MPEG.ANL 000321	PRESERVED_SPECIMEN	PRESENT	Etanol - 1	2014-05-28	\N	1	94
1438492787	\N	1	ANL	MPEG.ANL 000324	PRESERVED_SPECIMEN	PRESENT	Etanol - 1	2015-05-18	\N	1	103
1438492786	\N	1	ANL	MPEG.ANL 000307	PRESERVED_SPECIMEN	PRESENT	Etanol - 1	2015-03-22	\N	1	100
1438492785	\N	1	ANL	MPEG.ANL 000302	PRESERVED_SPECIMEN	PRESENT	Etanol - 1	2015-03-22	\N	1	97
1438492784	\N	1	ANL	MPEG.ANL 000303	PRESERVED_SPECIMEN	PRESENT	Etanol - 1	2015-03-22	\N	1	101
1438492783	\N	1	ANL	MPEG.ANL 000350	PRESERVED_SPECIMEN	PRESENT	Etanol - 13	1983-04-22	\N	1	84
1438492782	\N	1	ANL	MPEG.ANL 000310	PRESERVED_SPECIMEN	PRESENT	Etanol - 1	2015-03-22	\N	1	104
1438492781	\N	1	ANL	MPEG.ANL 000322	PRESERVED_SPECIMEN	PRESENT	Etanol - 1	2015-05-18	\N	1	103
1438492780	\N	1	ANL	MPEG.ANL 000308	PRESERVED_SPECIMEN	PRESENT	Etanol - 2	2015-03-22	\N	1	100
1438492779	\N	1	ANL	MPEG.ANL 000330	PRESERVED_SPECIMEN	PRESENT	Etanol - 2	2010-06-01	\N	1	105
1438492778	\N	1	ANL	MPEG.ANL 000313	PRESERVED_SPECIMEN	PRESENT	Etanol - 2	2015-03-22	\N	1	106
1438492777	\N	1	ANL	MPEG.ANL 000319	PRESERVED_SPECIMEN	PRESENT	Etanol - 1	2015-03-22	\N	1	106
1438492776	\N	1	ANL	MPEG.ANL 000311	PRESERVED_SPECIMEN	PRESENT	Etanol - 2	2015-03-22	\N	1	107
1438492775	\N	1	ANL	MPEG.ANL 000304	PRESERVED_SPECIMEN	PRESENT	Etanol - 2	2015-03-22	\N	1	100
1438492774	\N	1	ANL	MPEG.ANL 000318	PRESERVED_SPECIMEN	PRESENT	Etanol - 1	2015-03-22	\N	1	100
1438492773	\N	1	ANL	MPEG.ANL 000276	PRESERVED_SPECIMEN	PRESENT	Etanol - 1	2014-07-03	\N	1	108
1438492772	\N	1	ANL	MPEG.ANL 000295	PRESERVED_SPECIMEN	PRESENT	Etanol - 2	2015-05-18	\N	1	109
1438492771	\N	1	ANL	MPEG.ANL 000298	PRESERVED_SPECIMEN	PRESENT	Etanol - 2	2015-03-22	\N	1	99
1438492770	\N	1	ANL	MPEG.ANL 000291	PRESERVED_SPECIMEN	PRESENT	Etanol - 1	2015-03-22	\N	1	107
1438492769	\N	1	ANL	MPEG.ANL 000317	PRESERVED_SPECIMEN	PRESENT	Etanol - 1	2015-03-22	\N	1	104
1438492768	\N	1	ANL	MPEG.ANL 000289	PRESERVED_SPECIMEN	PRESENT	Etanol - 1	2015-03-22	\N	1	99
1438492767	\N	1	ANL	MPEG.ANL 000290	PRESERVED_SPECIMEN	PRESENT	Etanol - 2	2015-03-22	\N	1	100
1438492766	\N	1	ANL	MPEG.ANL 000296	PRESERVED_SPECIMEN	PRESENT	Etanol - 1	2015-05-18	\N	1	103
1438492765	\N	1	ANL	MPEG.ANL 000281	PRESERVED_SPECIMEN	PRESENT	Etanol - 1	2014-08-14	\N	1	110
1438492764	\N	1	ANL	MPEG.ANL 000284	PRESERVED_SPECIMEN	PRESENT	Etanol	\N	\N	1	111
1438492763	\N	1	ANL	MPEG.ANL 000287	PRESERVED_SPECIMEN	PRESENT	Etanol - 3	2015-03-22	\N	1	99
1438492762	\N	1	ANL	MPEG.ANL 000299	PRESERVED_SPECIMEN	PRESENT	Etanol - 1	2015-03-22	\N	1	107
1438492761	\N	1	ANL	MPEG.ANL 000278	PRESERVED_SPECIMEN	PRESENT	Etanol - 1	2013-04-17	\N	1	112
1438492760	\N	1	ANL	MPEG.ANL 000277	PRESERVED_SPECIMEN	PRESENT	Etanol - 10	2014-02-07	\N	1	113
1438492759	\N	1	ANL	MPEG.ANL 000282	PRESERVED_SPECIMEN	PRESENT	Etanol - 2	2014-02-07	\N	1	114
1438492758	\N	1	ANL	MPEG.ANL 000285	PRESERVED_SPECIMEN	PRESENT	Etanol - 4	2013-04-17	\N	1	112
1438492757	\N	1	ANL	MPEG.ANL 000325	PRESERVED_SPECIMEN	PRESENT	Etanol - 1	2014-05-28	\N	1	94
1438492756	\N	1	ANL	MPEG.ANL 000297	PRESERVED_SPECIMEN	PRESENT	Etanol - 1	2015-03-22	\N	1	99
1438492755	\N	1	ANL	MPEG.ANL 000283	PRESERVED_SPECIMEN	PRESENT	Etanol - 1	2003-11-22	\N	1	111
1438492754	\N	1	ANL	MPEG.ANL 000288	PRESERVED_SPECIMEN	PRESENT	Etanol - 3	2015-03-22	\N	1	99
1438492753	\N	1	ANL	MPEG.ANL 000305	PRESERVED_SPECIMEN	PRESENT	Etanol - 1	2015-03-22	\N	1	100
1438492752	\N	1	ANL	MPEG.ANL 000286	PRESERVED_SPECIMEN	PRESENT	Etanol - 1	2015-03-22	\N	1	102
1438492751	\N	1	ANL	MPEG.ANL 000293	PRESERVED_SPECIMEN	PRESENT	Etanol - 1	2015-03-22	\N	1	106
1438492750	\N	1	ANL	MPEG.ANL 000294	PRESERVED_SPECIMEN	PRESENT	Etanol - 1	2015-03-22	\N	1	106
1438492749	\N	1	ANL	MPEG.ANL 000279	PRESERVED_SPECIMEN	PRESENT	Etanol - 1	2013-04-17	\N	1	112
1438492748	\N	1	ANL	MPEG.ANL 000270	PRESERVED_SPECIMEN	PRESENT	Etanol - 56	2014-07-03	\N	1	115
1438492747	\N	1	ANL	MPEG.ANL 000251	PRESERVED_SPECIMEN	PRESENT	Etanol - 1	2014-08-14	\N	1	116
1438492746	\N	1	ANL	MPEG.ANL 000271	PRESERVED_SPECIMEN	PRESENT	Etanol - 94	2013-05-29	\N	1	117
1438492745	\N	1	ANL	MPEG.ANL 000264	PRESERVED_SPECIMEN	PRESENT	Etanol - 1	2014-08-14	\N	1	118
1438492744	\N	1	ANL	MPEG.ANL 000292	PRESERVED_SPECIMEN	PRESENT	Etanol - 1	2015-03-22	\N	1	107
1438492743	\N	1	ANL	MPEG.ANL 000273	PRESERVED_SPECIMEN	PRESENT	Etanol - 78	2014-08-14	\N	1	119
1438492742	\N	1	ANL	MPEG.ANL 000266	PRESERVED_SPECIMEN	PRESENT	Etanol - 59	2013-05-21	\N	1	120
1438492741	\N	1	ANL	MPEG.ANL 000259	PRESERVED_SPECIMEN	PRESENT	Etanol - 1	2014-08-14	\N	1	110
1438492740	\N	1	ANL	MPEG.ANL 000256	PRESERVED_SPECIMEN	PRESENT	Etanol - 4	2014-08-14	\N	1	110
1438492739	\N	1	ANL	MPEG.ANL 000262	PRESERVED_SPECIMEN	PRESENT	Etanol - 24	2014-08-14	\N	1	118
1438492738	\N	1	ANL	MPEG.ANL 000265	PRESERVED_SPECIMEN	PRESENT	Etanol - 18	2014-08-19	\N	1	121
1438492737	\N	1	ANL	MPEG.ANL 000257	PRESERVED_SPECIMEN	PRESENT	Etanol - 15	2014-08-14	\N	1	110
1438492736	\N	1	ANL	MPEG.ANL 000252	PRESERVED_SPECIMEN	PRESENT	Etanol - 3	2014-08-14	\N	1	116
1438492735	\N	1	ANL	MPEG.ANL 000274	PRESERVED_SPECIMEN	PRESENT	Etanol - 7	2013-08-04	\N	1	122
1438492734	\N	1	ANL	MPEG.ANL 000253	PRESERVED_SPECIMEN	PRESENT	Etanol - 1	2014-08-14	\N	1	116
1438492733	\N	1	ANL	MPEG.ANL 000300	PRESERVED_SPECIMEN	PRESENT	Etanol - 2	2015-03-22	\N	1	99
1438492732	\N	1	ANL	MPEG.ANL 000272	PRESERVED_SPECIMEN	PRESENT	Etanol - 39	2013-01-05	\N	1	123
1438492731	\N	1	ANL	MPEG.ANL 000260	PRESERVED_SPECIMEN	PRESENT	Etanol - 2	2014-08-14	\N	1	110
1438492730	\N	1	ANL	MPEG.ANL 000280	PRESERVED_SPECIMEN	PRESENT	Etanol - 1	2014-08-19	\N	1	124
1438492729	\N	1	ANL	MPEG.ANL 000268	PRESERVED_SPECIMEN	PRESENT	Etanol - 73	2013-04-17	\N	1	125
1438492728	\N	1	ANL	MPEG.ANL 000263	PRESERVED_SPECIMEN	PRESENT	Etanol - 1	2014-08-14	\N	1	118
1438492727	\N	1	ANL	MPEG.ANL 000258	PRESERVED_SPECIMEN	PRESENT	Etanol - 2	2014-08-14	\N	1	110
1438492726	\N	1	ANL	MPEG.ANL 000261	PRESERVED_SPECIMEN	PRESENT	Etanol - 1	2014-08-14	\N	1	110
1438492725	\N	1	ANL	MPEG.ANL 000269	PRESERVED_SPECIMEN	PRESENT	Etanol - 32	2012-05-23	\N	1	126
1438492724	\N	1	ANL	MPEG.ANL 000245	PRESERVED_SPECIMEN	PRESENT	Etanol - 1	2013-01-05	\N	1	123
1438492723	\N	1	ANL	MPEG.ANL 000254	PRESERVED_SPECIMEN	PRESENT	Etanol - 1	2014-08-14	\N	1	116
1438492722	\N	1	ANL	MPEG.ANL 000226	PRESERVED_SPECIMEN	PRESENT	Etanol - 5	2013-04-17	\N	1	125
1438492721	\N	1	ANL	MPEG.ANL 000234	PRESERVED_SPECIMEN	PRESENT	Etanol - 1	2013-04-17	\N	1	127
1438492720	\N	1	ANL	MPEG.ANL 000248	PRESERVED_SPECIMEN	PRESENT	Etanol - 1	2014-08-14	\N	1	119
1438492719	\N	1	ANL	MPEG.ANL 000232	PRESERVED_SPECIMEN	PRESENT	Etanol - 3	2013-04-17	\N	1	128
1438492718	\N	1	ANL	MPEG.ANL 000231	PRESERVED_SPECIMEN	PRESENT	Etanol - 1	2013-04-17	\N	1	128
1438492717	\N	1	ANL	MPEG.ANL 000267	PRESERVED_SPECIMEN	PRESENT	Etanol - 15	2014-02-07	\N	1	114
1438492716	\N	1	ANL	MPEG.ANL 000246	PRESERVED_SPECIMEN	PRESENT	Etanol - 1	2013-01-05	\N	1	129
1438492715	\N	1	ANL	MPEG.ANL 000237	PRESERVED_SPECIMEN	PRESENT	Etanol - 33	2014-07-03	\N	1	115
1438492714	\N	1	ANL	MPEG.ANL 000240	PRESERVED_SPECIMEN	PRESENT	Etanol - 3	2014-07-03	\N	1	108
1438492713	\N	1	ANL	MPEG.ANL 000241	PRESERVED_SPECIMEN	PRESENT	Etanol - 2	2014-07-03	\N	1	108
1438492712	\N	1	ANL	MPEG.ANL 000249	PRESERVED_SPECIMEN	PRESENT	Etanol - 1	2014-08-14	\N	1	119
1438492711	\N	1	ANL	MPEG.ANL 000239	PRESERVED_SPECIMEN	PRESENT	Etanol - 1	2014-07-03	\N	1	108
1438492710	\N	1	ANL	MPEG.ANL 000227	PRESERVED_SPECIMEN	PRESENT	Etanol - 1	2013-04-17	\N	1	130
1438492709	\N	1	ANL	MPEG.ANL 000228	PRESERVED_SPECIMEN	PRESENT	Etanol - 2	2013-04-17	\N	1	131
1438492708	\N	1	ANL	MPEG.ANL 000247	PRESERVED_SPECIMEN	PRESENT	Etanol - 2	2014-08-14	\N	1	119
1438492707	\N	1	ANL	MPEG.ANL 000275	PRESERVED_SPECIMEN	PRESENT	Etanol - 1	2014-08-19	\N	1	132
1438492706	\N	1	ANL	MPEG.ANL 000255	PRESERVED_SPECIMEN	PRESENT	Etanol - 13	2014-08-14	\N	1	116
1438492705	\N	1	ANL	MPEG.ANL 000235	PRESERVED_SPECIMEN	PRESENT	Etanol - 2	2012-05-23	\N	1	126
1438492704	\N	1	ANL	MPEG.ANL 000238	PRESERVED_SPECIMEN	PRESENT	Etanol - 1	2014-07-03	\N	1	115
1438492703	\N	1	ANL	MPEG.ANL 000233	PRESERVED_SPECIMEN	PRESENT	Etanol - 1	2013-04-17	\N	1	128
1438492702	\N	1	ANL	MPEG.ANL 000236	PRESERVED_SPECIMEN	PRESENT	Etanol - 2	2012-05-23	\N	1	133
1438492701	\N	1	ANL	MPEG.ANL 000243	PRESERVED_SPECIMEN	PRESENT	Etanol - 1	2013-05-29	\N	1	134
1438492700	\N	1	ANL	MPEG.ANL 000229	PRESERVED_SPECIMEN	PRESENT	Etanol - 2	2013-04-17	\N	1	131
1438492699	\N	1	ANL	MPEG.ANL 000244	PRESERVED_SPECIMEN	PRESENT	Etanol - 1	2013-01-05	\N	1	135
1438492698	\N	1	ANL	MPEG.ANL 000220	PRESERVED_SPECIMEN	PRESENT	Etanol - 1	2013-05-21	\N	1	136
1438492697	\N	1	ANL	MPEG.ANL 000201	PRESERVED_SPECIMEN	PRESENT	Etanol - 1	\N	\N	1	87
1438492696	\N	1	ANL	MPEG.ANL 000221	PRESERVED_SPECIMEN	PRESENT	Etanol - 1	2013-08-04	\N	1	122
1438492695	\N	1	ANL	MPEG.ANL 000212	PRESERVED_SPECIMEN	PRESENT	Etanol - 1	\N	\N	1	138
1438492694	\N	1	ANL	MPEG.ANL 000209	PRESERVED_SPECIMEN	PRESENT	Etanol - 2	\N	\N	1	139
1438492693	\N	1	ANL	MPEG.ANL 000215	PRESERVED_SPECIMEN	PRESENT	Etanol - 2	2014-08-19	\N	1	121
1438492692	\N	1	ANL	MPEG.ANL 000206	PRESERVED_SPECIMEN	PRESENT	Etanol - 1	\N	\N	1	138
1438492691	\N	1	ANL	MPEG.ANL 000224	PRESERVED_SPECIMEN	PRESENT	Etanol - 1	2014-02-07	\N	1	140
1438492690	\N	1	ANL	MPEG.ANL 000207	PRESERVED_SPECIMEN	PRESENT	Etanol - 1	\N	\N	1	141
1438492689	\N	1	ANL	MPEG.ANL 000223	PRESERVED_SPECIMEN	PRESENT	Etanol - 6	2014-02-07	\N	1	140
1438492688	\N	1	ANL	MPEG.ANL 000214	PRESERVED_SPECIMEN	PRESENT	Etanol - 1	\N	\N	1	138
1438492687	\N	1	ANL	MPEG.ANL 000216	PRESERVED_SPECIMEN	PRESENT	Etanol - 2	2014-08-19	\N	1	142
1438492686	\N	1	ANL	MPEG.ANL 000242	PRESERVED_SPECIMEN	PRESENT	Etanol - 1	2013-05-29	\N	1	117
1438492685	\N	1	ANL	MPEG.ANL 000222	PRESERVED_SPECIMEN	PRESENT	Etanol - 3	2014-02-07	\N	1	114
1438492684	\N	1	ANL	MPEG.ANL 000203	PRESERVED_SPECIMEN	PRESENT	Etanol - 2	\N	\N	1	139
1438492683	\N	1	ANL	MPEG.ANL 000213	PRESERVED_SPECIMEN	PRESENT	Etanol - 1	\N	\N	1	138
1438492682	\N	1	ANL	MPEG.ANL 000210	PRESERVED_SPECIMEN	PRESENT	Etanol - 1	\N	\N	1	138
1438492681	\N	1	ANL	MPEG.ANL 000202	PRESERVED_SPECIMEN	PRESENT	Etanol - 1	\N	\N	1	139
1438492680	\N	1	ANL	MPEG.ANL 000250	PRESERVED_SPECIMEN	PRESENT	Etanol - 1	2014-08-14	\N	1	116
1438492679	\N	1	ANL	MPEG.ANL 000211	PRESERVED_SPECIMEN	PRESENT	Etanol - 1	\N	\N	1	141
1438492678	\N	1	ANL	MPEG.ANL 000208	PRESERVED_SPECIMEN	PRESENT	Etanol - 1	\N	\N	1	139
1438492677	\N	1	ANL	MPEG.ANL 000230	PRESERVED_SPECIMEN	PRESENT	Etanol - 1	2013-04-17	\N	1	128
1438492676	\N	1	ANL	MPEG.ANL 000204	PRESERVED_SPECIMEN	PRESENT	Etanol - 1	\N	\N	1	141
1438492675	\N	1	ANL	MPEG.ANL 000218	PRESERVED_SPECIMEN	PRESENT	Etanol - 1	2014-08-19	\N	1	124
1438492674	\N	1	ANL	MPEG.ANL 000195	PRESERVED_SPECIMEN	PRESENT	Etanol - 1	\N	\N	1	138
1438492673	\N	1	ANL	MPEG.ANL 000176	PRESERVED_SPECIMEN	PRESENT	Etanol - 1	2010-03-29	\N	1	143
1438492672	\N	1	ANL	MPEG.ANL 000219	PRESERVED_SPECIMEN	PRESENT	Etanol - 1	2013-05-21	\N	1	120
1438492671	\N	1	ANL	MPEG.ANL 000196	PRESERVED_SPECIMEN	PRESENT	Etanol - 1	\N	\N	1	138
1438492670	\N	1	ANL	MPEG.ANL 000182	PRESERVED_SPECIMEN	PRESENT	Etanol - 15	2010-03-29	\N	1	143
1438492669	\N	1	ANL	MPEG.ANL 000187	PRESERVED_SPECIMEN	PRESENT	Etanol - 1	\N	\N	1	144
1438492668	\N	1	ANL	MPEG.ANL 000190	PRESERVED_SPECIMEN	PRESENT	Etanol - 1	\N	\N	1	145
1438492667	\N	1	ANL	MPEG.ANL 000181	PRESERVED_SPECIMEN	PRESENT	Etanol - 2	2010-05-29	\N	1	143
1438492666	\N	1	ANL	MPEG.ANL 000178	PRESERVED_SPECIMEN	PRESENT	Etanol - 2	2010-03-28	\N	1	143
1438492665	\N	1	ANL	MPEG.ANL 000184	PRESERVED_SPECIMEN	PRESENT	Etanol - 1	2011-06-14	\N	1	146
1438492664	\N	1	ANL	MPEG.ANL 000199	PRESERVED_SPECIMEN	PRESENT	Etanol - 1	\N	\N	1	138
1438492663	\N	1	ANL	MPEG.ANL 000189	PRESERVED_SPECIMEN	PRESENT	Etanol - 1	\N	\N	1	147
1438492662	\N	1	ANL	MPEG.ANL 000183	PRESERVED_SPECIMEN	PRESENT	Etanol - 1	2010-03-28	\N	1	143
1438492661	\N	1	ANL	MPEG.ANL 000177	PRESERVED_SPECIMEN	PRESENT	Etanol - 2	2010-03-29	\N	1	143
1438492660	\N	1	ANL	MPEG.ANL 000225	PRESERVED_SPECIMEN	PRESENT	Etanol - 13	2014-02-07	\N	1	113
1438492659	\N	1	ANL	MPEG.ANL 000186	PRESERVED_SPECIMEN	PRESENT	Etanol - 3	\N	\N	1	148
1438492658	\N	1	ANL	MPEG.ANL 000197	PRESERVED_SPECIMEN	PRESENT	Etanol - 1	\N	\N	1	141
1438492657	\N	1	ANL	MPEG.ANL 000198	PRESERVED_SPECIMEN	PRESENT	Etanol - 3	\N	\N	1	138
1438492656	\N	1	ANL	MPEG.ANL 000217	PRESERVED_SPECIMEN	PRESENT	Etanol - 9	2014-08-19	\N	1	124
1438492655	\N	1	ANL	MPEG.ANL 000191	PRESERVED_SPECIMEN	PRESENT	Etanol - 1	\N	\N	1	149
1438492654	\N	1	ANL	MPEG.ANL 000185	PRESERVED_SPECIMEN	PRESENT	Etanol - 1	\N	\N	1	150
1438492653	\N	1	ANL	MPEG.ANL 000179	PRESERVED_SPECIMEN	PRESENT	Etanol - 2	2010-03-29	\N	1	143
1438492652	\N	1	ANL	MPEG.ANL 000188	PRESERVED_SPECIMEN	PRESENT	Etanol - 1	\N	\N	1	147
1438492651	\N	1	ANL	MPEG.ANL 000193	PRESERVED_SPECIMEN	PRESENT	Etanol - 1	\N	\N	1	138
1438492650	\N	1	ANL	MPEG.ANL 000205	PRESERVED_SPECIMEN	PRESENT	Etanol - 1	\N	\N	1	139
1438492649	\N	1	ANL	MPEG.ANL 000194	PRESERVED_SPECIMEN	PRESENT	Etanol - 4	\N	\N	1	141
1438492648	\N	1	ANL	MPEG.ANL 000151	PRESERVED_SPECIMEN	PRESENT	Etanol - 1	2011-04-30	\N	1	151
1438492647	\N	1	ANL	MPEG.ANL 000170	PRESERVED_SPECIMEN	PRESENT	Etanol - 1	2010-03-29	\N	1	143
1438492646	\N	1	ANL	MPEG.ANL 000192	PRESERVED_SPECIMEN	PRESENT	Etanol - 1	\N	\N	1	152
1438492645	\N	1	ANL	MPEG.ANL 000180	PRESERVED_SPECIMEN	PRESENT	Etanol - 9	2009-08-20	\N	1	143
1438492644	\N	1	ANL	MPEG.ANL 000159	PRESERVED_SPECIMEN	PRESENT	Etanol - 2	2010-05-29	\N	1	143
1438492643	\N	1	ANL	MPEG.ANL 000165	PRESERVED_SPECIMEN	PRESENT	Etanol - 33	2010-03-28	\N	1	143
1438492642	\N	1	ANL	MPEG.ANL 000166	PRESERVED_SPECIMEN	PRESENT	Etanol - 27	2010-03-29	\N	1	143
1438492641	\N	1	ANL	MPEG.ANL 000200	PRESERVED_SPECIMEN	PRESENT	Etanol - 2	\N	\N	1	138
1438492640	\N	1	ANL	MPEG.ANL 000174	PRESERVED_SPECIMEN	PRESENT	Etanol - 213	2010-03-28	\N	1	143
1438492639	\N	1	ANL	MPEG.ANL 000172	PRESERVED_SPECIMEN	PRESENT	Etanol - 2	2010-03-29	\N	1	143
1438492638	\N	1	ANL	MPEG.ANL 000161	PRESERVED_SPECIMEN	PRESENT	Etanol - 1	2010-05-29	\N	1	143
1438492637	\N	1	ANL	MPEG.ANL 000154	PRESERVED_SPECIMEN	PRESENT	Etanol - 1	2011-04-30	\N	1	151
1438492636	\N	1	ANL	MPEG.ANL 000164	PRESERVED_SPECIMEN	PRESENT	Etanol - 2	2010-05-29	\N	1	143
1438492635	\N	1	ANL	MPEG.ANL 000171	PRESERVED_SPECIMEN	PRESENT	Etanol - 1	2010-05-29	\N	1	143
1438492634	\N	1	ANL	MPEG.ANL 000156	PRESERVED_SPECIMEN	PRESENT	Etanol - 20	2011-04-28	\N	1	151
1438492633	\N	1	ANL	MPEG.ANL 000157	PRESERVED_SPECIMEN	PRESENT	Etanol - 26	2011-05-03	\N	1	153
1438492632	\N	1	ANL	MPEG.ANL 000152	PRESERVED_SPECIMEN	PRESENT	Etanol - 1	2011-04-30	\N	1	151
1438492631	\N	1	ANL	MPEG.ANL 000173	PRESERVED_SPECIMEN	PRESENT	Etanol - 44	2010-05-29	\N	1	143
1438492630	\N	1	ANL	MPEG.ANL 000158	PRESERVED_SPECIMEN	PRESENT	Etanol - 7	2010-05-29	\N	1	143
1438492629	\N	1	ANL	MPEG.ANL 000162	PRESERVED_SPECIMEN	PRESENT	Etanol - 1	2010-03-28	\N	1	143
1438492628	\N	1	ANL	MPEG.ANL 000153	PRESERVED_SPECIMEN	PRESENT	Etanol - 1	2011-04-30	\N	1	151
1438492627	\N	1	ANL	MPEG.ANL 000160	PRESERVED_SPECIMEN	PRESENT	Etanol - 1	2009-08-22	\N	1	143
1438492626	\N	1	ANL	MPEG.ANL 000169	PRESERVED_SPECIMEN	PRESENT	Etanol - 1	2010-03-29	\N	1	143
1438492625	\N	1	ANL	MPEG.ANL 000163	PRESERVED_SPECIMEN	PRESENT	Etanol - 12	2010-03-29	\N	1	143
1438492624	\N	1	ANL	MPEG.ANL 000168	PRESERVED_SPECIMEN	PRESENT	Etanol - 12	2010-05-29	\N	1	143
1438492623	\N	1	ANL	MPEG.ANL 000167	PRESERVED_SPECIMEN	PRESENT	Etanol - 46	2010-03-28	\N	1	143
1438492622	\N	1	ANL	MPEG.ANL 000145	PRESERVED_SPECIMEN	PRESENT	Etanol - 1	2011-04-30	\N	1	151
1438492621	\N	1	ANL	MPEG.ANL 000126	PRESERVED_SPECIMEN	PRESENT	Etanol - 1	2011-04-30	\N	1	151
1438492620	\N	1	ANL	MPEG.ANL 000155	PRESERVED_SPECIMEN	PRESENT	Etanol - 1	2011-04-30	\N	1	151
1438492619	\N	1	ANL	MPEG.ANL 000175	PRESERVED_SPECIMEN	PRESENT	Etanol - 2	2010-03-28	\N	1	143
1438492618	\N	1	ANL	MPEG.ANL 000147	PRESERVED_SPECIMEN	PRESENT	Etanol - 1	2011-04-30	\N	1	151
1438492617	\N	1	ANL	MPEG.ANL 000149	PRESERVED_SPECIMEN	PRESENT	Etanol - 1	2011-04-30	\N	1	151
1438492616	\N	1	ANL	MPEG.ANL 000140	PRESERVED_SPECIMEN	PRESENT	Etanol - 1	2011-04-30	\N	1	151
1438492615	\N	1	ANL	MPEG.ANL 000141	PRESERVED_SPECIMEN	PRESENT	Etanol - 1	2011-04-30	\N	1	151
1438492614	\N	1	ANL	MPEG.ANL 000134	PRESERVED_SPECIMEN	PRESENT	Etanol - 1	2011-04-30	\N	1	151
1438492613	\N	1	ANL	MPEG.ANL 000146	PRESERVED_SPECIMEN	PRESENT	Etanol - 1	2011-04-30	\N	1	151
1438492612	\N	1	ANL	MPEG.ANL 000136	PRESERVED_SPECIMEN	PRESENT	Etanol - 1	2011-04-30	\N	1	151
1438492611	\N	1	ANL	MPEG.ANL 000129	PRESERVED_SPECIMEN	PRESENT	Etanol - 1	2011-04-30	\N	1	151
1438492610	\N	1	ANL	MPEG.ANL 000139	PRESERVED_SPECIMEN	PRESENT	Etanol - 1	2011-04-30	\N	1	151
1438492609	\N	1	ANL	MPEG.ANL 000132	PRESERVED_SPECIMEN	PRESENT	Etanol - 1	2011-04-30	\N	1	151
1438492608	\N	1	ANL	MPEG.ANL 000131	PRESERVED_SPECIMEN	PRESENT	Etanol - 1	2011-04-30	\N	1	151
1438492607	\N	1	ANL	MPEG.ANL 000137	PRESERVED_SPECIMEN	PRESENT	Etanol - 1	2011-04-30	\N	1	151
1438492606	\N	1	ANL	MPEG.ANL 000127	PRESERVED_SPECIMEN	PRESENT	Etanol - 1	2011-04-30	\N	1	151
1438492605	\N	1	ANL	MPEG.ANL 000135	PRESERVED_SPECIMEN	PRESENT	Etanol - 1	2011-04-30	\N	1	151
1438492604	\N	1	ANL	MPEG.ANL 000133	PRESERVED_SPECIMEN	PRESENT	Etanol - 1	2011-04-30	\N	1	151
1438492603	\N	1	ANL	MPEG.ANL 000148	PRESERVED_SPECIMEN	PRESENT	Etanol - 1	2011-04-30	\N	1	151
1438492602	\N	1	ANL	MPEG.ANL 000128	PRESERVED_SPECIMEN	PRESENT	Etanol - 1	2011-04-30	\N	1	151
1438492601	\N	1	ANL	MPEG.ANL 000144	PRESERVED_SPECIMEN	PRESENT	Etanol - 1	2011-04-30	\N	1	151
1438492600	\N	1	ANL	MPEG.ANL 000150	PRESERVED_SPECIMEN	PRESENT	Etanol - 1	2011-04-30	\N	1	151
1438492599	\N	1	ANL	MPEG.ANL 000138	PRESERVED_SPECIMEN	PRESENT	Etanol - 1	2011-04-30	\N	1	151
1438492598	\N	1	ANL	MPEG.ANL 000142	PRESERVED_SPECIMEN	PRESENT	Etanol - 1	2011-04-30	\N	1	151
1438492597	\N	1	ANL	MPEG.ANL 000143	PRESERVED_SPECIMEN	PRESENT	Etanol - 1	2011-04-30	\N	1	151
1438492596	\N	1	ANL	MPEG.ANL 000130	PRESERVED_SPECIMEN	PRESENT	Etanol - 1	2011-04-30	\N	1	151
1438492595	\N	1	ANL	MPEG.ANL 000124	PRESERVED_SPECIMEN	PRESENT	Etanol - 1	2011-04-30	\N	1	151
1438492594	\N	1	ANL	MPEG.ANL 000116	PRESERVED_SPECIMEN	PRESENT	Etanol - 1	2011-04-30	\N	1	151
1438492593	\N	1	ANL	MPEG.ANL 000120	PRESERVED_SPECIMEN	PRESENT	Etanol - 1	2011-04-30	\N	1	151
1438492592	\N	1	ANL	MPEG.ANL 000101	PRESERVED_SPECIMEN	PRESENT	Etanol - 1	2011-04-30	\N	1	154
1438492591	\N	1	ANL	MPEG.ANL 000115	PRESERVED_SPECIMEN	PRESENT	Etanol - 1	2011-04-30	\N	1	151
1438492590	\N	1	ANL	MPEG.ANL 000122	PRESERVED_SPECIMEN	PRESENT	Etanol - 1	2011-04-30	\N	1	151
1438492589	\N	1	ANL	MPEG.ANL 000111	PRESERVED_SPECIMEN	PRESENT	Etanol - 1	2011-04-30	\N	1	154
1438492588	\N	1	ANL	MPEG.ANL 000104	PRESERVED_SPECIMEN	PRESENT	Etanol - 1	2011-04-30	\N	1	154
1438492587	\N	1	ANL	MPEG.ANL 000109	PRESERVED_SPECIMEN	PRESENT	Etanol - 1	2011-04-30	\N	1	154
1438492586	\N	1	ANL	MPEG.ANL 000121	PRESERVED_SPECIMEN	PRESENT	Etanol - 1	2011-04-30	\N	1	151
1438492585	\N	1	ANL	MPEG.ANL 000114	PRESERVED_SPECIMEN	PRESENT	Etanol - 1	2011-04-30	\N	1	151
1438492584	\N	1	ANL	MPEG.ANL 000107	PRESERVED_SPECIMEN	PRESENT	Etanol - 1	2011-04-30	\N	1	154
1438492583	\N	1	ANL	MPEG.ANL 000106	PRESERVED_SPECIMEN	PRESENT	Etanol - 1	2011-04-30	\N	1	154
1438492582	\N	1	ANL	MPEG.ANL 000110	PRESERVED_SPECIMEN	PRESENT	Etanol - 1	2011-04-30	\N	1	154
1438492581	\N	1	ANL	MPEG.ANL 000123	PRESERVED_SPECIMEN	PRESENT	Etanol - 1	2011-04-30	\N	1	151
1438492580	\N	1	ANL	MPEG.ANL 000108	PRESERVED_SPECIMEN	PRESENT	Etanol - 1	2011-04-30	\N	1	154
1438492579	\N	1	ANL	MPEG.ANL 000102	PRESERVED_SPECIMEN	PRESENT	Etanol - 1	2011-04-30	\N	1	154
1438492578	\N	1	ANL	MPEG.ANL 000112	PRESERVED_SPECIMEN	PRESENT	Etanol - 1	2011-04-30	\N	1	154
1438492577	\N	1	ANL	MPEG.ANL 000103	PRESERVED_SPECIMEN	PRESENT	Etanol - 1	2011-04-30	\N	1	154
1438492576	\N	1	ANL	MPEG.ANL 000119	PRESERVED_SPECIMEN	PRESENT	Etanol - 1	2011-04-30	\N	1	151
1438492575	\N	1	ANL	MPEG.ANL 000117	PRESERVED_SPECIMEN	PRESENT	Etanol - 1	2011-04-30	\N	1	151
1438492574	\N	1	ANL	MPEG.ANL 000125	PRESERVED_SPECIMEN	PRESENT	Etanol - 1	2011-04-30	\N	1	151
1438492573	\N	1	ANL	MPEG.ANL 000113	PRESERVED_SPECIMEN	PRESENT	Etanol - 1	2011-04-30	\N	1	154
1438492572	\N	1	ANL	MPEG.ANL 000105	PRESERVED_SPECIMEN	PRESENT	Etanol - 1	2011-04-30	\N	1	154
1438492571	\N	1	ANL	MPEG.ANL 000118	PRESERVED_SPECIMEN	PRESENT	Etanol - 1	2011-04-30	\N	1	151
1438492570	\N	1	ANL	MPEG.ANL 000099	PRESERVED_SPECIMEN	PRESENT	Etanol - 1	2011-04-30	\N	1	154
1438492569	\N	1	ANL	MPEG.ANL 000076	PRESERVED_SPECIMEN	PRESENT	Etanol - 1	2011-04-30	\N	1	154
1438492568	\N	1	ANL	MPEG.ANL 000095	PRESERVED_SPECIMEN	PRESENT	Etanol - 1	2011-04-30	\N	1	154
1438492567	\N	1	ANL	MPEG.ANL 000090	PRESERVED_SPECIMEN	PRESENT	Etanol - 1	2011-04-30	\N	1	154
1438492566	\N	1	ANL	MPEG.ANL 000079	PRESERVED_SPECIMEN	PRESENT	Etanol - 1	2011-04-30	\N	1	154
1438492565	\N	1	ANL	MPEG.ANL 000084	PRESERVED_SPECIMEN	PRESENT	Etanol - 1	2011-04-30	\N	1	154
1438492564	\N	1	ANL	MPEG.ANL 000091	PRESERVED_SPECIMEN	PRESENT	Etanol - 1	2011-04-30	\N	1	154
1438492563	\N	1	ANL	MPEG.ANL 000086	PRESERVED_SPECIMEN	PRESENT	Etanol - 1	2011-04-30	\N	1	154
1438492562	\N	1	ANL	MPEG.ANL 000097	PRESERVED_SPECIMEN	PRESENT	Etanol - 1	2011-04-30	\N	1	154
1438492561	\N	1	ANL	MPEG.ANL 000096	PRESERVED_SPECIMEN	PRESENT	Etanol - 1	2011-04-30	\N	1	154
1438492560	\N	1	ANL	MPEG.ANL 000089	PRESERVED_SPECIMEN	PRESENT	Etanol - 1	2011-04-30	\N	1	154
1438492559	\N	1	ANL	MPEG.ANL 000098	PRESERVED_SPECIMEN	PRESENT	Etanol - 1	2011-04-30	\N	1	154
1438492558	\N	1	ANL	MPEG.ANL 000082	PRESERVED_SPECIMEN	PRESENT	Etanol - 1	2011-04-30	\N	1	154
1438492557	\N	1	ANL	MPEG.ANL 000077	PRESERVED_SPECIMEN	PRESENT	Etanol - 1	2011-04-30	\N	1	154
1438492556	\N	1	ANL	MPEG.ANL 000085	PRESERVED_SPECIMEN	PRESENT	Etanol - 1	2011-04-30	\N	1	154
1438492555	\N	1	ANL	MPEG.ANL 000081	PRESERVED_SPECIMEN	PRESENT	Etanol - 1	2011-04-30	\N	1	154
1438492554	\N	1	ANL	MPEG.ANL 000083	PRESERVED_SPECIMEN	PRESENT	Etanol - 1	2011-04-30	\N	1	154
1438492553	\N	1	ANL	MPEG.ANL 000087	PRESERVED_SPECIMEN	PRESENT	Etanol - 1	2011-04-30	\N	1	154
1438492552	\N	1	ANL	MPEG.ANL 000078	PRESERVED_SPECIMEN	PRESENT	Etanol - 1	2011-04-30	\N	1	154
1438492551	\N	1	ANL	MPEG.ANL 000094	PRESERVED_SPECIMEN	PRESENT	Etanol - 1	2011-04-30	\N	1	154
1438492550	\N	1	ANL	MPEG.ANL 000100	PRESERVED_SPECIMEN	PRESENT	Etanol - 1	2011-04-30	\N	1	154
1438492549	\N	1	ANL	MPEG.ANL 000092	PRESERVED_SPECIMEN	PRESENT	Etanol - 1	2011-04-30	\N	1	154
1438492548	\N	1	ANL	MPEG.ANL 000088	PRESERVED_SPECIMEN	PRESENT	Etanol - 1	2011-04-30	\N	1	154
1438492547	\N	1	ANL	MPEG.ANL 000093	PRESERVED_SPECIMEN	PRESENT	Etanol - 1	2011-04-30	\N	1	154
1438492546	\N	1	ANL	MPEG.ANL 000080	PRESERVED_SPECIMEN	PRESENT	Etanol - 1	2011-04-30	\N	1	154
1438492545	\N	1	ANL	MPEG.ANL 000054	PRESERVED_SPECIMEN	PRESENT	Etanol - 2	2008-06-04	\N	1	155
1438492544	\N	1	ANL	MPEG.ANL 000070	PRESERVED_SPECIMEN	PRESENT	Etanol - 1	2011-04-30	\N	1	154
1438492543	\N	1	ANL	MPEG.ANL 000066	PRESERVED_SPECIMEN	PRESENT	Etanol - 1	2011-04-30	\N	1	154
1438492542	\N	1	ANL	MPEG.ANL 000071	PRESERVED_SPECIMEN	PRESENT	Etanol - 1	2011-04-30	\N	1	154
1438492541	\N	1	ANL	MPEG.ANL 000059	PRESERVED_SPECIMEN	PRESENT	Etanol	2008-06-04	\N	1	156
1438492540	\N	1	ANL	MPEG.ANL 000065	PRESERVED_SPECIMEN	PRESENT	Etanol - 1	2011-04-30	\N	1	154
1438492539	\N	1	ANL	MPEG.ANL 000051	PRESERVED_SPECIMEN	PRESENT	Etanol	2008-06-04	\N	1	157
1438492538	\N	1	ANL	MPEG.ANL 000064	PRESERVED_SPECIMEN	PRESENT	Etanol - 1	2011-04-30	\N	1	154
1438492537	\N	1	ANL	MPEG.ANL 000074	PRESERVED_SPECIMEN	PRESENT	Etanol - 1	2011-04-30	\N	1	154
1438492536	\N	1	ANL	MPEG.ANL 000061	PRESERVED_SPECIMEN	PRESENT	Etanol - 1	2011-04-30	\N	1	154
1438492535	\N	1	ANL	MPEG.ANL 000072	PRESERVED_SPECIMEN	PRESENT	Etanol - 1	2011-04-30	\N	1	154
1438492534	\N	1	ANL	MPEG.ANL 000073	PRESERVED_SPECIMEN	PRESENT	Etanol - 1	2011-04-30	\N	1	154
1438492533	\N	1	ANL	MPEG.ANL 000057	PRESERVED_SPECIMEN	PRESENT	Etanol	2008-06-04	\N	1	158
1438492532	\N	1	ANL	MPEG.ANL 000056	PRESERVED_SPECIMEN	PRESENT	Etanol - 1	2008-06-04	\N	1	155
1438492531	\N	1	ANL	MPEG.ANL 000060	PRESERVED_SPECIMEN	PRESENT	Etanol	2008-06-04	\N	1	159
1438492530	\N	1	ANL	MPEG.ANL 000052	PRESERVED_SPECIMEN	PRESENT	Etanol	2008-06-04	\N	1	160
1438492529	\N	1	ANL	MPEG.ANL 000062	PRESERVED_SPECIMEN	PRESENT	Etanol - 1	2011-04-30	\N	1	154
1438492528	\N	1	ANL	MPEG.ANL 000053	PRESERVED_SPECIMEN	PRESENT	Etanol - 6	2008-06-04	\N	1	155
1438492527	\N	1	ANL	MPEG.ANL 000058	PRESERVED_SPECIMEN	PRESENT	Etanol - 6	2008-06-04	\N	1	155
1438492526	\N	1	ANL	MPEG.ANL 000069	PRESERVED_SPECIMEN	PRESENT	Etanol - 1	2011-04-30	\N	1	154
1438492525	\N	1	ANL	MPEG.ANL 000067	PRESERVED_SPECIMEN	PRESENT	Etanol - 1	2011-04-30	\N	1	154
1438492524	\N	1	ANL	MPEG.ANL 000075	PRESERVED_SPECIMEN	PRESENT	Etanol - 1	2011-04-30	\N	1	154
1438492523	\N	1	ANL	MPEG.ANL 000063	PRESERVED_SPECIMEN	PRESENT	Etanol - 1	2011-04-30	\N	1	154
1438492522	\N	1	ANL	MPEG.ANL 000068	PRESERVED_SPECIMEN	PRESENT	Etanol - 1	2011-04-30	\N	1	154
1438492521	\N	1	ANL	MPEG.ANL 000055	PRESERVED_SPECIMEN	PRESENT	Etanol	2008-06-04	\N	1	158
1438492520	\N	1	ANL	MPEG.ANL 000027	PRESERVED_SPECIMEN	PRESENT	Etanol	2008-06-04	\N	1	160
1438492519	\N	1	ANL	MPEG.ANL 000046	PRESERVED_SPECIMEN	PRESENT	Etanol	2008-06-04	\N	1	161
1438492518	\N	1	ANL	MPEG.ANL 000028	PRESERVED_SPECIMEN	PRESENT	Etanol - 9	2008-06-04	\N	1	162
1438492517	\N	1	ANL	MPEG.ANL 000048	PRESERVED_SPECIMEN	PRESENT	Etanol	2008-06-04	\N	1	163
1438492516	\N	1	ANL	MPEG.ANL 000029	PRESERVED_SPECIMEN	PRESENT	Etanol - 4	2008-06-04	\N	1	164
1438492515	\N	1	ANL	MPEG.ANL 000039	PRESERVED_SPECIMEN	PRESENT	Etanol - 2	2008-06-04	\N	1	162
1438492514	\N	1	ANL	MPEG.ANL 000031	PRESERVED_SPECIMEN	PRESENT	Etanol - 3	2008-06-04	\N	1	161
1438492513	\N	1	ANL	MPEG.ANL 000033	PRESERVED_SPECIMEN	PRESENT	Etanol - 2	2008-06-04	\N	1	165
1438492512	\N	1	ANL	MPEG.ANL 000047	PRESERVED_SPECIMEN	PRESENT	Etanol - 1	2008-06-04	\N	1	163
1438492511	\N	1	ANL	MPEG.ANL 000045	PRESERVED_SPECIMEN	PRESENT	Etanol - 2	2008-06-04	\N	1	166
1438492510	\N	1	ANL	MPEG.ANL 000032	PRESERVED_SPECIMEN	PRESENT	Etanol - 1	2008-06-04	\N	1	165
1438492509	\N	1	ANL	MPEG.ANL 000049	PRESERVED_SPECIMEN	PRESENT	Etanol - 1	2008-06-04	\N	1	164
1438492508	\N	1	ANL	MPEG.ANL 000041	PRESERVED_SPECIMEN	PRESENT	Etanol - 3	2008-06-04	\N	1	160
1438492507	\N	1	ANL	MPEG.ANL 000040	PRESERVED_SPECIMEN	PRESENT	Etanol - 8	2008-06-04	\N	1	161
1438492506	\N	1	ANL	MPEG.ANL 000044	PRESERVED_SPECIMEN	PRESENT	Etanol	2008-06-04	\N	1	160
1438492505	\N	1	ANL	MPEG.ANL 000034	PRESERVED_SPECIMEN	PRESENT	Etanol	2008-06-04	\N	1	162
1438492504	\N	1	ANL	MPEG.ANL 000037	PRESERVED_SPECIMEN	PRESENT	Etanol - 6	2008-06-04	\N	1	162
1438492503	\N	1	ANL	MPEG.ANL 000026	PRESERVED_SPECIMEN	PRESENT	Etanol - 11	2008-06-04	\N	1	162
1438492502	\N	1	ANL	MPEG.ANL 000036	PRESERVED_SPECIMEN	PRESENT	Etanol - 4	2008-06-04	\N	1	162
1438492501	\N	1	ANL	MPEG.ANL 000035	PRESERVED_SPECIMEN	PRESENT	Etanol - 1	2008-06-04	\N	1	161
1438492500	\N	1	ANL	MPEG.ANL 000042	PRESERVED_SPECIMEN	PRESENT	Etanol - 20	2008-06-04	\N	1	162
1438492499	\N	1	ANL	MPEG.ANL 000050	PRESERVED_SPECIMEN	PRESENT	Etanol - 3	2008-06-04	\N	1	157
1438492498	\N	1	ANL	MPEG.ANL 000043	PRESERVED_SPECIMEN	PRESENT	Etanol - 2	2008-06-04	\N	1	163
1438492497	\N	1	ANL	MPEG.ANL 000038	PRESERVED_SPECIMEN	PRESENT	Etanol	2008-06-04	\N	1	162
1438492496	\N	1	ANL	MPEG.ANL 000030	PRESERVED_SPECIMEN	PRESENT	Etanol - 1	2008-06-04	\N	1	160
1438492495	\N	1	ANL	MPEG.ANL 000004	PRESERVED_SPECIMEN	PRESENT	Etanol - 5	2008-06-04	\N	1	165
1438492494	\N	1	ANL	MPEG.ANL 000006	PRESERVED_SPECIMEN	PRESENT	Etanol - 10	2008-06-04	\N	1	162
1438492493	\N	1	ANL	MPEG.ANL 000025	PRESERVED_SPECIMEN	PRESENT	Etanol - 3	2008-06-04	\N	1	165
1438492492	\N	1	ANL	MPEG.ANL 000005	PRESERVED_SPECIMEN	PRESENT	Etanol - 3	2008-06-04	\N	1	161
1438492491	\N	1	ANL	MPEG.ANL 000020	PRESERVED_SPECIMEN	PRESENT	Etanol - 5	2008-06-04	\N	1	161
1438492490	\N	1	ANL	MPEG.ANL 000014	PRESERVED_SPECIMEN	PRESENT	Etanol - 1	2008-06-04	\N	1	164
1438492489	\N	1	ANL	MPEG.ANL 000012	PRESERVED_SPECIMEN	PRESENT	Etanol - 1	2008-06-04	\N	1	162
1438492488	\N	1	ANL	MPEG.ANL 000018	PRESERVED_SPECIMEN	PRESENT	Etanol - 3	2008-06-04	\N	1	161
1438492487	\N	1	ANL	MPEG.ANL 000015	PRESERVED_SPECIMEN	PRESENT	Etanol - 1	2008-06-04	\N	1	160
1438492486	\N	1	ANL	MPEG.ANL 000022	PRESERVED_SPECIMEN	PRESENT	Etanol - 8	2008-06-04	\N	1	157
1438492485	\N	1	ANL	MPEG.ANL 000001	PRESERVED_SPECIMEN	PRESENT	Etanol - 1	2008-06-04	\N	1	149
1438492484	\N	1	ANL	MPEG.ANL 000021	PRESERVED_SPECIMEN	PRESENT	Etanol - 6	2008-06-04	\N	1	160
1438492483	\N	1	ANL	MPEG.ANL 000002	PRESERVED_SPECIMEN	PRESENT	Etanol - 2	2008-06-04	\N	1	160
1438492482	\N	1	ANL	MPEG.ANL 000008	PRESERVED_SPECIMEN	PRESENT	Etanol - 4	2008-06-04	\N	1	164
1438492481	\N	1	ANL	MPEG.ANL 000011	PRESERVED_SPECIMEN	PRESENT	Etanol - 2	2008-06-04	\N	1	164
1438492480	\N	1	ANL	MPEG.ANL 000016	PRESERVED_SPECIMEN	PRESENT	Etanol - 2	2008-06-04	\N	1	160
1438492479	\N	1	ANL	MPEG.ANL 000017	PRESERVED_SPECIMEN	PRESENT	Etanol - 7	2008-06-04	\N	1	165
1438492478	\N	1	ANL	MPEG.ANL 000003	PRESERVED_SPECIMEN	PRESENT	Etanol - 1	2008-06-04	\N	1	167
1438492477	\N	1	ANL	MPEG.ANL 000007	PRESERVED_SPECIMEN	PRESENT	Etanol - 2	2008-06-04	\N	1	157
1438492476	\N	1	ANL	MPEG.ANL 000013	PRESERVED_SPECIMEN	PRESENT	Etanol - 6	2008-06-04	\N	1	161
1438492475	\N	1	ANL	MPEG.ANL 000009	PRESERVED_SPECIMEN	PRESENT	Etanol - 7	2008-06-04	\N	1	162
1438492474	\N	1	ANL	MPEG.ANL 000023	PRESERVED_SPECIMEN	PRESENT	Etanol - 2	2008-06-04	\N	1	164
1438492473	\N	1	ANL	MPEG.ANL 000019	PRESERVED_SPECIMEN	PRESENT	Etanol - 2	2008-06-04	\N	1	165
1438492472	\N	1	ANL	MPEG.ANL 000024	PRESERVED_SPECIMEN	PRESENT	Etanol - 1	2008-06-04	\N	1	165
1438492471	\N	1	ANL	MPEG.ANL 000010	PRESERVED_SPECIMEN	PRESENT	Etanol - 4	2008-06-04	\N	1	160
\.


--
-- TOC entry 5198 (class 0 OID 17529)
-- Dependencies: 230
-- Data for Name: research_group; Type: TABLE DATA; Schema: public; Owner: postgres
--

COPY public.research_group (id, name, description, institution) FROM stdin;
\.


--
-- TOC entry 5204 (class 0 OID 17604)
-- Dependencies: 236
-- Data for Name: research_issue; Type: TABLE DATA; Schema: public; Owner: postgres
--

COPY public.research_issue (gbifid, issue_id) FROM stdin;
2365686427	1
2365686427	2
2365686427	3
2365686427	4
2365686427	5
2365686427	6
2365686418	1
2365686418	2
2365686418	7
2365686418	5
2365686418	6
2365686416	1
2365686416	2
2365686416	5
2365686416	6
2365686414	1
2365686414	2
2365686414	3
2365686414	4
2365686414	5
2365686414	6
2365686412	1
2365686412	2
2365686412	3
2365686412	4
2365686412	5
2365686412	6
2365686409	5
2365686409	6
2365686408	1
2365686408	2
2365686408	7
2365686408	5
2365686408	6
2365686407	5
2365686407	6
2365686406	1
2365686406	2
2365686406	3
2365686406	4
2365686406	5
2365686406	6
2365686405	1
2365686405	2
2365686405	3
2365686405	4
2365686405	5
2365686405	6
2365686403	1
2365686403	2
2365686403	3
2365686403	8
2365686403	5
2365686403	6
2365686397	1
2365686397	2
2365686397	3
2365686397	4
2365686397	5
2365686397	6
2365686396	1
2365686396	2
2365686396	3
2365686396	4
2365686396	5
2365686396	6
2365686394	1
2365686394	2
2365686394	7
2365686394	5
2365686394	6
2365686393	1
2365686393	2
2365686393	3
2365686393	4
2365686393	5
2365686393	6
2365686392	5
2365686392	6
2365686391	1
2365686391	2
2365686391	9
2365686391	5
2365686391	6
2365686390	1
2365686390	2
2365686390	7
2365686390	5
2365686390	6
2365686389	1
2365686389	2
2365686389	7
2365686389	5
2365686389	6
2365686388	1
2365686388	2
2365686388	3
2365686388	4
2365686388	5
2365686388	6
2365686387	1
2365686387	2
2365686387	7
2365686387	5
2365686387	6
2365686386	5
2365686386	6
2365686385	1
2365686385	2
2365686385	3
2365686385	4
2365686385	5
2365686385	6
2365686384	5
2365686384	6
2365686382	5
2365686382	6
2365686381	1
2365686381	2
2365686381	3
2365686381	4
2365686381	5
2365686381	6
2365686380	1
2365686380	2
2365686380	7
2365686380	5
2365686380	6
2365686379	1
2365686379	2
2365686379	3
2365686379	4
2365686379	5
2365686379	6
2365686377	1
2365686377	2
2365686377	3
2365686377	4
2365686377	5
2365686377	6
2365686376	1
2365686376	2
2365686376	3
2365686376	4
2365686376	5
2365686376	6
2365686375	5
2365686375	6
2365686373	5
2365686373	6
2365686370	1
2365686370	2
2365686370	3
2365686370	4
2365686370	5
2365686370	6
2365686369	1
2365686369	2
2365686369	3
2365686369	8
2365686369	5
2365686369	6
2365686367	1
2365686367	2
2365686367	3
2365686367	4
2365686367	5
2365686367	6
2365686366	1
2365686366	2
2365686366	5
2365686366	6
2365686364	1
2365686364	2
2365686364	3
2365686364	4
2365686364	5
2365686364	6
2365686362	1
2365686362	2
2365686362	3
2365686362	4
2365686362	5
2365686362	6
2365686360	1
2365686360	2
2365686360	7
2365686360	5
2365686360	6
2365686359	1
2365686359	2
2365686359	7
2365686359	5
2365686359	6
2365686358	1
2365686358	2
2365686358	3
2365686358	4
2365686358	5
2365686358	6
2365686356	1
2365686356	2
2365686356	7
2365686356	5
2365686356	6
2365686355	5
2365686355	6
2365686354	5
2365686354	6
2365686353	1
2365686353	2
2365686353	3
2365686353	4
2365686353	5
2365686353	6
2365686347	5
2365686347	6
2365686346	1
2365686346	2
2365686346	3
2365686346	4
2365686346	5
2365686346	6
2365686343	1
2365686343	2
2365686343	3
2365686343	4
2365686343	5
2365686343	6
2365686340	1
2365686340	2
2365686340	3
2365686340	4
2365686340	5
2365686340	6
2365686339	1
2365686339	2
2365686339	3
2365686339	4
2365686339	5
2365686339	6
2365686338	1
2365686338	2
2365686338	7
2365686338	5
2365686338	6
2365686337	1
2365686337	2
2365686337	5
2365686337	6
2365686336	1
2365686336	2
2365686336	5
2365686336	6
2365686332	1
2365686332	2
2365686332	7
2365686332	5
2365686332	6
2365686331	1
2365686331	2
2365686331	3
2365686331	4
2365686331	5
2365686331	6
2365686330	1
2365686330	2
2365686330	3
2365686330	4
2365686330	5
2365686330	6
2365686328	5
2365686328	6
2365686325	5
2365686325	6
2365686324	1
2365686324	2
2365686324	3
2365686324	4
2365686324	5
2365686324	6
2365686320	1
2365686320	2
2365686320	5
2365686320	6
2365686318	1
2365686318	2
2365686318	3
2365686318	4
2365686318	5
2365686318	6
2365686317	1
2365686317	2
2365686317	3
2365686317	4
2365686317	5
2365686317	6
2365686316	1
2365686316	2
2365686316	7
2365686316	5
2365686316	6
2365686311	1
2365686311	2
2365686311	3
2365686311	4
2365686311	5
2365686311	6
2365686308	5
2365686308	6
2365686307	5
2365686307	6
2365686304	5
2365686304	6
2365686303	1
2365686303	2
2365686303	3
2365686303	4
2365686303	5
2365686303	6
2365686200	5
2365686200	6
2365686199	1
2365686199	2
2365686199	3
2365686199	5
2365686199	6
2365686198	1
2365686198	2
2365686198	3
2365686198	4
2365686198	5
2365686198	6
2365686193	5
2365686193	6
2365686192	1
2365686192	2
2365686192	7
2365686192	5
2365686192	6
2365686191	1
2365686191	2
2365686191	7
2365686191	5
2365686191	6
2365686190	5
2365686190	6
2365686189	1
2365686189	2
2365686189	5
2365686189	6
2365686187	1
2365686187	2
2365686187	7
2365686187	5
2365686187	6
2365686184	1
2365686184	2
2365686184	5
2365686184	6
2365686180	1
2365686180	2
2365686180	5
2365686180	6
2365686177	1
2365686177	2
2365686177	9
2365686177	5
2365686177	6
2365686175	1
2365686175	2
2365686175	3
2365686175	4
2365686175	5
2365686175	6
2365686174	1
2365686174	2
2365686174	3
2365686174	4
2365686174	5
2365686174	6
2365686173	1
2365686173	2
2365686173	3
2365686173	4
2365686173	5
2365686173	6
2365686171	1
2365686171	2
2365686171	3
2365686171	4
2365686171	5
2365686171	6
2365686165	1
2365686165	2
2365686165	3
2365686165	4
2365686165	5
2365686165	6
2365686160	1
2365686160	2
2365686160	3
2365686160	4
2365686160	5
2365686160	6
2365686158	5
2365686158	6
2365686157	1
2365686157	2
2365686157	9
2365686157	5
2365686157	6
2365686154	1
2365686154	2
2365686154	5
2365686154	6
2365686151	5
2365686151	6
2365686149	1
2365686149	2
2365686149	5
2365686149	6
2365686148	1
2365686148	2
2365686148	7
2365686148	5
2365686148	6
2365686145	1
2365686145	2
2365686145	3
2365686145	4
2365686145	5
2365686145	6
2365686144	5
2365686144	6
2365686139	1
2365686139	2
2365686139	5
2365686139	6
2365686135	1
2365686135	2
2365686135	3
2365686135	4
2365686135	5
2365686135	6
2365686133	5
2365686133	6
2365686132	5
2365686132	6
2365686129	1
2365686129	2
2365686129	3
2365686129	4
2365686129	5
2365686129	6
2365686128	1
2365686128	2
2365686128	3
2365686128	4
2365686128	5
2365686128	6
2365686125	1
2365686125	2
2365686125	3
2365686125	4
2365686125	5
2365686125	6
2365686124	1
2365686124	2
2365686124	3
2365686124	4
2365686124	5
2365686124	6
2365686123	1
2365686123	2
2365686123	3
2365686123	4
2365686123	5
2365686123	6
2365686117	1
2365686117	2
2365686117	3
2365686117	4
2365686117	5
2365686117	6
2365686116	1
2365686116	2
2365686116	5
2365686116	6
2365686115	5
2365686115	6
2365686113	5
2365686113	6
2365686111	1
2365686111	2
2365686111	5
2365686111	6
2365686110	1
2365686110	2
2365686110	9
2365686110	5
2365686110	6
2365686106	5
2365686106	6
2365686105	1
2365686105	2
2365686105	3
2365686105	4
2365686105	5
2365686105	6
2365686103	5
2365686103	6
2365686100	5
2365686100	6
2365686098	5
2365686098	6
2365686094	1
2365686094	2
2365686094	7
2365686094	5
2365686094	6
2365686088	1
2365686088	2
2365686088	5
2365686088	6
2365686087	5
2365686087	6
2365686085	5
2365686085	6
2365686083	1
2365686083	2
2365686083	5
2365686083	6
2365686081	1
2365686081	2
2365686081	3
2365686081	4
2365686081	5
2365686081	6
2365686079	1
2365686079	2
2365686079	3
2365686079	4
2365686079	5
2365686079	6
2365686078	1
2365686078	2
2365686078	3
2365686078	4
2365686078	5
2365686078	6
2365686077	1
2365686077	2
2365686077	3
2365686077	4
2365686077	5
2365686077	6
2365686076	1
2365686076	2
2365686076	3
2365686076	4
2365686076	5
2365686076	6
2365686074	1
2365686074	2
2365686074	3
2365686074	4
2365686074	5
2365686074	6
2365686070	5
2365686070	6
2365686066	1
2365686066	2
2365686066	3
2365686066	4
2365686066	5
2365686066	6
2365686065	5
2365686065	6
2365686061	1
2365686061	2
2365686061	3
2365686061	5
2365686061	6
2365686058	1
2365686058	2
2365686058	3
2365686058	4
2365686058	5
2365686058	6
2365686056	1
2365686056	2
2365686056	5
2365686056	6
2365686052	1
2365686052	2
2365686052	3
2365686052	4
2365686052	5
2365686052	6
2365686049	1
2365686049	2
2365686049	3
2365686049	4
2365686049	5
2365686049	6
2365686044	1
2365686044	2
2365686044	3
2365686044	4
2365686044	5
2365686044	6
2365686040	1
2365686040	2
2365686040	3
2365686040	4
2365686040	5
2365686040	6
2365686036	5
2365686036	6
2365686034	5
2365686034	6
2365686023	1
2365686023	2
2365686023	7
2365686023	5
2365686023	6
2365686021	5
2365686021	6
2365686020	1
2365686020	2
2365686020	3
2365686020	4
2365686020	5
2365686020	6
2365686019	1
2365686019	2
2365686019	3
2365686019	4
2365686019	5
2365686019	6
2365686018	1
2365686018	2
2365686018	3
2365686018	4
2365686018	5
2365686018	6
2365686016	1
2365686016	2
2365686016	3
2365686016	4
2365686016	5
2365686016	6
2365686010	1
2365686010	2
2365686010	3
2365686010	4
2365686010	5
2365686010	6
2365686006	1
2365686006	2
2365686006	5
2365686006	6
2365686000	5
2365686000	6
2365685996	1
2365685996	2
2365685996	7
2365685996	5
2365685996	6
2365685995	1
2365685995	2
2365685995	3
2365685995	4
2365685995	5
2365685995	6
2365685991	1
2365685991	2
2365685991	3
2365685991	4
2365685991	5
2365685991	6
2365685989	1
2365685989	2
2365685989	3
2365685989	4
2365685989	5
2365685989	6
2365685987	1
2365685987	2
2365685987	7
2365685987	5
2365685987	6
2365685986	5
2365685986	6
2365685984	1
2365685984	2
2365685984	3
2365685984	4
2365685984	5
2365685984	6
2365685982	1
2365685982	2
2365685982	7
2365685982	5
2365685982	6
2365685978	1
2365685978	2
2365685978	7
2365685978	5
2365685978	6
2365685977	5
2365685977	6
2365685974	1
2365685974	2
2365685974	5
2365685974	6
2365685973	5
2365685973	6
2365685971	5
2365685971	6
2365685967	1
2365685967	2
2365685967	3
2365685967	4
2365685967	5
2365685967	6
2365685963	1
2365685963	2
2365685963	5
2365685963	6
2365685962	1
2365685962	2
2365685962	9
2365685962	5
2365685962	6
2365685961	1
2365685961	2
2365685961	3
2365685961	4
2365685961	5
2365685961	6
2365685960	1
2365685960	2
2365685960	3
2365685960	4
2365685960	5
2365685960	6
2365685959	1
2365685959	2
2365685959	3
2365685959	4
2365685959	5
2365685959	6
2365685953	1
2365685953	2
2365685953	7
2365685953	5
2365685953	6
2365685948	5
2365685948	6
2365685947	1
2365685947	2
2365685947	3
2365685947	4
2365685947	5
2365685947	6
2365685946	5
2365685946	6
2365685944	1
2365685944	2
2365685944	5
2365685944	6
2365685943	5
2365685943	6
2365685936	1
2365685936	2
2365685936	3
2365685936	4
2365685936	5
2365685936	6
2365685935	1
2365685935	2
2365685935	3
2365685935	4
2365685935	5
2365685935	6
2365685933	1
2365685933	2
2365685933	3
2365685933	8
2365685933	5
2365685933	6
2365685932	1
2365685932	2
2365685932	7
2365685932	5
2365685932	6
2365685929	5
2365685929	6
2365685924	1
2365685924	2
2365685924	3
2365685924	4
2365685924	5
2365685924	6
2365685923	1
2365685923	2
2365685923	3
2365685923	4
2365685923	5
2365685923	6
2365685922	5
2365685922	6
2365685919	1
2365685919	2
2365685919	5
2365685919	6
2365685915	1
2365685915	2
2365685915	5
2365685915	6
2365685914	1
2365685914	2
2365685914	3
2365685914	4
2365685914	5
2365685914	6
2365685911	1
2365685911	2
2365685911	9
2365685911	5
2365685911	6
2365685908	1
2365685908	2
2365685908	7
2365685908	5
2365685908	6
2365685903	5
2365685903	6
2365685902	1
2365685902	2
2365685902	3
2365685902	4
2365685902	5
2365685902	6
2365685901	5
2365685901	6
2365685899	10
2365685899	5
2365685899	6
2365685898	5
2365685898	6
2365685896	1
2365685896	2
2365685896	3
2365685896	4
2365685896	5
2365685896	6
2365685893	1
2365685893	2
2365685893	3
2365685893	4
2365685893	5
2365685893	6
2365685886	1
2365685886	2
2365685886	3
2365685886	4
2365685886	5
2365685886	6
2365685884	1
2365685884	2
2365685884	3
2365685884	4
2365685884	5
2365685884	6
2365685882	1
2365685882	2
2365685882	3
2365685882	4
2365685882	5
2365685882	6
2365685877	1
2365685877	2
2365685877	7
2365685877	5
2365685877	6
2365685876	1
2365685876	2
2365685876	3
2365685876	4
2365685876	5
2365685876	6
2365685875	1
2365685875	2
2365685875	3
2365685875	4
2365685875	5
2365685875	6
2365685874	5
2365685874	6
2365685871	5
2365685871	6
2365685870	5
2365685870	6
2365685867	1
2365685867	2
2365685867	5
2365685867	6
2365685865	1
2365685865	2
2365685865	7
2365685865	5
2365685865	6
2365685861	1
2365685861	2
2365685861	3
2365685861	4
2365685861	5
2365685861	6
2365685860	1
2365685860	2
2365685860	9
2365685860	5
2365685860	6
2365685859	5
2365685859	6
2365685855	1
2365685855	2
2365685855	7
2365685855	5
2365685855	6
2365685854	5
2365685854	6
2365685852	1
2365685852	2
2365685852	3
2365685852	4
2365685852	5
2365685852	6
2365685851	1
2365685851	2
2365685851	5
2365685851	6
2365685848	1
2365685848	2
2365685848	7
2365685848	5
2365685848	6
2365685847	5
2365685847	6
2365685846	1
2365685846	2
2365685846	3
2365685846	4
2365685846	5
2365685846	6
2365685845	5
2365685845	6
2365685844	5
2365685844	6
2365685842	1
2365685842	2
2365685842	3
2365685842	4
2365685842	5
2365685842	6
2365685841	1
2365685841	2
2365685841	3
2365685841	4
2365685841	5
2365685841	6
2365685840	1
2365685840	2
2365685840	3
2365685840	4
2365685840	5
2365685840	6
2365685837	1
2365685837	2
2365685837	7
2365685837	5
2365685837	6
2365685833	1
2365685833	2
2365685833	3
2365685833	4
2365685833	5
2365685833	6
2365685831	1
2365685831	2
2365685831	7
2365685831	5
2365685831	6
2365685830	1
2365685830	2
2365685830	5
2365685830	6
2365685828	1
2365685828	2
2365685828	7
2365685828	5
2365685828	6
2365685826	1
2365685826	2
2365685826	3
2365685826	4
2365685826	5
2365685826	6
2365685825	5
2365685825	6
2365685824	5
2365685824	6
2365685823	1
2365685823	2
2365685823	7
2365685823	5
2365685823	6
2365685818	1
2365685818	2
2365685818	7
2365685818	5
2365685818	6
2365685817	1
2365685817	2
2365685817	3
2365685817	4
2365685817	5
2365685817	6
2365685816	5
2365685816	6
2365685814	1
2365685814	2
2365685814	7
2365685814	5
2365685814	6
2365685810	1
2365685810	2
2365685810	5
2365685810	6
2365685809	1
2365685809	2
2365685809	7
2365685809	5
2365685809	6
2365685807	1
2365685807	2
2365685807	7
2365685807	5
2365685807	6
2365685806	5
2365685806	6
2365685805	5
2365685805	6
2365685800	1
2365685800	2
2365685800	5
2365685800	6
2365685799	1
2365685799	2
2365685799	7
2365685799	5
2365685799	6
2365685798	5
2365685798	6
2365685797	1
2365685797	2
2365685797	3
2365685797	4
2365685797	5
2365685797	6
2365685796	5
2365685796	6
2365685795	1
2365685795	2
2365685795	3
2365685795	4
2365685795	5
2365685795	6
2365685794	1
2365685794	2
2365685794	3
2365685794	4
2365685794	5
2365685794	6
2365685792	1
2365685792	2
2365685792	3
2365685792	4
2365685792	5
2365685792	6
2365685791	5
2365685791	6
2365685790	1
2365685790	2
2365685790	3
2365685790	4
2365685790	5
2365685790	6
2365685789	1
2365685789	2
2365685789	3
2365685789	4
2365685789	5
2365685789	6
2365685788	5
2365685788	6
2365685787	1
2365685787	2
2365685787	3
2365685787	4
2365685787	5
2365685787	6
2365685786	1
2365685786	2
2365685786	7
2365685786	5
2365685786	6
2365685783	1
2365685783	2
2365685783	3
2365685783	4
2365685783	5
2365685783	6
2365685781	5
2365685781	6
2365685779	1
2365685779	2
2365685779	3
2365685779	4
2365685779	5
2365685779	6
2365685778	1
2365685778	2
2365685778	5
2365685778	6
2365685774	1
2365685774	2
2365685774	5
2365685774	6
2365685773	1
2365685773	2
2365685773	3
2365685773	4
2365685773	5
2365685773	6
2365685769	1
2365685769	2
2365685769	7
2365685769	5
2365685769	6
2365685764	5
2365685764	6
2365685762	5
2365685762	6
2365685759	1
2365685759	2
2365685759	3
2365685759	4
2365685759	5
2365685759	6
2365685756	1
2365685756	2
2365685756	3
2365685756	4
2365685756	5
2365685756	6
2365685755	1
2365685755	2
2365685755	3
2365685755	4
2365685755	5
2365685755	6
2365685750	5
2365685750	6
2365685749	5
2365685749	6
2365685748	1
2365685748	2
2365685748	7
2365685748	5
2365685748	6
2365685746	5
2365685746	6
2365685744	1
2365685744	2
2365685744	5
2365685744	6
2365685742	1
2365685742	2
2365685742	3
2365685742	4
2365685742	5
2365685742	6
2365685740	5
2365685740	6
2365685739	1
2365685739	2
2365685739	3
2365685739	4
2365685739	5
2365685739	6
2365685733	1
2365685733	2
2365685733	7
2365685733	5
2365685733	6
2365685732	1
2365685732	2
2365685732	7
2365685732	5
2365685732	6
2365685731	5
2365685731	6
2365685729	1
2365685729	2
2365685729	7
2365685729	5
2365685729	6
2365685726	1
2365685726	2
2365685726	3
2365685726	4
2365685726	5
2365685726	6
2365685723	1
2365685723	2
2365685723	3
2365685723	4
2365685723	5
2365685723	6
2365685722	5
2365685722	6
2365685720	1
2365685720	2
2365685720	3
2365685720	4
2365685720	5
2365685720	6
2365685714	1
2365685714	2
2365685714	5
2365685714	6
2365685708	5
2365685708	6
2365685707	1
2365685707	2
2365685707	3
2365685707	4
2365685707	5
2365685707	6
2365685705	1
2365685705	2
2365685705	3
2365685705	4
2365685705	5
2365685705	6
2365685704	1
2365685704	2
2365685704	3
2365685704	4
2365685704	5
2365685704	6
2365685703	5
2365685703	6
2365685699	1
2365685699	2
2365685699	3
2365685699	4
2365685699	5
2365685699	6
2365685697	1
2365685697	2
2365685697	3
2365685697	4
2365685697	5
2365685697	6
2365685691	1
2365685691	2
2365685691	5
2365685691	6
2365685689	5
2365685689	6
2365685685	1
2365685685	2
2365685685	7
2365685685	5
2365685685	6
2365685684	5
2365685684	6
2365685677	1
2365685677	2
2365685677	3
2365685677	4
2365685677	5
2365685677	6
2365685666	1
2365685666	2
2365685666	3
2365685666	4
2365685666	5
2365685666	6
2365685663	5
2365685663	6
2365685658	1
2365685658	2
2365685658	3
2365685658	4
2365685658	5
2365685658	6
2365685655	1
2365685655	2
2365685655	7
2365685655	5
2365685655	6
2365685650	5
2365685650	6
2365685649	5
2365685649	6
2365685646	1
2365685646	2
2365685646	5
2365685646	6
2365685644	1
2365685644	2
2365685644	5
2365685644	6
2365685643	5
2365685643	6
2365685639	1
2365685639	2
2365685639	3
2365685639	4
2365685639	5
2365685639	6
2365685637	1
2365685637	2
2365685637	3
2365685637	4
2365685637	5
2365685637	6
2365685631	1
2365685631	2
2365685631	3
2365685631	5
2365685631	6
2365685624	1
2365685624	2
2365685624	3
2365685624	4
2365685624	5
2365685624	6
2365685598	1
2365685598	2
2365685598	5
2365685598	6
2365685596	1
2365685596	2
2365685596	7
2365685596	5
2365685596	6
2365685592	1
2365685592	2
2365685592	3
2365685592	4
2365685592	5
2365685592	6
2365685587	1
2365685587	2
2365685587	3
2365685587	4
2365685587	5
2365685587	6
2365685580	1
2365685580	2
2365685580	3
2365685580	4
2365685580	5
2365685580	6
2365685578	5
2365685578	6
2365685573	1
2365685573	2
2365685573	3
2365685573	4
2365685573	5
2365685573	6
2365685562	1
2365685562	2
2365685562	7
2365685562	5
2365685562	6
2365685559	2
2365685559	3
2365685559	8
2365685559	5
2365685559	6
2365685556	1
2365685556	2
2365685556	3
2365685556	4
2365685556	5
2365685556	6
2365685552	1
2365685552	2
2365685552	5
2365685552	6
2365685550	5
2365685550	6
2365685534	1
2365685534	2
2365685534	7
2365685534	5
2365685534	6
2365685521	1
2365685521	2
2365685521	7
2365685521	5
2365685521	6
2365685520	1
2365685520	2
2365685520	7
2365685520	5
2365685520	6
2365685516	5
2365685516	6
2365685498	5
2365685498	6
2365685493	1
2365685493	2
2365685493	7
2365685493	5
2365685493	6
2365685489	1
2365685489	2
2365685489	5
2365685489	6
2365685488	1
2365685488	2
2365685488	3
2365685488	4
2365685488	5
2365685488	6
2365685480	1
2365685480	2
2365685480	9
2365685480	5
2365685480	6
2365685469	1
2365685469	2
2365685469	7
2365685469	5
2365685469	6
2365685456	1
2365685456	2
2365685456	3
2365685456	4
2365685456	5
2365685456	6
2365685454	1
2365685454	2
2365685454	7
2365685454	5
2365685454	6
2365685449	1
2365685449	2
2365685449	7
2365685449	5
2365685449	6
2365685447	1
2365685447	2
2365685447	3
2365685447	4
2365685447	5
2365685447	6
2365685445	1
2365685445	2
2365685445	3
2365685445	4
2365685445	5
2365685445	6
2365685434	1
2365685434	2
2365685434	5
2365685434	6
2365685432	1
2365685432	2
2365685432	7
2365685432	5
2365685432	6
2365685426	1
2365685426	2
2365685426	7
2365685426	5
2365685426	6
1913497256	1
1913497256	2
1913497256	5
1913497256	6
1913497255	1
1913497255	2
1913497255	5
1913497255	6
1913497254	1
1913497254	2
1913497254	5
1913497254	6
1913497253	1
1913497253	2
1913497253	5
1913497253	6
1913497252	5
1913497252	6
1913497251	1
1913497251	2
1913497251	5
1913497251	6
1913497250	1
1913497250	2
1913497250	5
1913497250	6
1913497249	1
1913497249	2
1913497249	5
1913497249	6
1913497248	1
1913497248	2
1913497248	5
1913497248	6
1913497247	1
1913497247	2
1913497247	5
1913497247	6
1913497246	1
1913497246	2
1913497246	10
1913497246	5
1913497246	6
1913497245	1
1913497245	2
1913497245	5
1913497245	6
1913497244	1
1913497244	2
1913497244	5
1913497244	6
1913497243	1
1913497243	2
1913497243	5
1913497243	6
1913497242	1
1913497242	2
1913497242	5
1913497242	6
1913497241	1
1913497241	2
1913497241	5
1913497241	6
1913497240	1
1913497240	2
1913497240	5
1913497240	6
1913497239	5
1913497239	6
1913497238	1
1913497238	2
1913497238	5
1913497238	6
1913497237	1
1913497237	2
1913497237	5
1913497237	6
1913497236	1
1913497236	2
1913497236	5
1913497236	6
1913497235	1
1913497235	2
1913497235	5
1913497235	6
1913497234	1
1913497234	2
1913497234	5
1913497234	6
1913497233	1
1913497233	2
1913497233	5
1913497233	6
1913497232	1
1913497232	2
1913497232	5
1913497232	6
1913497231	1
1913497231	2
1913497231	5
1913497231	6
1913497230	1
1913497230	2
1913497230	5
1913497230	6
1913497229	1
1913497229	2
1913497229	5
1913497229	6
1913497228	1
1913497228	2
1913497228	5
1913497228	6
1913497227	1
1913497227	2
1913497227	5
1913497227	6
1913497226	1
1913497226	2
1913497226	5
1913497226	6
1913497225	1
1913497225	2
1913497225	5
1913497225	6
1913497224	1
1913497224	2
1913497224	5
1913497224	6
1913497223	1
1913497223	2
1913497223	5
1913497223	6
1913497222	1
1913497222	2
1913497222	5
1913497222	6
1913497221	1
1913497221	2
1913497221	5
1913497221	6
1913497220	1
1913497220	2
1913497220	5
1913497220	6
1913497219	1
1913497219	2
1913497219	5
1913497219	6
1913497218	1
1913497218	2
1913497218	5
1913497218	6
1913497217	1
1913497217	2
1913497217	10
1913497217	5
1913497217	6
1913497216	1
1913497216	2
1913497216	5
1913497216	6
1913497215	1
1913497215	2
1913497215	5
1913497215	6
1913497214	1
1913497214	2
1913497214	5
1913497214	6
1913497213	1
1913497213	2
1913497213	5
1913497213	6
1913497212	1
1913497212	2
1913497212	5
1913497212	6
1913497211	1
1913497211	2
1913497211	5
1913497211	6
1913497210	1
1913497210	2
1913497210	5
1913497210	6
1913497209	1
1913497209	2
1913497209	5
1913497209	6
1913497208	1
1913497208	2
1913497208	5
1913497208	6
1913497207	1
1913497207	2
1913497207	5
1913497207	6
1913497206	1
1913497206	2
1913497206	5
1913497206	6
1913497205	1
1913497205	2
1913497205	5
1913497205	6
1913497204	1
1913497204	2
1913497204	5
1913497204	6
1913497203	1
1913497203	2
1913497203	5
1913497203	6
1913497202	1
1913497202	2
1913497202	5
1913497202	6
1913497201	1
1913497201	2
1913497201	5
1913497201	6
1913497200	1
1913497200	2
1913497200	5
1913497200	6
1913497199	1
1913497199	2
1913497199	5
1913497199	6
1913497198	1
1913497198	2
1913497198	5
1913497198	6
1913497197	1
1913497197	2
1913497197	5
1913497197	6
1913497196	1
1913497196	2
1913497196	5
1913497196	6
1913497195	1
1913497195	2
1913497195	5
1913497195	6
1913497194	1
1913497194	2
1913497194	5
1913497194	6
1913497193	1
1913497193	2
1913497193	5
1913497193	6
1913497192	1
1913497192	2
1913497192	5
1913497192	6
1913497191	1
1913497191	2
1913497191	5
1913497191	6
1913497190	1
1913497190	2
1913497190	5
1913497190	6
1913497189	1
1913497189	2
1913497189	5
1913497189	6
1913497188	1
1913497188	2
1913497188	5
1913497188	6
1913497187	1
1913497187	2
1913497187	5
1913497187	6
1913497186	1
1913497186	2
1913497186	5
1913497186	6
1913497185	1
1913497185	2
1913497185	5
1913497185	6
1913497184	1
1913497184	2
1913497184	5
1913497184	6
1913497183	1
1913497183	2
1913497183	5
1913497183	6
1913497182	1
1913497182	2
1913497182	5
1913497182	6
1913497181	1
1913497181	2
1913497181	5
1913497181	6
1913497180	1
1913497180	2
1913497180	5
1913497180	6
1913497179	1
1913497179	2
1913497179	5
1913497179	6
1913497178	1
1913497178	2
1913497178	5
1913497178	6
1913497177	1
1913497177	2
1913497177	5
1913497177	6
1913497176	1
1913497176	2
1913497176	5
1913497176	6
1913497175	1
1913497175	2
1913497175	5
1913497175	6
1913497174	1
1913497174	2
1913497174	5
1913497174	6
1913497173	1
1913497173	2
1913497173	5
1913497173	6
1913497172	1
1913497172	2
1913497172	5
1913497172	6
1913497171	1
1913497171	2
1913497171	5
1913497171	6
1913497170	1
1913497170	2
1913497170	5
1913497170	6
1913497169	1
1913497169	2
1913497169	5
1913497169	6
1913497168	1
1913497168	2
1913497168	5
1913497168	6
1913497167	1
1913497167	2
1913497167	5
1913497167	6
1913497166	1
1913497166	2
1913497166	5
1913497166	6
1913497165	1
1913497165	2
1913497165	5
1913497165	6
1913497164	1
1913497164	2
1913497164	5
1913497164	6
1913497163	1
1913497163	2
1913497163	5
1913497163	6
1913497162	1
1913497162	2
1913497162	5
1913497162	6
1913497161	1
1913497161	2
1913497161	5
1913497161	6
1913497160	1
1913497160	2
1913497160	5
1913497160	6
1913497159	1
1913497159	2
1913497159	5
1913497159	6
1913497158	1
1913497158	2
1913497158	5
1913497158	6
1913497157	1
1913497157	2
1913497157	5
1913497157	6
1913497156	1
1913497156	2
1913497156	5
1913497156	6
1913497155	1
1913497155	2
1913497155	5
1913497155	6
1913497154	1
1913497154	2
1913497154	5
1913497154	6
1913497153	1
1913497153	2
1913497153	5
1913497153	6
1913497152	1
1913497152	2
1913497152	5
1913497152	6
1913497151	1
1913497151	2
1913497151	5
1913497151	6
1913497150	1
1913497150	2
1913497150	5
1913497150	6
1913497149	1
1913497149	2
1913497149	5
1913497149	6
1913497148	1
1913497148	2
1913497148	5
1913497148	6
1913497147	1
1913497147	2
1913497147	5
1913497147	6
1913497146	1
1913497146	2
1913497146	5
1913497146	6
1913497145	1
1913497145	2
1913497145	5
1913497145	6
1913497144	1
1913497144	2
1913497144	5
1913497144	6
1913497143	1
1913497143	2
1913497143	5
1913497143	6
1913497142	1
1913497142	2
1913497142	5
1913497142	6
1913497141	1
1913497141	2
1913497141	5
1913497141	6
1913497140	1
1913497140	2
1913497140	5
1913497140	6
1913497139	1
1913497139	2
1913497139	5
1913497139	6
1913497138	1
1913497138	2
1913497138	5
1913497138	6
1913497137	1
1913497137	2
1913497137	5
1913497137	6
1913497136	1
1913497136	2
1913497136	5
1913497136	6
1913497135	1
1913497135	2
1913497135	5
1913497135	6
1913497134	1
1913497134	2
1913497134	5
1913497134	6
1913497133	1
1913497133	2
1913497133	5
1913497133	6
1913497132	1
1913497132	2
1913497132	5
1913497132	6
1913497131	1
1913497131	2
1913497131	5
1913497131	6
1913497130	1
1913497130	2
1913497130	5
1913497130	6
1913497129	1
1913497129	2
1913497129	5
1913497129	6
1913497128	1
1913497128	2
1913497128	5
1913497128	6
1913497127	1
1913497127	2
1913497127	5
1913497127	6
1913497126	1
1913497126	2
1913497126	5
1913497126	6
1913497125	1
1913497125	2
1913497125	5
1913497125	6
1913497124	1
1913497124	2
1913497124	5
1913497124	6
1913497123	1
1913497123	2
1913497123	5
1913497123	6
1913497122	1
1913497122	2
1913497122	5
1913497122	6
1913497121	1
1913497121	2
1913497121	5
1913497121	6
1913497120	1
1913497120	2
1913497120	5
1913497120	6
1913497119	1
1913497119	2
1913497119	5
1913497119	6
1913497118	1
1913497118	2
1913497118	5
1913497118	6
1913497117	1
1913497117	2
1913497117	5
1913497117	6
1913497116	1
1913497116	2
1913497116	5
1913497116	6
1913497115	1
1913497115	2
1913497115	5
1913497115	6
1913497114	1
1913497114	2
1913497114	5
1913497114	6
1913497113	1
1913497113	2
1913497113	5
1913497113	6
1913497112	1
1913497112	2
1913497112	5
1913497112	6
1913497111	1
1913497111	2
1913497111	5
1913497111	6
1913497110	1
1913497110	2
1913497110	5
1913497110	6
1913497109	1
1913497109	2
1913497109	5
1913497109	6
1913497108	1
1913497108	2
1913497108	5
1913497108	6
1913497107	1
1913497107	2
1913497107	5
1913497107	6
1913497106	1
1913497106	2
1913497106	5
1913497106	6
1913497105	1
1913497105	2
1913497105	5
1913497105	6
1913497104	1
1913497104	2
1913497104	5
1913497104	6
1913497103	1
1913497103	2
1913497103	5
1913497103	6
1913497102	1
1913497102	2
1913497102	5
1913497102	6
1913497101	1
1913497101	2
1913497101	5
1913497101	6
1913497100	1
1913497100	2
1913497100	5
1913497100	6
1913497099	1
1913497099	2
1913497099	5
1913497099	6
1913497098	1
1913497098	2
1913497098	5
1913497098	6
1913497097	1
1913497097	2
1913497097	5
1913497097	6
1913497096	1
1913497096	2
1913497096	5
1913497096	6
1913497095	1
1913497095	2
1913497095	5
1913497095	6
1913497094	1
1913497094	2
1913497094	5
1913497094	6
1913497093	1
1913497093	2
1913497093	5
1913497093	6
1913497092	1
1913497092	2
1913497092	5
1913497092	6
1913497091	1
1913497091	2
1913497091	5
1913497091	6
1913497090	1
1913497090	2
1913497090	5
1913497090	6
1913497089	1
1913497089	2
1913497089	5
1913497089	6
1913497088	1
1913497088	2
1913497088	5
1913497088	6
1913497087	1
1913497087	2
1913497087	5
1913497087	6
1913497086	1
1913497086	2
1913497086	5
1913497086	6
1913497085	1
1913497085	2
1913497085	5
1913497085	6
1913497084	1
1913497084	2
1913497084	5
1913497084	6
1913497083	5
1913497083	6
1913497082	1
1913497082	2
1913497082	5
1913497082	6
1913497081	1
1913497081	2
1913497081	5
1913497081	6
1913497080	1
1913497080	2
1913497080	5
1913497080	6
1913497079	1
1913497079	2
1913497079	5
1913497079	6
1913497078	1
1913497078	2
1913497078	5
1913497078	6
1913497077	1
1913497077	2
1913497077	5
1913497077	6
1913497076	1
1913497076	2
1913497076	5
1913497076	6
1913497075	1
1913497075	2
1913497075	5
1913497075	6
1913497074	1
1913497074	2
1913497074	5
1913497074	6
1913497073	1
1913497073	2
1913497073	5
1913497073	6
1913497072	1
1913497072	2
1913497072	5
1913497072	6
1913497071	1
1913497071	2
1913497071	5
1913497071	6
1913497070	1
1913497070	2
1913497070	5
1913497070	6
1913497069	1
1913497069	2
1913497069	5
1913497069	6
1913497068	1
1913497068	2
1913497068	5
1913497068	6
1913497067	1
1913497067	2
1913497067	5
1913497067	6
1913497066	1
1913497066	2
1913497066	5
1913497066	6
1913497065	5
1913497065	6
1913497064	1
1913497064	2
1913497064	5
1913497064	6
1913497063	1
1913497063	2
1913497063	5
1913497063	6
1913497062	1
1913497062	2
1913497062	5
1913497062	6
1913497061	5
1913497061	6
1913497060	5
1913497060	6
1913497059	1
1913497059	2
1913497059	5
1913497059	6
1913497058	5
1913497058	6
1913497057	1
1913497057	2
1913497057	5
1913497057	6
1438492829	5
1438492829	6
1438492828	8
1438492828	5
1438492828	6
1438492827	5
1438492827	6
1438492826	5
1438492826	6
1438492825	1
1438492825	2
1438492825	5
1438492825	6
1438492824	5
1438492824	6
1438492823	5
1438492823	6
1438492822	5
1438492822	6
1438492821	1
1438492821	2
1438492821	8
1438492821	5
1438492821	6
1438492820	5
1438492820	6
1438492819	5
1438492819	6
1438492818	5
1438492818	6
1438492817	5
1438492817	6
1438492816	1
1438492816	2
1438492816	8
1438492816	5
1438492816	6
1438492815	1
1438492815	2
1438492815	5
1438492815	6
1438492814	1
1438492814	2
1438492814	8
1438492814	5
1438492814	6
1438492813	5
1438492813	6
1438492812	1
1438492812	2
1438492812	5
1438492812	6
1438492811	5
1438492811	6
1438492810	1
1438492810	2
1438492810	8
1438492810	5
1438492810	6
1438492809	1
1438492809	2
1438492809	8
1438492809	5
1438492809	6
1438492808	1
1438492808	2
1438492808	8
1438492808	5
1438492808	6
1438492807	5
1438492807	6
1438492806	5
1438492806	6
1438492805	5
1438492805	6
1438492804	5
1438492804	6
1438492803	1
1438492803	2
1438492803	8
1438492803	5
1438492803	6
1438492802	5
1438492802	6
1438492801	5
1438492801	6
1438492800	5
1438492800	6
1438492799	1
1438492799	2
1438492799	8
1438492799	5
1438492799	6
1438492798	1
1438492798	2
1438492798	5
1438492798	6
1438492797	1
1438492797	2
1438492797	5
1438492797	6
1438492796	1
1438492796	2
1438492796	5
1438492796	6
1438492795	1
1438492795	2
1438492795	5
1438492795	6
1438492794	1
1438492794	2
1438492794	5
1438492794	6
1438492793	1
1438492793	2
1438492793	5
1438492793	6
1438492792	5
1438492792	6
1438492791	1
1438492791	2
1438492791	5
1438492791	6
1438492790	1
1438492790	2
1438492790	5
1438492790	6
1438492789	1
1438492789	2
1438492789	5
1438492789	6
1438492788	1
1438492788	2
1438492788	5
1438492788	6
1438492787	1
1438492787	2
1438492787	5
1438492787	6
1438492786	1
1438492786	2
1438492786	5
1438492786	6
1438492785	1
1438492785	2
1438492785	5
1438492785	6
1438492784	1
1438492784	2
1438492784	5
1438492784	6
1438492783	5
1438492783	6
1438492782	1
1438492782	2
1438492782	5
1438492782	6
1438492781	1
1438492781	2
1438492781	5
1438492781	6
1438492780	1
1438492780	2
1438492780	5
1438492780	6
1438492779	1
1438492779	2
1438492779	8
1438492779	5
1438492779	6
1438492778	2
1438492778	5
1438492778	6
1438492777	2
1438492777	5
1438492777	6
1438492776	1
1438492776	2
1438492776	5
1438492776	6
1438492775	1
1438492775	2
1438492775	5
1438492775	6
1438492774	1
1438492774	2
1438492774	5
1438492774	6
1438492773	1
1438492773	2
1438492773	5
1438492773	6
1438492772	1
1438492772	2
1438492772	5
1438492772	6
1438492771	1
1438492771	2
1438492771	5
1438492771	6
1438492770	1
1438492770	2
1438492770	5
1438492770	6
1438492769	1
1438492769	2
1438492769	5
1438492769	6
1438492768	1
1438492768	2
1438492768	5
1438492768	6
1438492767	1
1438492767	2
1438492767	5
1438492767	6
1438492766	1
1438492766	2
1438492766	5
1438492766	6
1438492765	1
1438492765	2
1438492765	8
1438492765	5
1438492765	6
1438492764	1
1438492764	2
1438492764	8
1438492764	5
1438492764	6
1438492763	1
1438492763	2
1438492763	5
1438492763	6
1438492762	1
1438492762	2
1438492762	5
1438492762	6
1438492761	1
1438492761	2
1438492761	5
1438492761	6
1438492760	1
1438492760	2
1438492760	5
1438492760	6
1438492759	1
1438492759	2
1438492759	8
1438492759	5
1438492759	6
1438492758	1
1438492758	2
1438492758	5
1438492758	6
1438492757	1
1438492757	2
1438492757	8
1438492757	5
1438492757	6
1438492756	1
1438492756	2
1438492756	5
1438492756	6
1438492755	1
1438492755	2
1438492755	5
1438492755	6
1438492754	1
1438492754	2
1438492754	5
1438492754	6
1438492753	1
1438492753	2
1438492753	5
1438492753	6
1438492752	1
1438492752	2
1438492752	5
1438492752	6
1438492751	2
1438492751	5
1438492751	6
1438492750	2
1438492750	5
1438492750	6
1438492749	1
1438492749	2
1438492749	5
1438492749	6
1438492748	1
1438492748	2
1438492748	8
1438492748	5
1438492748	6
1438492747	1
1438492747	2
1438492747	5
1438492747	6
1438492746	1
1438492746	2
1438492746	8
1438492746	5
1438492746	6
1438492745	1
1438492745	2
1438492745	5
1438492745	6
1438492744	1
1438492744	2
1438492744	5
1438492744	6
1438492743	1
1438492743	2
1438492743	8
1438492743	5
1438492743	6
1438492742	1
1438492742	2
1438492742	8
1438492742	5
1438492742	6
1438492741	1
1438492741	2
1438492741	5
1438492741	6
1438492740	1
1438492740	2
1438492740	5
1438492740	6
1438492739	1
1438492739	2
1438492739	5
1438492739	6
1438492738	1
1438492738	2
1438492738	8
1438492738	5
1438492738	6
1438492737	1
1438492737	2
1438492737	5
1438492737	6
1438492736	1
1438492736	2
1438492736	5
1438492736	6
1438492735	1
1438492735	2
1438492735	8
1438492735	5
1438492735	6
1438492734	1
1438492734	2
1438492734	5
1438492734	6
1438492733	1
1438492733	2
1438492733	5
1438492733	6
1438492732	1
1438492732	2
1438492732	8
1438492732	5
1438492732	6
1438492731	1
1438492731	2
1438492731	5
1438492731	6
1438492730	1
1438492730	2
1438492730	8
1438492730	5
1438492730	6
1438492729	1
1438492729	2
1438492729	8
1438492729	5
1438492729	6
1438492728	1
1438492728	2
1438492728	5
1438492728	6
1438492727	1
1438492727	2
1438492727	5
1438492727	6
1438492726	1
1438492726	2
1438492726	5
1438492726	6
1438492725	1
1438492725	2
1438492725	8
1438492725	5
1438492725	6
1438492724	1
1438492724	2
1438492724	5
1438492724	6
1438492723	1
1438492723	2
1438492723	5
1438492723	6
1438492722	1
1438492722	2
1438492722	5
1438492722	6
1438492721	1
1438492721	2
1438492721	5
1438492721	6
1438492720	1
1438492720	2
1438492720	5
1438492720	6
1438492719	1
1438492719	2
1438492719	5
1438492719	6
1438492718	1
1438492718	2
1438492718	5
1438492718	6
1438492717	1
1438492717	2
1438492717	8
1438492717	5
1438492717	6
1438492716	1
1438492716	2
1438492716	5
1438492716	6
1438492715	1
1438492715	2
1438492715	5
1438492715	6
1438492714	1
1438492714	2
1438492714	5
1438492714	6
1438492713	1
1438492713	2
1438492713	5
1438492713	6
1438492712	1
1438492712	2
1438492712	5
1438492712	6
1438492711	1
1438492711	2
1438492711	5
1438492711	6
1438492710	1
1438492710	2
1438492710	5
1438492710	6
1438492709	2
1438492709	5
1438492709	6
1438492708	1
1438492708	2
1438492708	5
1438492708	6
1438492707	1
1438492707	2
1438492707	5
1438492707	6
1438492706	1
1438492706	2
1438492706	5
1438492706	6
1438492705	1
1438492705	2
1438492705	5
1438492705	6
1438492704	1
1438492704	2
1438492704	5
1438492704	6
1438492703	1
1438492703	2
1438492703	5
1438492703	6
1438492702	1
1438492702	2
1438492702	5
1438492702	6
1438492701	1
1438492701	2
1438492701	5
1438492701	6
1438492700	2
1438492700	5
1438492700	6
1438492699	1
1438492699	2
1438492699	5
1438492699	6
1438492698	1
1438492698	2
1438492698	5
1438492698	6
1438492697	8
1438492697	5
1438492697	6
1438492696	1
1438492696	2
1438492696	5
1438492696	6
1438492695	1
1438492695	2
1438492695	8
1438492695	5
1438492695	6
1438492694	1
1438492694	2
1438492694	8
1438492694	5
1438492694	6
1438492693	1
1438492693	2
1438492693	5
1438492693	6
1438492692	1
1438492692	2
1438492692	5
1438492692	6
1438492691	1
1438492691	2
1438492691	5
1438492691	6
1438492690	1
1438492690	2
1438492690	5
1438492690	6
1438492689	1
1438492689	2
1438492689	5
1438492689	6
1438492688	1
1438492688	2
1438492688	8
1438492688	5
1438492688	6
1438492687	1
1438492687	2
1438492687	5
1438492687	6
1438492686	1
1438492686	2
1438492686	5
1438492686	6
1438492685	1
1438492685	2
1438492685	5
1438492685	6
1438492684	1
1438492684	2
1438492684	5
1438492684	6
1438492683	1
1438492683	2
1438492683	8
1438492683	5
1438492683	6
1438492682	1
1438492682	2
1438492682	8
1438492682	5
1438492682	6
1438492681	1
1438492681	2
1438492681	8
1438492681	5
1438492681	6
1438492680	1
1438492680	2
1438492680	5
1438492680	6
1438492679	1
1438492679	2
1438492679	8
1438492679	5
1438492679	6
1438492678	1
1438492678	2
1438492678	5
1438492678	6
1438492677	1
1438492677	2
1438492677	5
1438492677	6
1438492676	1
1438492676	2
1438492676	5
1438492676	6
1438492675	1
1438492675	2
1438492675	5
1438492675	6
1438492674	1
1438492674	2
1438492674	5
1438492674	6
1438492673	1
1438492673	2
1438492673	5
1438492673	6
1438492672	1
1438492672	2
1438492672	5
1438492672	6
1438492671	1
1438492671	2
1438492671	5
1438492671	6
1438492670	1
1438492670	2
1438492670	5
1438492670	6
1438492669	1
1438492669	2
1438492669	8
1438492669	5
1438492669	6
1438492668	1
1438492668	2
1438492668	5
1438492668	6
1438492667	1
1438492667	2
1438492667	5
1438492667	6
1438492666	1
1438492666	2
1438492666	5
1438492666	6
1438492665	8
1438492665	5
1438492665	6
1438492664	1
1438492664	2
1438492664	8
1438492664	5
1438492664	6
1438492663	1
1438492663	2
1438492663	8
1438492663	5
1438492663	6
1438492662	1
1438492662	2
1438492662	5
1438492662	6
1438492661	1
1438492661	2
1438492661	9
1438492661	5
1438492661	6
1438492660	1
1438492660	2
1438492660	5
1438492660	6
1438492659	1
1438492659	2
1438492659	8
1438492659	5
1438492659	6
1438492658	1
1438492658	2
1438492658	5
1438492658	6
1438492657	1
1438492657	2
1438492657	8
1438492657	5
1438492657	6
1438492656	1
1438492656	2
1438492656	5
1438492656	6
1438492655	1
1438492655	2
1438492655	5
1438492655	6
1438492654	1
1438492654	2
1438492654	5
1438492654	6
1438492653	1
1438492653	2
1438492653	5
1438492653	6
1438492652	1
1438492652	2
1438492652	5
1438492652	6
1438492651	1
1438492651	2
1438492651	5
1438492651	6
1438492650	1
1438492650	2
1438492650	5
1438492650	6
1438492649	1
1438492649	2
1438492649	5
1438492649	6
1438492648	1
1438492648	2
1438492648	8
1438492648	5
1438492648	6
1438492647	1
1438492647	2
1438492647	5
1438492647	6
1438492646	1
1438492646	2
1438492646	5
1438492646	6
1438492645	1
1438492645	2
1438492645	5
1438492645	6
1438492644	1
1438492644	2
1438492644	8
1438492644	5
1438492644	6
1438492643	1
1438492643	2
1438492643	5
1438492643	6
1438492642	1
1438492642	2
1438492642	5
1438492642	6
1438492641	1
1438492641	2
1438492641	8
1438492641	5
1438492641	6
1438492640	1
1438492640	2
1438492640	5
1438492640	6
1438492639	1
1438492639	2
1438492639	5
1438492639	6
1438492638	1
1438492638	2
1438492638	5
1438492638	6
1438492637	1
1438492637	2
1438492637	5
1438492637	6
1438492636	1
1438492636	2
1438492636	5
1438492636	6
1438492635	1
1438492635	2
1438492635	5
1438492635	6
1438492634	1
1438492634	2
1438492634	5
1438492634	6
1438492633	1
1438492633	2
1438492633	5
1438492633	6
1438492632	1
1438492632	2
1438492632	5
1438492632	6
1438492631	1
1438492631	2
1438492631	5
1438492631	6
1438492630	1
1438492630	2
1438492630	8
1438492630	5
1438492630	6
1438492629	1
1438492629	2
1438492629	5
1438492629	6
1438492628	1
1438492628	2
1438492628	5
1438492628	6
1438492627	1
1438492627	2
1438492627	5
1438492627	6
1438492626	1
1438492626	2
1438492626	5
1438492626	6
1438492625	1
1438492625	2
1438492625	10
1438492625	5
1438492625	6
1438492624	1
1438492624	2
1438492624	5
1438492624	6
1438492623	1
1438492623	2
1438492623	5
1438492623	6
1438492622	1
1438492622	2
1438492622	8
1438492622	5
1438492622	6
1438492621	1
1438492621	2
1438492621	8
1438492621	5
1438492621	6
1438492620	1
1438492620	2
1438492620	5
1438492620	6
1438492619	1
1438492619	2
1438492619	5
1438492619	6
1438492618	1
1438492618	2
1438492618	8
1438492618	5
1438492618	6
1438492617	1
1438492617	2
1438492617	8
1438492617	5
1438492617	6
1438492616	1
1438492616	2
1438492616	8
1438492616	5
1438492616	6
1438492615	1
1438492615	2
1438492615	8
1438492615	5
1438492615	6
1438492614	1
1438492614	2
1438492614	8
1438492614	5
1438492614	6
1438492613	1
1438492613	2
1438492613	8
1438492613	5
1438492613	6
1438492612	1
1438492612	2
1438492612	8
1438492612	5
1438492612	6
1438492611	1
1438492611	2
1438492611	8
1438492611	5
1438492611	6
1438492610	1
1438492610	2
1438492610	8
1438492610	5
1438492610	6
1438492609	1
1438492609	2
1438492609	8
1438492609	5
1438492609	6
1438492608	1
1438492608	2
1438492608	8
1438492608	5
1438492608	6
1438492607	1
1438492607	2
1438492607	8
1438492607	5
1438492607	6
1438492606	1
1438492606	2
1438492606	8
1438492606	5
1438492606	6
1438492605	1
1438492605	2
1438492605	8
1438492605	5
1438492605	6
1438492604	1
1438492604	2
1438492604	8
1438492604	5
1438492604	6
1438492603	1
1438492603	2
1438492603	8
1438492603	5
1438492603	6
1438492602	1
1438492602	2
1438492602	8
1438492602	5
1438492602	6
1438492601	1
1438492601	2
1438492601	8
1438492601	5
1438492601	6
1438492600	1
1438492600	2
1438492600	8
1438492600	5
1438492600	6
1438492599	1
1438492599	2
1438492599	8
1438492599	5
1438492599	6
1438492598	1
1438492598	2
1438492598	8
1438492598	5
1438492598	6
1438492597	1
1438492597	2
1438492597	8
1438492597	5
1438492597	6
1438492596	1
1438492596	2
1438492596	8
1438492596	5
1438492596	6
1438492595	1
1438492595	2
1438492595	8
1438492595	5
1438492595	6
1438492594	1
1438492594	2
1438492594	8
1438492594	5
1438492594	6
1438492593	1
1438492593	2
1438492593	8
1438492593	5
1438492593	6
1438492592	1
1438492592	2
1438492592	5
1438492592	6
1438492591	1
1438492591	2
1438492591	8
1438492591	5
1438492591	6
1438492590	1
1438492590	2
1438492590	8
1438492590	5
1438492590	6
1438492589	1
1438492589	2
1438492589	5
1438492589	6
1438492588	1
1438492588	2
1438492588	5
1438492588	6
1438492587	1
1438492587	2
1438492587	5
1438492587	6
1438492586	1
1438492586	2
1438492586	8
1438492586	5
1438492586	6
1438492585	1
1438492585	2
1438492585	8
1438492585	5
1438492585	6
1438492584	1
1438492584	2
1438492584	8
1438492584	5
1438492584	6
1438492583	1
1438492583	2
1438492583	8
1438492583	5
1438492583	6
1438492582	1
1438492582	2
1438492582	5
1438492582	6
1438492581	1
1438492581	2
1438492581	8
1438492581	5
1438492581	6
1438492580	1
1438492580	2
1438492580	5
1438492580	6
1438492579	1
1438492579	2
1438492579	5
1438492579	6
1438492578	1
1438492578	2
1438492578	8
1438492578	5
1438492578	6
1438492577	1
1438492577	2
1438492577	5
1438492577	6
1438492576	1
1438492576	2
1438492576	8
1438492576	5
1438492576	6
1438492575	1
1438492575	2
1438492575	8
1438492575	5
1438492575	6
1438492574	1
1438492574	2
1438492574	8
1438492574	5
1438492574	6
1438492573	1
1438492573	2
1438492573	8
1438492573	5
1438492573	6
1438492572	1
1438492572	2
1438492572	5
1438492572	6
1438492571	1
1438492571	2
1438492571	8
1438492571	5
1438492571	6
1438492570	1
1438492570	2
1438492570	5
1438492570	6
1438492569	1
1438492569	2
1438492569	8
1438492569	5
1438492569	6
1438492568	1
1438492568	2
1438492568	8
1438492568	5
1438492568	6
1438492567	1
1438492567	2
1438492567	8
1438492567	5
1438492567	6
1438492566	1
1438492566	2
1438492566	5
1438492566	6
1438492565	1
1438492565	2
1438492565	8
1438492565	5
1438492565	6
1438492564	1
1438492564	2
1438492564	8
1438492564	5
1438492564	6
1438492563	1
1438492563	2
1438492563	8
1438492563	5
1438492563	6
1438492562	1
1438492562	2
1438492562	8
1438492562	5
1438492562	6
1438492561	1
1438492561	2
1438492561	8
1438492561	5
1438492561	6
1438492560	1
1438492560	2
1438492560	8
1438492560	5
1438492560	6
1438492559	1
1438492559	2
1438492559	5
1438492559	6
1438492558	1
1438492558	2
1438492558	8
1438492558	5
1438492558	6
1438492557	1
1438492557	2
1438492557	8
1438492557	5
1438492557	6
1438492556	1
1438492556	2
1438492556	8
1438492556	5
1438492556	6
1438492555	1
1438492555	2
1438492555	8
1438492555	5
1438492555	6
1438492554	1
1438492554	2
1438492554	8
1438492554	5
1438492554	6
1438492553	1
1438492553	2
1438492553	8
1438492553	5
1438492553	6
1438492552	1
1438492552	2
1438492552	5
1438492552	6
1438492551	1
1438492551	2
1438492551	8
1438492551	5
1438492551	6
1438492550	1
1438492550	2
1438492550	5
1438492550	6
1438492549	1
1438492549	2
1438492549	8
1438492549	5
1438492549	6
1438492548	1
1438492548	2
1438492548	8
1438492548	5
1438492548	6
1438492547	1
1438492547	2
1438492547	8
1438492547	5
1438492547	6
1438492546	1
1438492546	2
1438492546	8
1438492546	5
1438492546	6
1438492545	1
1438492545	2
1438492545	5
1438492545	6
1438492544	1
1438492544	2
1438492544	8
1438492544	5
1438492544	6
1438492543	1
1438492543	2
1438492543	8
1438492543	5
1438492543	6
1438492542	1
1438492542	2
1438492542	8
1438492542	5
1438492542	6
1438492541	1
1438492541	2
1438492541	5
1438492541	6
1438492540	1
1438492540	2
1438492540	8
1438492540	5
1438492540	6
1438492539	1
1438492539	2
1438492539	5
1438492539	6
1438492538	1
1438492538	2
1438492538	8
1438492538	5
1438492538	6
1438492537	1
1438492537	2
1438492537	8
1438492537	5
1438492537	6
1438492536	1
1438492536	2
1438492536	8
1438492536	5
1438492536	6
1438492535	1
1438492535	2
1438492535	8
1438492535	5
1438492535	6
1438492534	1
1438492534	2
1438492534	8
1438492534	5
1438492534	6
1438492533	1
1438492533	2
1438492533	5
1438492533	6
1438492532	1
1438492532	2
1438492532	5
1438492532	6
1438492531	1
1438492531	2
1438492531	5
1438492531	6
1438492530	1
1438492530	2
1438492530	5
1438492530	6
1438492529	1
1438492529	2
1438492529	5
1438492529	6
1438492528	1
1438492528	2
1438492528	5
1438492528	6
1438492527	1
1438492527	2
1438492527	5
1438492527	6
1438492526	1
1438492526	2
1438492526	8
1438492526	5
1438492526	6
1438492525	1
1438492525	2
1438492525	8
1438492525	5
1438492525	6
1438492524	1
1438492524	2
1438492524	8
1438492524	5
1438492524	6
1438492523	1
1438492523	2
1438492523	8
1438492523	5
1438492523	6
1438492522	1
1438492522	2
1438492522	8
1438492522	5
1438492522	6
1438492521	1
1438492521	2
1438492521	5
1438492521	6
1438492520	1
1438492520	2
1438492520	5
1438492520	6
1438492519	1
1438492519	2
1438492519	5
1438492519	6
1438492518	1
1438492518	2
1438492518	5
1438492518	6
1438492517	1
1438492517	2
1438492517	5
1438492517	6
1438492516	1
1438492516	2
1438492516	5
1438492516	6
1438492515	1
1438492515	2
1438492515	5
1438492515	6
1438492514	1
1438492514	2
1438492514	5
1438492514	6
1438492513	1
1438492513	2
1438492513	5
1438492513	6
1438492512	1
1438492512	2
1438492512	5
1438492512	6
1438492511	1
1438492511	2
1438492511	5
1438492511	6
1438492510	1
1438492510	2
1438492510	5
1438492510	6
1438492509	1
1438492509	2
1438492509	5
1438492509	6
1438492508	1
1438492508	2
1438492508	5
1438492508	6
1438492507	1
1438492507	2
1438492507	5
1438492507	6
1438492506	1
1438492506	2
1438492506	5
1438492506	6
1438492505	1
1438492505	2
1438492505	5
1438492505	6
1438492504	1
1438492504	2
1438492504	5
1438492504	6
1438492503	1
1438492503	2
1438492503	5
1438492503	6
1438492502	1
1438492502	2
1438492502	5
1438492502	6
1438492501	1
1438492501	2
1438492501	5
1438492501	6
1438492500	1
1438492500	2
1438492500	5
1438492500	6
1438492499	1
1438492499	2
1438492499	5
1438492499	6
1438492498	1
1438492498	2
1438492498	5
1438492498	6
1438492497	1
1438492497	2
1438492497	5
1438492497	6
1438492496	1
1438492496	2
1438492496	5
1438492496	6
1438492495	1
1438492495	2
1438492495	5
1438492495	6
1438492494	1
1438492494	2
1438492494	5
1438492494	6
1438492493	1
1438492493	2
1438492493	5
1438492493	6
1438492492	1
1438492492	2
1438492492	5
1438492492	6
1438492491	1
1438492491	2
1438492491	5
1438492491	6
1438492490	1
1438492490	2
1438492490	5
1438492490	6
1438492489	1
1438492489	2
1438492489	5
1438492489	6
1438492488	1
1438492488	2
1438492488	5
1438492488	6
1438492487	1
1438492487	2
1438492487	5
1438492487	6
1438492486	1
1438492486	2
1438492486	5
1438492486	6
1438492485	1
1438492485	2
1438492485	5
1438492485	6
1438492484	1
1438492484	2
1438492484	5
1438492484	6
1438492483	1
1438492483	2
1438492483	5
1438492483	6
1438492482	1
1438492482	2
1438492482	5
1438492482	6
1438492481	1
1438492481	2
1438492481	5
1438492481	6
1438492480	1
1438492480	2
1438492480	5
1438492480	6
1438492479	1
1438492479	2
1438492479	5
1438492479	6
1438492478	1
1438492478	2
1438492478	5
1438492478	6
1438492477	1
1438492477	2
1438492477	5
1438492477	6
1438492476	1
1438492476	2
1438492476	5
1438492476	6
1438492475	1
1438492475	2
1438492475	5
1438492475	6
1438492474	1
1438492474	2
1438492474	5
1438492474	6
1438492473	1
1438492473	2
1438492473	5
1438492473	6
1438492472	1
1438492472	2
1438492472	5
1438492472	6
1438492471	1
1438492471	2
1438492471	5
1438492471	6
\.


--
-- TOC entry 5201 (class 0 OID 17580)
-- Dependencies: 233
-- Data for Name: researched_by; Type: TABLE DATA; Schema: public; Owner: postgres
--

COPY public.researched_by (gbifid, researcher_id) FROM stdin;
2365686427	1
2365686427	2
2365686427	3
2365686418	4
2365686418	5
2365686418	6
2365686416	7
2365686416	8
2365686416	5
2365686414	1
2365686414	2
2365686414	3
2365686412	1
2365686412	2
2365686412	3
2365686409	9
2365686409	10
2365686408	11
2365686408	6
2365686408	8
2365686407	9
2365686407	10
2365686406	1
2365686406	2
2365686406	3
2365686405	1
2365686405	2
2365686405	3
2365686403	12
2365686397	1
2365686397	2
2365686397	3
2365686396	1
2365686396	2
2365686396	3
2365686394	4
2365686394	5
2365686394	6
2365686393	1
2365686393	2
2365686393	3
2365686392	9
2365686392	10
2365686391	7
2365686391	8
2365686391	5
2365686390	4
2365686390	5
2365686390	6
2365686389	11
2365686389	6
2365686389	8
2365686388	1
2365686388	2
2365686388	3
2365686387	4
2365686387	5
2365686387	6
2365686386	9
2365686386	10
2365686385	1
2365686385	2
2365686385	3
2365686384	9
2365686384	10
2365686382	9
2365686382	10
2365686381	1
2365686381	2
2365686381	3
2365686380	11
2365686380	6
2365686380	8
2365686379	1
2365686379	2
2365686379	3
2365686377	1
2365686377	2
2365686377	3
2365686376	1
2365686376	2
2365686376	3
2365686375	9
2365686375	10
2365686373	9
2365686373	10
2365686370	1
2365686370	2
2365686370	3
2365686369	13
2365686367	1
2365686367	2
2365686367	3
2365686366	7
2365686366	8
2365686366	5
2365686364	1
2365686364	2
2365686364	3
2365686362	1
2365686362	2
2365686362	3
2365686360	11
2365686360	6
2365686360	8
2365686359	11
2365686359	6
2365686359	8
2365686358	1
2365686358	2
2365686358	3
2365686356	4
2365686356	5
2365686356	6
2365686355	14
2365686355	15
2365686354	9
2365686354	10
2365686353	1
2365686353	2
2365686353	3
2365686347	14
2365686347	15
2365686346	1
2365686346	2
2365686346	3
2365686343	1
2365686343	2
2365686343	3
2365686340	1
2365686340	2
2365686340	3
2365686339	1
2365686339	2
2365686339	3
2365686338	4
2365686338	5
2365686338	6
2365686337	7
2365686337	8
2365686337	5
2365686336	7
2365686336	8
2365686336	5
2365686332	4
2365686332	5
2365686332	6
2365686331	1
2365686331	2
2365686331	3
2365686330	1
2365686330	2
2365686330	3
2365686328	9
2365686328	10
2365686325	9
2365686325	10
2365686324	1
2365686324	2
2365686324	3
2365686320	7
2365686320	8
2365686320	5
2365686318	1
2365686318	2
2365686318	3
2365686317	1
2365686317	2
2365686317	3
2365686316	11
2365686316	6
2365686316	8
2365686311	1
2365686311	2
2365686311	3
2365686308	9
2365686308	10
2365686307	9
2365686307	10
2365686304	9
2365686304	10
2365686303	1
2365686303	2
2365686303	3
2365686200	9
2365686200	10
2365686199	12
2365686198	1
2365686198	2
2365686198	3
2365686193	14
2365686193	15
2365686192	11
2365686192	6
2365686192	8
2365686191	11
2365686191	6
2365686191	8
2365686190	9
2365686190	10
2365686189	7
2365686189	8
2365686189	5
2365686187	11
2365686187	6
2365686187	8
2365686184	7
2365686184	8
2365686184	5
2365686180	7
2365686180	8
2365686180	5
2365686177	7
2365686177	8
2365686177	5
2365686175	1
2365686175	2
2365686175	3
2365686174	1
2365686174	2
2365686174	3
2365686173	1
2365686173	2
2365686173	3
2365686171	1
2365686171	2
2365686171	3
2365686165	1
2365686165	2
2365686165	3
2365686160	1
2365686160	2
2365686160	3
2365686158	9
2365686158	10
2365686157	7
2365686157	8
2365686157	5
2365686154	7
2365686154	8
2365686154	5
2365686151	9
2365686151	10
2365686149	7
2365686149	8
2365686149	5
2365686148	11
2365686148	6
2365686148	8
2365686145	1
2365686145	2
2365686145	3
2365686144	9
2365686144	10
2365686139	7
2365686139	8
2365686139	5
2365686135	1
2365686135	2
2365686135	3
2365686133	9
2365686133	10
2365686132	9
2365686132	10
2365686129	1
2365686129	2
2365686129	3
2365686128	1
2365686128	2
2365686128	3
2365686125	1
2365686125	2
2365686125	3
2365686124	1
2365686124	2
2365686124	3
2365686123	1
2365686123	2
2365686123	3
2365686117	1
2365686117	2
2365686117	3
2365686116	7
2365686116	8
2365686116	5
2365686115	9
2365686115	10
2365686113	9
2365686113	10
2365686111	7
2365686111	8
2365686111	5
2365686110	7
2365686110	8
2365686110	5
2365686106	9
2365686106	10
2365686105	1
2365686105	2
2365686105	3
2365686103	9
2365686103	10
2365686100	9
2365686100	10
2365686098	16
2365686094	11
2365686094	6
2365686094	8
2365686088	7
2365686088	8
2365686088	5
2365686087	17
2365686087	18
2365686085	9
2365686085	10
2365686083	11
2365686083	6
2365686083	8
2365686081	1
2365686081	2
2365686081	3
2365686079	1
2365686079	2
2365686079	3
2365686078	1
2365686078	2
2365686078	3
2365686077	1
2365686077	2
2365686077	3
2365686076	1
2365686076	2
2365686076	3
2365686074	1
2365686074	2
2365686074	3
2365686070	9
2365686070	10
2365686066	1
2365686066	2
2365686066	3
2365686065	9
2365686065	10
2365686061	12
2365686058	1
2365686058	2
2365686058	3
2365686056	7
2365686056	8
2365686056	5
2365686052	1
2365686052	2
2365686052	3
2365686049	1
2365686049	2
2365686049	3
2365686044	1
2365686044	2
2365686044	3
2365686040	1
2365686040	2
2365686040	3
2365686036	9
2365686036	10
2365686034	14
2365686034	15
2365686023	11
2365686023	6
2365686023	8
2365686021	9
2365686021	10
2365686020	1
2365686020	2
2365686020	3
2365686019	1
2365686019	2
2365686019	3
2365686018	1
2365686018	2
2365686018	3
2365686016	1
2365686016	2
2365686016	3
2365686010	1
2365686010	2
2365686010	3
2365686006	7
2365686006	8
2365686006	5
2365686000	1
2365686000	2
2365686000	3
2365685996	11
2365685996	6
2365685996	8
2365685995	1
2365685995	2
2365685995	3
2365685991	1
2365685991	2
2365685991	3
2365685989	1
2365685989	2
2365685989	3
2365685987	11
2365685987	6
2365685987	8
2365685986	9
2365685986	10
2365685984	1
2365685984	2
2365685984	3
2365685982	4
2365685982	5
2365685982	6
2365685978	4
2365685978	5
2365685978	6
2365685977	9
2365685977	10
2365685974	7
2365685974	8
2365685974	5
2365685973	9
2365685973	10
2365685971	9
2365685971	10
2365685967	1
2365685967	2
2365685967	3
2365685963	11
2365685963	6
2365685963	8
2365685962	7
2365685962	8
2365685962	5
2365685961	1
2365685961	2
2365685961	3
2365685960	1
2365685960	2
2365685960	3
2365685959	1
2365685959	2
2365685959	3
2365685953	11
2365685953	6
2365685953	8
2365685948	9
2365685948	10
2365685947	1
2365685947	2
2365685947	3
2365685946	9
2365685946	10
2365685944	7
2365685944	8
2365685944	5
2365685943	9
2365685943	10
2365685936	1
2365685936	2
2365685936	3
2365685935	1
2365685935	2
2365685935	3
2365685933	12
2365685932	4
2365685932	5
2365685932	6
2365685929	9
2365685929	10
2365685924	1
2365685924	2
2365685924	3
2365685923	1
2365685923	2
2365685923	3
2365685922	19
2365685919	7
2365685919	8
2365685919	5
2365685915	7
2365685915	8
2365685915	5
2365685914	1
2365685914	2
2365685914	3
2365685911	7
2365685911	8
2365685911	5
2365685908	4
2365685908	5
2365685908	6
2365685903	9
2365685903	10
2365685902	1
2365685902	2
2365685902	3
2365685901	9
2365685901	10
2365685899	19
2365685898	20
2365685898	15
2365685896	1
2365685896	2
2365685896	3
2365685893	1
2365685893	2
2365685893	3
2365685886	1
2365685886	2
2365685886	3
2365685884	1
2365685884	2
2365685884	3
2365685882	1
2365685882	2
2365685882	3
2365685877	4
2365685877	5
2365685877	6
2365685876	1
2365685876	2
2365685876	3
2365685875	1
2365685875	2
2365685875	3
2365685874	21
2365685874	22
2365685871	9
2365685871	10
2365685870	9
2365685870	10
2365685867	7
2365685867	8
2365685867	5
2365685865	11
2365685865	6
2365685865	8
2365685861	1
2365685861	2
2365685861	3
2365685860	7
2365685860	8
2365685860	5
2365685859	9
2365685859	10
2365685855	11
2365685855	6
2365685855	8
2365685854	9
2365685854	10
2365685852	1
2365685852	2
2365685852	3
2365685851	7
2365685851	8
2365685851	5
2365685848	11
2365685848	6
2365685848	8
2365685847	9
2365685847	10
2365685846	1
2365685846	2
2365685846	3
2365685845	20
2365685845	15
2365685844	9
2365685844	10
2365685842	1
2365685842	2
2365685842	3
2365685841	1
2365685841	2
2365685841	3
2365685840	1
2365685840	2
2365685840	3
2365685837	11
2365685837	6
2365685837	8
2365685833	1
2365685833	2
2365685833	3
2365685831	11
2365685831	6
2365685831	8
2365685830	7
2365685830	8
2365685830	5
2365685828	4
2365685828	5
2365685828	6
2365685826	1
2365685826	2
2365685826	3
2365685825	9
2365685825	10
2365685824	9
2365685824	10
2365685823	11
2365685823	6
2365685823	8
2365685818	4
2365685818	5
2365685818	6
2365685817	1
2365685817	2
2365685817	3
2365685816	9
2365685816	10
2365685814	11
2365685814	6
2365685814	8
2365685810	7
2365685810	8
2365685810	5
2365685809	11
2365685809	6
2365685809	8
2365685807	11
2365685807	6
2365685807	8
2365685806	14
2365685806	15
2365685805	9
2365685805	10
2365685800	11
2365685800	6
2365685800	8
2365685799	11
2365685799	6
2365685799	8
2365685798	9
2365685798	10
2365685797	1
2365685797	2
2365685797	3
2365685796	9
2365685796	10
2365685795	1
2365685795	2
2365685795	3
2365685794	1
2365685794	2
2365685794	3
2365685792	1
2365685792	2
2365685792	3
2365685791	14
2365685791	15
2365685790	1
2365685790	2
2365685790	3
2365685789	1
2365685789	2
2365685789	3
2365685788	9
2365685788	10
2365685787	1
2365685787	2
2365685787	3
2365685786	11
2365685786	6
2365685786	8
2365685783	1
2365685783	2
2365685783	3
2365685781	9
2365685781	10
2365685779	1
2365685779	2
2365685779	3
2365685778	7
2365685778	8
2365685778	5
2365685774	7
2365685774	8
2365685774	5
2365685773	1
2365685773	2
2365685773	3
2365685769	4
2365685769	5
2365685769	6
2365685764	9
2365685764	10
2365685762	9
2365685762	10
2365685759	1
2365685759	2
2365685759	3
2365685756	1
2365685756	2
2365685756	3
2365685755	1
2365685755	2
2365685755	3
2365685750	9
2365685750	10
2365685749	9
2365685749	10
2365685748	11
2365685748	6
2365685748	8
2365685746	9
2365685746	10
2365685744	7
2365685744	8
2365685744	5
2365685742	1
2365685742	2
2365685742	3
2365685740	9
2365685740	10
2365685739	1
2365685739	2
2365685739	3
2365685733	11
2365685733	6
2365685733	8
2365685732	11
2365685732	6
2365685732	8
2365685731	9
2365685731	10
2365685729	4
2365685729	5
2365685729	6
2365685726	1
2365685726	2
2365685726	3
2365685723	1
2365685723	2
2365685723	3
2365685722	9
2365685722	10
2365685720	1
2365685720	2
2365685720	3
2365685714	7
2365685714	8
2365685714	5
2365685708	9
2365685708	10
2365685707	1
2365685707	2
2365685707	3
2365685705	1
2365685705	2
2365685705	3
2365685704	1
2365685704	2
2365685704	3
2365685703	9
2365685703	10
2365685699	1
2365685699	2
2365685699	3
2365685697	1
2365685697	2
2365685697	3
2365685691	7
2365685691	8
2365685691	5
2365685689	9
2365685689	10
2365685685	11
2365685685	6
2365685685	8
2365685684	9
2365685684	10
2365685677	1
2365685677	2
2365685677	3
2365685666	1
2365685666	2
2365685666	3
2365685663	9
2365685663	10
2365685658	1
2365685658	2
2365685658	3
2365685655	11
2365685655	6
2365685655	8
2365685650	9
2365685650	10
2365685649	9
2365685649	10
2365685646	11
2365685646	6
2365685646	8
2365685644	7
2365685644	8
2365685644	5
2365685643	9
2365685643	10
2365685639	1
2365685639	2
2365685639	3
2365685637	1
2365685637	2
2365685637	3
2365685631	12
2365685624	1
2365685624	2
2365685624	3
2365685598	7
2365685598	8
2365685598	5
2365685596	4
2365685596	5
2365685596	6
2365685592	1
2365685592	2
2365685592	3
2365685587	1
2365685587	2
2365685587	3
2365685580	1
2365685580	2
2365685580	3
2365685578	9
2365685578	10
2365685573	1
2365685573	2
2365685573	3
2365685562	11
2365685562	6
2365685562	8
2365685559	12
2365685556	1
2365685556	2
2365685556	3
2365685552	11
2365685552	6
2365685552	8
2365685550	9
2365685550	10
2365685534	4
2365685534	5
2365685534	6
2365685521	11
2365685521	6
2365685521	8
2365685520	4
2365685520	5
2365685520	6
2365685516	9
2365685516	10
2365685498	9
2365685498	10
2365685493	11
2365685493	6
2365685493	8
2365685489	7
2365685489	8
2365685489	5
2365685488	1
2365685488	2
2365685488	3
2365685480	7
2365685480	8
2365685480	5
2365685469	11
2365685469	6
2365685469	8
2365685456	1
2365685456	2
2365685456	3
2365685454	11
2365685454	6
2365685454	8
2365685449	11
2365685449	6
2365685449	8
2365685447	1
2365685447	2
2365685447	3
2365685445	1
2365685445	2
2365685445	3
2365685434	11
2365685434	6
2365685434	8
2365685432	11
2365685432	6
2365685432	8
2365685426	11
2365685426	6
2365685426	8
1913497256	23
1913497255	23
1913497254	23
1913497253	23
1913497251	23
1913497250	23
1913497249	23
1913497248	23
1913497247	23
1913497246	25
1913497245	23
1913497244	23
1913497243	23
1913497242	23
1913497241	23
1913497240	23
1913497239	26
1913497238	23
1913497237	23
1913497236	23
1913497235	23
1913497234	23
1913497233	23
1913497232	23
1913497231	23
1913497230	23
1913497229	23
1913497228	23
1913497227	23
1913497226	23
1913497225	1
1913497225	2
1913497225	3
1913497224	23
1913497223	23
1913497222	23
1913497221	23
1913497220	23
1913497219	23
1913497218	23
1913497217	23
1913497216	1
1913497216	2
1913497216	3
1913497215	23
1913497214	25
1913497213	23
1913497212	23
1913497211	1
1913497211	2
1913497211	3
1913497210	23
1913497209	23
1913497208	23
1913497207	23
1913497206	23
1913497205	1
1913497205	2
1913497205	3
1913497204	23
1913497203	1
1913497203	2
1913497203	3
1913497202	23
1913497201	23
1913497200	23
1913497199	1
1913497199	2
1913497199	3
1913497198	1
1913497198	2
1913497198	3
1913497197	1
1913497197	2
1913497197	3
1913497196	1
1913497196	2
1913497196	3
1913497195	1
1913497195	2
1913497195	3
1913497194	1
1913497194	2
1913497194	3
1913497193	23
1913497192	23
1913497191	23
1913497190	23
1913497189	1
1913497189	2
1913497189	3
1913497188	23
1913497187	1
1913497187	2
1913497187	3
1913497186	23
1913497185	23
1913497184	23
1913497183	1
1913497183	2
1913497183	3
1913497182	23
1913497181	1
1913497181	2
1913497181	3
1913497180	23
1913497179	1
1913497179	2
1913497179	3
1913497178	1
1913497178	2
1913497178	3
1913497177	1
1913497177	2
1913497177	3
1913497176	23
1913497175	1
1913497175	2
1913497175	3
1913497174	1
1913497174	2
1913497174	3
1913497173	1
1913497173	2
1913497173	3
1913497172	1
1913497172	2
1913497172	3
1913497171	23
1913497170	23
1913497169	23
1913497168	23
1913497167	1
1913497167	2
1913497167	3
1913497166	23
1913497165	1
1913497165	2
1913497165	3
1913497164	1
1913497164	2
1913497164	3
1913497163	1
1913497163	2
1913497163	3
1913497162	23
1913497161	1
1913497161	2
1913497161	3
1913497160	23
1913497159	1
1913497159	2
1913497159	3
1913497158	1
1913497158	2
1913497158	3
1913497157	1
1913497157	2
1913497157	3
1913497156	1
1913497156	2
1913497156	3
1913497155	1
1913497155	2
1913497155	3
1913497154	1
1913497154	2
1913497154	3
1913497153	1
1913497153	2
1913497153	3
1913497152	1
1913497152	2
1913497152	3
1913497151	1
1913497151	2
1913497151	3
1913497150	1
1913497150	2
1913497150	3
1913497149	1
1913497149	2
1913497149	3
1913497148	1
1913497148	2
1913497148	3
1913497147	1
1913497147	2
1913497147	3
1913497146	1
1913497146	2
1913497146	3
1913497145	23
1913497144	23
1913497143	1
1913497143	2
1913497143	3
1913497142	1
1913497142	2
1913497142	3
1913497141	23
1913497140	1
1913497140	2
1913497140	3
1913497139	23
1913497138	1
1913497138	2
1913497138	3
1913497137	1
1913497137	2
1913497137	3
1913497136	1
1913497136	2
1913497136	3
1913497135	1
1913497135	2
1913497135	3
1913497134	1
1913497134	2
1913497134	3
1913497133	1
1913497133	2
1913497133	3
1913497132	1
1913497132	2
1913497132	3
1913497131	1
1913497131	2
1913497131	3
1913497130	1
1913497130	2
1913497130	3
1913497129	1
1913497129	2
1913497129	3
1913497128	1
1913497128	2
1913497128	3
1913497127	1
1913497127	2
1913497127	3
1913497126	1
1913497126	2
1913497126	3
1913497125	1
1913497125	2
1913497125	3
1913497124	1
1913497124	2
1913497124	3
1913497123	1
1913497123	2
1913497123	3
1913497122	1
1913497122	2
1913497122	3
1913497121	1
1913497121	2
1913497121	3
1913497120	1
1913497120	2
1913497120	3
1913497119	1
1913497119	2
1913497119	3
1913497118	1
1913497118	2
1913497118	3
1913497117	1
1913497117	2
1913497117	3
1913497116	1
1913497116	2
1913497116	3
1913497115	1
1913497115	2
1913497115	3
1913497114	1
1913497114	2
1913497114	3
1913497113	1
1913497113	2
1913497113	3
1913497112	1
1913497112	2
1913497112	3
1913497111	1
1913497111	2
1913497111	3
1913497110	1
1913497110	2
1913497110	3
1913497109	1
1913497109	2
1913497109	3
1913497108	1
1913497108	2
1913497108	3
1913497107	1
1913497107	2
1913497107	3
1913497106	1
1913497106	2
1913497106	3
1913497105	1
1913497105	2
1913497105	3
1913497104	1
1913497104	2
1913497104	3
1913497103	23
1913497102	1
1913497102	2
1913497102	3
1913497101	1
1913497101	2
1913497101	3
1913497100	1
1913497100	2
1913497100	3
1913497099	1
1913497099	2
1913497099	3
1913497098	1
1913497098	2
1913497098	3
1913497097	1
1913497097	2
1913497097	3
1913497096	1
1913497096	2
1913497096	3
1913497095	1
1913497095	2
1913497095	3
1913497094	1
1913497094	2
1913497094	3
1913497093	1
1913497093	2
1913497093	3
1913497092	1
1913497092	2
1913497092	3
1913497091	1
1913497091	2
1913497091	3
1913497090	1
1913497090	2
1913497090	3
1913497089	1
1913497089	2
1913497089	3
1913497088	1
1913497088	2
1913497088	3
1913497087	1
1913497087	2
1913497087	3
1913497086	1
1913497086	2
1913497086	3
1913497085	1
1913497085	2
1913497085	3
1913497084	1
1913497084	2
1913497084	3
1913497083	19
1913497082	1
1913497082	2
1913497082	3
1913497081	1
1913497081	2
1913497081	3
1913497080	1
1913497080	2
1913497080	3
1913497079	1
1913497079	2
1913497079	3
1913497078	1
1913497078	2
1913497078	3
1913497077	1
1913497077	2
1913497077	3
1913497076	1
1913497076	2
1913497076	3
1913497075	1
1913497075	2
1913497075	3
1913497074	1
1913497074	2
1913497074	3
1913497073	1
1913497073	2
1913497073	3
1913497072	1
1913497072	2
1913497072	3
1913497071	1
1913497071	2
1913497071	3
1913497070	1
1913497070	2
1913497070	3
1913497069	1
1913497069	2
1913497069	3
1913497068	1
1913497068	2
1913497068	3
1913497067	1
1913497067	2
1913497067	3
1913497066	1
1913497066	2
1913497066	3
1913497065	19
1913497064	1
1913497064	2
1913497064	3
1913497063	1
1913497063	2
1913497063	3
1913497062	1
1913497062	2
1913497062	3
1913497061	19
1913497060	19
1913497059	1
1913497059	2
1913497059	3
1913497058	19
1913497057	1
1913497057	2
1913497057	3
1438492829	27
1438492828	28
1438492827	28
1438492826	29
1438492826	30
1438492825	31
1438492824	27
1438492823	32
1438492822	32
1438492821	33
1438492821	6
1438492821	34
1438492820	31
1438492819	31
1438492818	35
1438492817	31
1438492816	36
1438492816	6
1438492815	31
1438492814	36
1438492814	6
1438492813	37
1438492813	38
1438492812	31
1438492811	35
1438492810	36
1438492810	6
1438492809	33
1438492809	6
1438492809	34
1438492808	33
1438492808	6
1438492808	34
1438492807	37
1438492806	27
1438492805	39
1438492804	37
1438492803	36
1438492803	6
1438492802	31
1438492801	37
1438492800	31
1438492799	36
1438492799	6
1438492798	40
1438492798	6
1438492798	41
1438492798	34
1438492797	33
1438492797	6
1438492797	34
1438492796	40
1438492796	6
1438492796	41
1438492796	34
1438492795	40
1438492795	6
1438492795	41
1438492795	34
1438492794	40
1438492794	6
1438492794	41
1438492794	34
1438492793	40
1438492793	6
1438492793	41
1438492793	34
1438492792	31
1438492791	40
1438492791	6
1438492791	41
1438492791	34
1438492790	40
1438492790	6
1438492790	41
1438492790	34
1438492789	40
1438492789	6
1438492789	41
1438492789	34
1438492788	33
1438492788	6
1438492788	34
1438492787	40
1438492787	6
1438492787	41
1438492787	34
1438492786	40
1438492786	6
1438492786	41
1438492786	34
1438492785	40
1438492785	6
1438492785	41
1438492785	34
1438492784	40
1438492784	6
1438492784	41
1438492784	34
1438492783	27
1438492782	40
1438492782	6
1438492782	41
1438492782	34
1438492781	40
1438492781	6
1438492781	41
1438492781	34
1438492780	40
1438492780	6
1438492780	41
1438492780	34
1438492779	36
1438492779	6
1438492778	40
1438492778	6
1438492778	41
1438492778	34
1438492777	40
1438492777	6
1438492777	41
1438492777	34
1438492776	40
1438492776	6
1438492776	41
1438492776	34
1438492775	40
1438492775	6
1438492775	41
1438492775	34
1438492774	40
1438492774	6
1438492774	41
1438492774	34
1438492773	42
1438492773	43
1438492772	40
1438492772	6
1438492772	41
1438492772	34
1438492771	40
1438492771	6
1438492771	41
1438492771	34
1438492770	40
1438492770	6
1438492770	41
1438492770	34
1438492769	40
1438492769	6
1438492769	41
1438492769	34
1438492768	40
1438492768	6
1438492768	41
1438492768	34
1438492767	40
1438492767	6
1438492767	41
1438492767	34
1438492766	40
1438492766	6
1438492766	41
1438492766	34
1438492765	42
1438492765	43
1438492764	44
1438492763	40
1438492763	6
1438492763	41
1438492763	34
1438492762	40
1438492762	6
1438492762	41
1438492762	34
1438492761	42
1438492761	43
1438492760	42
1438492760	43
1438492759	42
1438492759	43
1438492758	42
1438492758	43
1438492757	33
1438492757	6
1438492757	34
1438492756	40
1438492756	6
1438492756	41
1438492756	34
1438492754	40
1438492754	6
1438492754	41
1438492754	34
1438492753	40
1438492753	6
1438492753	41
1438492753	34
1438492752	40
1438492752	6
1438492752	41
1438492752	34
1438492751	40
1438492751	6
1438492751	41
1438492751	34
1438492750	40
1438492750	6
1438492750	41
1438492750	34
1438492749	42
1438492749	43
1438492748	42
1438492748	43
1438492747	42
1438492747	43
1438492746	42
1438492746	43
1438492745	42
1438492745	43
1438492744	40
1438492744	6
1438492744	41
1438492744	34
1438492743	42
1438492743	43
1438492742	42
1438492742	43
1438492741	42
1438492741	43
1438492740	42
1438492740	43
1438492739	42
1438492739	43
1438492738	42
1438492738	43
1438492737	42
1438492737	43
1438492736	42
1438492736	43
1438492735	42
1438492735	43
1438492734	42
1438492734	43
1438492733	40
1438492733	6
1438492733	41
1438492733	34
1438492732	42
1438492732	43
1438492731	42
1438492731	43
1438492730	42
1438492730	43
1438492729	42
1438492729	43
1438492728	42
1438492728	43
1438492727	42
1438492727	43
1438492726	42
1438492726	43
1438492725	42
1438492725	43
1438492724	42
1438492724	43
1438492723	42
1438492723	43
1438492722	42
1438492722	43
1438492721	42
1438492721	43
1438492720	42
1438492720	43
1438492719	42
1438492719	43
1438492718	42
1438492718	43
1438492717	42
1438492717	43
1438492716	42
1438492716	43
1438492715	42
1438492715	43
1438492714	42
1438492714	43
1438492713	42
1438492713	43
1438492712	42
1438492712	43
1438492711	42
1438492711	43
1438492710	42
1438492710	43
1438492709	42
1438492709	43
1438492708	42
1438492708	43
1438492707	42
1438492707	43
1438492706	42
1438492706	43
1438492705	42
1438492705	43
1438492704	42
1438492704	43
1438492703	42
1438492703	43
1438492702	42
1438492702	43
1438492701	42
1438492701	43
1438492700	42
1438492700	43
1438492699	42
1438492699	43
1438492698	42
1438492698	43
1438492697	45
1438492697	43
1438492696	42
1438492696	43
1438492695	45
1438492695	43
1438492694	45
1438492694	43
1438492693	42
1438492693	43
1438492692	45
1438492692	43
1438492691	42
1438492691	43
1438492690	45
1438492690	43
1438492689	42
1438492689	43
1438492688	45
1438492688	43
1438492687	42
1438492687	43
1438492686	42
1438492686	43
1438492685	42
1438492685	43
1438492684	45
1438492684	43
1438492683	45
1438492683	43
1438492682	45
1438492682	43
1438492681	45
1438492681	43
1438492680	42
1438492680	43
1438492679	45
1438492679	43
1438492678	45
1438492678	43
1438492677	42
1438492677	43
1438492676	45
1438492676	43
1438492675	42
1438492675	43
1438492674	45
1438492674	43
1438492673	46
1438492673	47
1438492673	48
1438492673	49
1438492672	42
1438492672	43
1438492671	45
1438492671	43
1438492670	46
1438492670	47
1438492670	48
1438492670	49
1438492669	45
1438492669	43
1438492668	45
1438492668	43
1438492667	46
1438492667	50
1438492667	48
1438492667	51
1438492666	46
1438492666	47
1438492666	50
1438492666	52
1438492665	53
1438492664	45
1438492664	43
1438492663	45
1438492663	43
1438492662	46
1438492662	47
1438492662	50
1438492662	52
1438492661	46
1438492661	47
1438492661	48
1438492661	52
1438492660	42
1438492660	43
1438492659	45
1438492659	43
1438492658	45
1438492658	43
1438492657	45
1438492657	43
1438492656	42
1438492656	43
1438492655	45
1438492655	43
1438492654	45
1438492654	43
1438492653	46
1438492653	47
1438492653	48
1438492653	52
1438492652	45
1438492652	43
1438492651	45
1438492651	43
1438492650	45
1438492650	43
1438492649	45
1438492649	43
1438492648	54
1438492648	55
1438492647	46
1438492647	47
1438492647	48
1438492647	52
1438492646	45
1438492646	43
1438492645	46
1438492645	47
1438492645	56
1438492645	57
1438492644	46
1438492644	50
1438492644	48
1438492644	51
1438492643	46
1438492643	47
1438492643	50
1438492643	52
1438492642	46
1438492642	47
1438492642	48
1438492642	49
1438492641	45
1438492641	43
1438492640	46
1438492640	47
1438492640	50
1438492640	49
1438492639	46
1438492639	47
1438492639	48
1438492639	49
1438492638	46
1438492638	50
1438492638	48
1438492638	51
1438492637	54
1438492637	55
1438492636	46
1438492636	50
1438492636	48
1438492636	51
1438492635	46
1438492635	50
1438492635	48
1438492635	51
1438492634	54
1438492634	55
1438492633	54
1438492632	54
1438492632	55
1438492631	46
1438492631	50
1438492631	48
1438492631	51
1438492630	46
1438492630	50
1438492630	48
1438492630	51
1438492629	46
1438492629	47
1438492629	50
1438492629	49
1438492628	54
1438492628	55
1438492627	46
1438492627	47
1438492627	58
1438492627	57
1438492626	46
1438492626	47
1438492626	48
1438492626	49
1438492625	46
1438492625	47
1438492625	50
1438492625	52
1438492624	46
1438492624	50
1438492624	48
1438492624	51
1438492623	46
1438492623	47
1438492623	50
1438492623	49
1438492622	54
1438492622	55
1438492621	54
1438492621	55
1438492620	54
1438492620	55
1438492619	46
1438492619	47
1438492619	50
1438492619	52
1438492618	54
1438492618	55
1438492617	54
1438492617	55
1438492616	54
1438492616	55
1438492615	54
1438492615	55
1438492614	54
1438492614	55
1438492613	54
1438492613	55
1438492612	54
1438492612	55
1438492611	54
1438492611	55
1438492610	54
1438492610	55
1438492609	54
1438492609	55
1438492608	54
1438492608	55
1438492607	54
1438492607	55
1438492606	54
1438492606	55
1438492605	54
1438492605	55
1438492604	54
1438492604	55
1438492603	54
1438492603	55
1438492602	54
1438492602	55
1438492601	54
1438492601	55
1438492600	54
1438492600	55
1438492599	54
1438492599	55
1438492598	54
1438492598	55
1438492597	54
1438492597	55
1438492596	54
1438492596	55
1438492595	54
1438492595	55
1438492594	54
1438492594	55
1438492593	54
1438492593	55
1438492592	54
1438492592	55
1438492591	54
1438492591	55
1438492590	54
1438492590	55
1438492589	54
1438492589	55
1438492588	54
1438492588	55
1438492587	54
1438492587	55
1438492586	54
1438492586	55
1438492585	54
1438492585	55
1438492584	54
1438492584	55
1438492583	54
1438492583	55
1438492582	54
1438492582	55
1438492581	54
1438492581	55
1438492580	54
1438492580	55
1438492579	54
1438492579	55
1438492578	54
1438492578	55
1438492577	54
1438492577	55
1438492576	54
1438492576	55
1438492575	54
1438492575	55
1438492574	54
1438492574	55
1438492573	54
1438492573	55
1438492572	54
1438492572	55
1438492571	54
1438492571	55
1438492570	54
1438492570	55
1438492569	54
1438492569	55
1438492568	54
1438492568	55
1438492567	54
1438492567	55
1438492566	54
1438492566	55
1438492565	54
1438492565	55
1438492564	54
1438492564	55
1438492563	54
1438492563	55
1438492562	54
1438492562	55
1438492561	54
1438492561	55
1438492560	54
1438492560	55
1438492559	54
1438492559	55
1438492558	54
1438492558	55
1438492557	54
1438492557	55
1438492556	54
1438492556	55
1438492555	54
1438492555	55
1438492554	54
1438492554	55
1438492553	54
1438492553	55
1438492552	54
1438492552	55
1438492551	54
1438492551	55
1438492550	54
1438492550	55
1438492549	54
1438492549	55
1438492548	54
1438492548	55
1438492547	54
1438492547	55
1438492546	54
1438492546	55
1438492545	45
1438492545	59
1438492544	54
1438492544	55
1438492543	54
1438492543	55
1438492542	54
1438492542	55
1438492541	45
1438492541	59
1438492540	54
1438492540	55
1438492539	45
1438492539	59
1438492538	54
1438492538	55
1438492537	54
1438492537	55
1438492536	54
1438492536	55
1438492535	54
1438492535	55
1438492534	54
1438492534	55
1438492533	45
1438492533	59
1438492532	45
1438492532	59
1438492531	45
1438492531	59
1438492530	45
1438492530	59
1438492529	54
1438492529	55
1438492528	45
1438492528	59
1438492527	45
1438492527	59
1438492526	54
1438492526	55
1438492525	54
1438492525	55
1438492524	54
1438492524	55
1438492523	54
1438492523	55
1438492522	54
1438492522	55
1438492521	45
1438492521	59
1438492520	45
1438492520	59
1438492519	45
1438492519	59
1438492518	45
1438492518	59
1438492517	45
1438492517	59
1438492516	45
1438492516	59
1438492515	45
1438492515	59
1438492514	45
1438492514	59
1438492513	45
1438492513	59
1438492512	45
1438492512	59
1438492511	45
1438492511	59
1438492510	45
1438492510	59
1438492509	45
1438492509	59
1438492508	45
1438492508	59
1438492507	45
1438492507	59
1438492506	45
1438492506	59
1438492505	45
1438492505	59
1438492504	45
1438492504	59
1438492503	45
1438492503	59
1438492502	45
1438492502	59
1438492501	45
1438492501	59
1438492500	45
1438492500	59
1438492499	45
1438492499	59
1438492498	45
1438492498	59
1438492497	45
1438492497	59
1438492496	45
1438492496	59
1438492495	45
1438492495	59
1438492494	45
1438492494	59
1438492493	45
1438492493	59
1438492492	45
1438492492	59
1438492491	45
1438492491	59
1438492490	45
1438492490	59
1438492489	45
1438492489	59
1438492488	45
1438492488	59
1438492487	45
1438492487	59
1438492486	45
1438492486	59
1438492485	45
1438492485	59
1438492484	45
1438492484	59
1438492483	45
1438492483	59
1438492482	45
1438492482	59
1438492481	45
1438492481	59
1438492480	45
1438492480	59
1438492479	45
1438492479	59
1438492478	45
1438492478	59
1438492477	45
1438492477	59
1438492476	45
1438492476	59
1438492475	45
1438492475	59
1438492474	45
1438492474	59
1438492473	45
1438492473	59
1438492472	45
1438492472	59
1438492471	45
1438492471	59
\.


--
-- TOC entry 5196 (class 0 OID 17520)
-- Dependencies: 228
-- Data for Name: researcher; Type: TABLE DATA; Schema: public; Owner: postgres
--

COPY public.researcher (id, name, surname, email, password, telephone, address) FROM stdin;
1	Ruana	Beckman	ruanabeckman@email.com	pbkdf2_sha256$870000$AHZoOg3hdwcZ7xtXP6cgVz$VuZeOUqbVD0zUhk6jB5DnU+ckG7+47PdHZq3qCgXvqA=	\N	\N
2	José	 Pena	josépena@email.com	pbkdf2_sha256$870000$AHZoOg3hdwcZ7xtXP6cgVz$VuZeOUqbVD0zUhk6jB5DnU+ckG7+47PdHZq3qCgXvqA=	\N	\N
3	Raíssa	 Souza	raíssasouza@email.com	pbkdf2_sha256$870000$AHZoOg3hdwcZ7xtXP6cgVz$VuZeOUqbVD0zUhk6jB5DnU+ckG7+47PdHZq3qCgXvqA=	\N	\N
4	Sandriel	Sousa	sandrielsousa@email.com	pbkdf2_sha256$870000$AHZoOg3hdwcZ7xtXP6cgVz$VuZeOUqbVD0zUhk6jB5DnU+ckG7+47PdHZq3qCgXvqA=	\N	\N
5	Luis	 Hernández	luishernández@email.com	pbkdf2_sha256$870000$AHZoOg3hdwcZ7xtXP6cgVz$VuZeOUqbVD0zUhk6jB5DnU+ckG7+47PdHZq3qCgXvqA=	\N	\N
6	Guillaume	 Rousseau	guillaumerousseau@email.com	pbkdf2_sha256$870000$AHZoOg3hdwcZ7xtXP6cgVz$VuZeOUqbVD0zUhk6jB5DnU+ckG7+47PdHZq3qCgXvqA=	\N	\N
7	Anny	Sousa	annysousa@email.com	pbkdf2_sha256$870000$AHZoOg3hdwcZ7xtXP6cgVz$VuZeOUqbVD0zUhk6jB5DnU+ckG7+47PdHZq3qCgXvqA=	\N	\N
8	Sandriel	 Sousa	sandrielsousa@email.com	pbkdf2_sha256$870000$AHZoOg3hdwcZ7xtXP6cgVz$VuZeOUqbVD0zUhk6jB5DnU+ckG7+47PdHZq3qCgXvqA=	\N	\N
9	Cesar	Braga	cesarbraga@email.com	pbkdf2_sha256$870000$AHZoOg3hdwcZ7xtXP6cgVz$VuZeOUqbVD0zUhk6jB5DnU+ckG7+47PdHZq3qCgXvqA=	\N	\N
10	Viviane	 Ferreira	vivianeferreira@email.com	pbkdf2_sha256$870000$AHZoOg3hdwcZ7xtXP6cgVz$VuZeOUqbVD0zUhk6jB5DnU+ckG7+47PdHZq3qCgXvqA=	\N	\N
11	Luis	Hernández	luishernández@email.com	pbkdf2_sha256$870000$AHZoOg3hdwcZ7xtXP6cgVz$VuZeOUqbVD0zUhk6jB5DnU+ckG7+47PdHZq3qCgXvqA=	\N	\N
12	Mairink	Muniz	mairinkmuniz@email.com	pbkdf2_sha256$870000$AHZoOg3hdwcZ7xtXP6cgVz$VuZeOUqbVD0zUhk6jB5DnU+ckG7+47PdHZq3qCgXvqA=	\N	\N
13	João	Romão	joãoromão@email.com	pbkdf2_sha256$870000$AHZoOg3hdwcZ7xtXP6cgVz$VuZeOUqbVD0zUhk6jB5DnU+ckG7+47PdHZq3qCgXvqA=	\N	\N
14	Roseanne	Silva	roseannesilva@email.com	pbkdf2_sha256$870000$AHZoOg3hdwcZ7xtXP6cgVz$VuZeOUqbVD0zUhk6jB5DnU+ckG7+47PdHZq3qCgXvqA=	\N	\N
15	José	 Rosa Filho	josérosafilho@email.com	pbkdf2_sha256$870000$AHZoOg3hdwcZ7xtXP6cgVz$VuZeOUqbVD0zUhk6jB5DnU+ckG7+47PdHZq3qCgXvqA=	\N	\N
16	E.	Cardoso	ecardoso@email.com	pbkdf2_sha256$870000$AHZoOg3hdwcZ7xtXP6cgVz$VuZeOUqbVD0zUhk6jB5DnU+ckG7+47PdHZq3qCgXvqA=	\N	\N
17	C.R.M	Santos	crmsantos@email.com	pbkdf2_sha256$870000$AHZoOg3hdwcZ7xtXP6cgVz$VuZeOUqbVD0zUhk6jB5DnU+ckG7+47PdHZq3qCgXvqA=	\N	\N
18	L.L.	 Amado	llamado@email.com	pbkdf2_sha256$870000$AHZoOg3hdwcZ7xtXP6cgVz$VuZeOUqbVD0zUhk6jB5DnU+ckG7+47PdHZq3qCgXvqA=	\N	\N
19	Rosemary	Brogim	rosemarybrogim@email.com	pbkdf2_sha256$870000$AHZoOg3hdwcZ7xtXP6cgVz$VuZeOUqbVD0zUhk6jB5DnU+ckG7+47PdHZq3qCgXvqA=	\N	\N
20	Mayk 	Almeida	maykalmeida@email.com	pbkdf2_sha256$870000$AHZoOg3hdwcZ7xtXP6cgVz$VuZeOUqbVD0zUhk6jB5DnU+ckG7+47PdHZq3qCgXvqA=	\N	\N
21	C.	Santos	csantos@email.com	pbkdf2_sha256$870000$AHZoOg3hdwcZ7xtXP6cgVz$VuZeOUqbVD0zUhk6jB5DnU+ckG7+47PdHZq3qCgXvqA=	\N	\N
22	L. L.	 Amado	llamado@email.com	pbkdf2_sha256$870000$AHZoOg3hdwcZ7xtXP6cgVz$VuZeOUqbVD0zUhk6jB5DnU+ckG7+47PdHZq3qCgXvqA=	\N	\N
23	D.	Cherniski	dcherniski@email.com	pbkdf2_sha256$870000$AHZoOg3hdwcZ7xtXP6cgVz$VuZeOUqbVD0zUhk6jB5DnU+ckG7+47PdHZq3qCgXvqA=	\N	\N
24		Cunha		pbkdf2_sha256$870000$AHZoOg3hdwcZ7xtXP6cgVz$VuZeOUqbVD0zUhk6jB5DnU+ckG7+47PdHZq3qCgXvqA=	\N	\N
25	Paulo	Bueno	paulobueno@email.com	pbkdf2_sha256$870000$AHZoOg3hdwcZ7xtXP6cgVz$VuZeOUqbVD0zUhk6jB5DnU+ckG7+47PdHZq3qCgXvqA=	\N	\N
26	S.	Kinispel	skinispel@email.com	pbkdf2_sha256$870000$AHZoOg3hdwcZ7xtXP6cgVz$VuZeOUqbVD0zUhk6jB5DnU+ckG7+47PdHZq3qCgXvqA=	\N	\N
27	A.S.F.	Ditadi	asfditadi@email.com	pbkdf2_sha256$870000$AHZoOg3hdwcZ7xtXP6cgVz$VuZeOUqbVD0zUhk6jB5DnU+ckG7+47PdHZq3qCgXvqA=	\N	\N
28	N.	Bittencourt	nbittencourt@email.com	pbkdf2_sha256$870000$AHZoOg3hdwcZ7xtXP6cgVz$VuZeOUqbVD0zUhk6jB5DnU+ckG7+47PdHZq3qCgXvqA=	\N	\N
29	M.F.	Torres	mftorres@email.com	pbkdf2_sha256$870000$AHZoOg3hdwcZ7xtXP6cgVz$VuZeOUqbVD0zUhk6jB5DnU+ckG7+47PdHZq3qCgXvqA=	\N	\N
30	R.B.	 Neto	rbneto@email.com	pbkdf2_sha256$870000$AHZoOg3hdwcZ7xtXP6cgVz$VuZeOUqbVD0zUhk6jB5DnU+ckG7+47PdHZq3qCgXvqA=	\N	\N
31	W.L.	Overal	wloveral@email.com	pbkdf2_sha256$870000$AHZoOg3hdwcZ7xtXP6cgVz$VuZeOUqbVD0zUhk6jB5DnU+ckG7+47PdHZq3qCgXvqA=	\N	\N
32	J.	Dias	jdias@email.com	pbkdf2_sha256$870000$AHZoOg3hdwcZ7xtXP6cgVz$VuZeOUqbVD0zUhk6jB5DnU+ckG7+47PdHZq3qCgXvqA=	\N	\N
33	J.	Muñoz	jmuñoz@email.com	pbkdf2_sha256$870000$AHZoOg3hdwcZ7xtXP6cgVz$VuZeOUqbVD0zUhk6jB5DnU+ckG7+47PdHZq3qCgXvqA=	\N	\N
34	R.	 Cabezas	rcabezas@email.com	pbkdf2_sha256$870000$AHZoOg3hdwcZ7xtXP6cgVz$VuZeOUqbVD0zUhk6jB5DnU+ckG7+47PdHZq3qCgXvqA=	\N	\N
35	E.M.	Froehlich	emfroehlich@email.com	pbkdf2_sha256$870000$AHZoOg3hdwcZ7xtXP6cgVz$VuZeOUqbVD0zUhk6jB5DnU+ckG7+47PdHZq3qCgXvqA=	\N	\N
36	R.	dos Santos	rdossantos@email.com	pbkdf2_sha256$870000$AHZoOg3hdwcZ7xtXP6cgVz$VuZeOUqbVD0zUhk6jB5DnU+ckG7+47PdHZq3qCgXvqA=	\N	\N
37	B.	Mascarenhas	bmascarenhas@email.com	pbkdf2_sha256$870000$AHZoOg3hdwcZ7xtXP6cgVz$VuZeOUqbVD0zUhk6jB5DnU+ckG7+47PdHZq3qCgXvqA=	\N	\N
38	M.F.	 Torres	mftorres@email.com	pbkdf2_sha256$870000$AHZoOg3hdwcZ7xtXP6cgVz$VuZeOUqbVD0zUhk6jB5DnU+ckG7+47PdHZq3qCgXvqA=	\N	\N
39	A.L.	Nunes	alnunes@email.com	pbkdf2_sha256$870000$AHZoOg3hdwcZ7xtXP6cgVz$VuZeOUqbVD0zUhk6jB5DnU+ckG7+47PdHZq3qCgXvqA=	\N	\N
40	L.	Hernández	lhernández@email.com	pbkdf2_sha256$870000$AHZoOg3hdwcZ7xtXP6cgVz$VuZeOUqbVD0zUhk6jB5DnU+ckG7+47PdHZq3qCgXvqA=	\N	\N
41	J.	 Burgos	jburgos@email.com	pbkdf2_sha256$870000$AHZoOg3hdwcZ7xtXP6cgVz$VuZeOUqbVD0zUhk6jB5DnU+ckG7+47PdHZq3qCgXvqA=	\N	\N
42	B.	Santos	bsantos@email.com	pbkdf2_sha256$870000$AHZoOg3hdwcZ7xtXP6cgVz$VuZeOUqbVD0zUhk6jB5DnU+ckG7+47PdHZq3qCgXvqA=	\N	\N
43	Equipe	 	equipe@email.com	pbkdf2_sha256$870000$AHZoOg3hdwcZ7xtXP6cgVz$VuZeOUqbVD0zUhk6jB5DnU+ckG7+47PdHZq3qCgXvqA=	\N	\N
44				pbkdf2_sha256$870000$AHZoOg3hdwcZ7xtXP6cgVz$VuZeOUqbVD0zUhk6jB5DnU+ckG7+47PdHZq3qCgXvqA=	\N	\N
45	P. 	Lavelle	plavelle@email.com	pbkdf2_sha256$870000$AHZoOg3hdwcZ7xtXP6cgVz$VuZeOUqbVD0zUhk6jB5DnU+ckG7+47PdHZq3qCgXvqA=	\N	\N
46	G.	Morais	gmorais@email.com	pbkdf2_sha256$870000$AHZoOg3hdwcZ7xtXP6cgVz$VuZeOUqbVD0zUhk6jB5DnU+ckG7+47PdHZq3qCgXvqA=	\N	\N
47	A.	 Borges	aborges@email.com	pbkdf2_sha256$870000$AHZoOg3hdwcZ7xtXP6cgVz$VuZeOUqbVD0zUhk6jB5DnU+ckG7+47PdHZq3qCgXvqA=	\N	\N
48	E.	 Monteiro	emonteiro@email.com	pbkdf2_sha256$870000$AHZoOg3hdwcZ7xtXP6cgVz$VuZeOUqbVD0zUhk6jB5DnU+ckG7+47PdHZq3qCgXvqA=	\N	\N
49	S.	 Cayres	scayres@email.com	pbkdf2_sha256$870000$AHZoOg3hdwcZ7xtXP6cgVz$VuZeOUqbVD0zUhk6jB5DnU+ckG7+47PdHZq3qCgXvqA=	\N	\N
50	A.M.	 Magalhães	ammagalhães@email.com	pbkdf2_sha256$870000$AHZoOg3hdwcZ7xtXP6cgVz$VuZeOUqbVD0zUhk6jB5DnU+ckG7+47PdHZq3qCgXvqA=	\N	\N
51	P.	 Vilela	pvilela@email.com	pbkdf2_sha256$870000$AHZoOg3hdwcZ7xtXP6cgVz$VuZeOUqbVD0zUhk6jB5DnU+ckG7+47PdHZq3qCgXvqA=	\N	\N
52	J.	 Galvão	jgalvão@email.com	pbkdf2_sha256$870000$AHZoOg3hdwcZ7xtXP6cgVz$VuZeOUqbVD0zUhk6jB5DnU+ckG7+47PdHZq3qCgXvqA=	\N	\N
53	R. P.	Teixeira	rpteixeira@email.com	pbkdf2_sha256$870000$AHZoOg3hdwcZ7xtXP6cgVz$VuZeOUqbVD0zUhk6jB5DnU+ckG7+47PdHZq3qCgXvqA=	\N	\N
54	 T.	Decaëns	tdecaëns@email.com	pbkdf2_sha256$870000$AHZoOg3hdwcZ7xtXP6cgVz$VuZeOUqbVD0zUhk6jB5DnU+ckG7+47PdHZq3qCgXvqA=	\N	\N
55	A. M.	  Lopes	amlopes@email.com	pbkdf2_sha256$870000$AHZoOg3hdwcZ7xtXP6cgVz$VuZeOUqbVD0zUhk6jB5DnU+ckG7+47PdHZq3qCgXvqA=	\N	\N
56	Cléo	 Lobato	cléolobato@email.com	pbkdf2_sha256$870000$AHZoOg3hdwcZ7xtXP6cgVz$VuZeOUqbVD0zUhk6jB5DnU+ckG7+47PdHZq3qCgXvqA=	\N	\N
57	R.	 Bastos	rbastos@email.com	pbkdf2_sha256$870000$AHZoOg3hdwcZ7xtXP6cgVz$VuZeOUqbVD0zUhk6jB5DnU+ckG7+47PdHZq3qCgXvqA=	\N	\N
58	C.	 Lobato	clobato@email.com	pbkdf2_sha256$870000$AHZoOg3hdwcZ7xtXP6cgVz$VuZeOUqbVD0zUhk6jB5DnU+ckG7+47PdHZq3qCgXvqA=	\N	\N
59	Equipe	 	equipe@email.com	pbkdf2_sha256$870000$AHZoOg3hdwcZ7xtXP6cgVz$VuZeOUqbVD0zUhk6jB5DnU+ckG7+47PdHZq3qCgXvqA=	\N	\N
\.


--
-- TOC entry 5184 (class 0 OID 17450)
-- Dependencies: 216
-- Data for Name: rights; Type: TABLE DATA; Schema: public; Owner: postgres
--

COPY public.rights (id, license, access_rights, rights_holder, institution_code) FROM stdin;
1	CC_BY_NC_4_0	Creative Commons Attribution Non Commercial (CC-BY-NC) 4.0 License.	Museu Paraense Emílio Goeldi (MPEG)	MPEG
\.


--
-- TOC entry 5218 (class 0 OID 17680)
-- Dependencies: 250
-- Data for Name: species; Type: TABLE DATA; Schema: public; Owner: postgres
--

COPY public.species (id, species_key, species_name) FROM stdin;
1	\N	Desconhecido
2	9730033	Wegeneriella divergens
3	9687779	Rhinodrilus brasiliensis
4	9654106	Dichogaster servi
5	9546247	Hyperiodrilus africanus
6	9512479	Liodrilus mendesi
7	9480565	Dichogaster andina
8	9372448	Urobenus petrerei
9	9308346	Righiodrilus tocantinensis
10	9290436	Rhinodrilus jucundus
11	6453799	Nereis oligohalina
12	5199278	Sabellaria wilsoni
13	4410240	Dichogaster saliens
14	4410238	Dichogaster bolaui
15	4410235	Benhamia affinis
16	2326462	Phragmatopoma caudata
17	2325694	Isolda pulchella
18	2318044	Capitella ovincola
19	2318015	Capitella capitata
20	2317033	Nephtys fluviatilis
21	2316674	Sigambra grubii
22	2316376	Laeonereis culveri
23	2315382	Alitta succinea
24	2308741	Pontoscolex corethrurus
25	11629083	Centropygos joseensis
26	11003839	Rhinodrilus antonioi
\.


--
-- TOC entry 5190 (class 0 OID 17480)
-- Dependencies: 222
-- Data for Name: state_table; Type: TABLE DATA; Schema: public; Owner: postgres
--

COPY public.state_table (id, country_id, level1gid, state_name) FROM stdin;
1	1	BRA.10_1	Pará
2	1	BRA.14_1	Maranhão
3	1	\N	Mato Grosso
4	1	\N	Ceará
5	1	\N	Paraná
\.


--
-- TOC entry 5222 (class 0 OID 17734)
-- Dependencies: 254
-- Data for Name: taxon; Type: TABLE DATA; Schema: public; Owner: postgres
--

COPY public.taxon (id, taxon_hierarchy_id, taxon_key, scientific_name, generic_name, specific_epithet, infraespecific_epithet, taxon_rank, taxonomic_status, iucn_redlist_category) FROM stdin;
1	1	0	incertae sedis	Unknow	Unknow	Unknow	KINGDOM	Unknow	\N
2	2	8166676	Oligochaeta	Oligochaeta	Unknow	Unknow	CLASS	SYNONYM	\N
3	2	255	Clitellata	Clitellata	Unknow	Unknow	CLASS	ACCEPTED	NE
4	3	4813777	Turedrilus Righi, 1993	Turedrilus	Unknow	Unknow	GENUS	DOUBTFUL	\N
5	4	472	Haplotaxida	Haplotaxida	Unknow	Unknow	ORDER	DOUBTFUL	NE
6	5	9512479	Liodrilus mendesi Righi, 1994	Liodrilus	mendesi	Unknow	SPECIES	ACCEPTED	NE
7	6	4813886	Righiodrilus Zicsi, 1995	Righiodrilus	Unknow	Unknow	GENUS	DOUBTFUL	\N
8	7	9308346	Righiodrilus tocantinensis (Righi, 1972)	Righiodrilus	tocantinensis	Unknow	SPECIES	DOUBTFUL	NE
9	8	4813693	Glossodrilus Cognetti de Martiis, 1905	Glossodrilus	Unknow	Unknow	GENUS	DOUBTFUL	\N
10	9	3267625	Holoscolex Cognetti de Martiis, 1904	Holoscolex	Unknow	Unknow	GENUS	DOUBTFUL	\N
11	10	2308798	Andiorrhinus (Quibario) Quibario	Andiorrhinus	Unknow	Unknow	GENUS	DOUBTFUL	\N
12	11	2308772	Diaguita Cordero, 1942	Diaguita	Unknow	Unknow	GENUS	DOUBTFUL	\N
13	12	2308740	Pontoscolex	Pontoscolex	Unknow	Unknow	GENUS	DOUBTFUL	\N
14	13	6964	Lumbriculidae	Lumbriculidae	Unknow	Unknow	FAMILY	ACCEPTED	\N
15	14	2308805	Cylicobdella joseensis (Grube & Örsted, 1859)	Cylicobdella	joseensis	Unknow	SPECIES	SYNONYM	NE
16	15	9654106	Dichogaster servi Righi & Ayres, 1975	Dichogaster	servi	Unknow	SPECIES	ACCEPTED	NE
17	16	9478130	Dichogaster andina evae Righi, Ayres & Bittencourt, 1978	Dichogaster	andina	evae	SUBSPECIES	ACCEPTED	\N
18	17	4410240	Dichogaster saliens (Beddard, 1893)	Dichogaster	saliens	Unknow	SPECIES	ACCEPTED	NE
19	18	9030965	Dichogaster bolaui bolaui	Dichogaster	bolaui	bolaui	SUBSPECIES	ACCEPTED	\N
20	18	4410238	Dichogaster bolaui (Michaelsen, 1891)	Dichogaster	bolaui	Unknow	SPECIES	ACCEPTED	NE
21	19	9690499	Wegeneriella divergens itapecu Righi, Ayres & Bittencourt, 1978	Wegeneriella	divergens	itapecu	SUBSPECIES	ACCEPTED	\N
22	20	4410234	Dichogaster affinis (Michaelsen, 1890)	Dichogaster	affinis	Unknow	SPECIES	SYNONYM	NE
23	21	9546247	Hyperiodrilus africanus Beddard, 1891	Hyperiodrilus	africanus	Unknow	SPECIES	ACCEPTED	NE
24	22	2308743	Diachaeta Benham, 1886	Diachaeta	Unknow	Unknow	GENUS	ACCEPTED	\N
25	23	11036641	Urobenus Benham, 1886	Urobenus	Unknow	Unknow	GENUS	ACCEPTED	\N
26	24	9372448	Urobenus petrerei Righi, 1985	Urobenus	petrerei	Unknow	SPECIES	ACCEPTED	NE
27	25	10944581	Rhinodrilus Perrier, 1872	Rhinodrilus	Unknow	Unknow	GENUS	ACCEPTED	\N
28	26	9588531	Urobenus brasiliensis Benham, 1886	Urobenus	brasiliensis	Unknow	SPECIES	SYNONYM	NE
29	27	9290436	Rhinodrilus jucundus Righi, 1985	Rhinodrilus	jucundus	Unknow	SPECIES	ACCEPTED	NE
30	28	11003839	Rhinodrilus antonioi Hernández-García & Sousa, 2020	Rhinodrilus	antonioi	Unknow	SPECIES	ACCEPTED	NE
31	29	10943108	Pontoscolex Schmarda, 1861	Pontoscolex	Unknow	Unknow	GENUS	ACCEPTED	\N
32	30	2308741	Pontoscolex corethrurus (Muller, 1856)	Pontoscolex	corethrurus	Unknow	SPECIES	ACCEPTED	NE
33	31	6960	Naididae	Naididae	Unknow	Unknow	FAMILY	ACCEPTED	NE
34	32	7236645	Leodamas Kinberg, 1866	Leodamas	Unknow	Unknow	GENUS	ACCEPTED	\N
35	33	2487	Terebellidae	Terebellidae	Unknow	Unknow	FAMILY	ACCEPTED	\N
36	34	2325230	Loimia Malmgren, 1866	Loimia	Unknow	Unknow	GENUS	ACCEPTED	\N
37	35	2320536	Magelona F.Müller, 1858	Magelona	Unknow	Unknow	GENUS	ACCEPTED	\N
38	36	2320997	Boccardiella Blake & Kudenov, 1978	Boccardiella	Unknow	Unknow	GENUS	ACCEPTED	\N
39	37	7236626	Heteromastus Eisig, 1887	Heteromastus	Unknow	Unknow	GENUS	ACCEPTED	\N
40	38	2318072	Notomastus M.Sars, 1851	Notomastus	Unknow	Unknow	GENUS	ACCEPTED	\N
41	39	2318045	Mediomastus Hartman, 1944	Mediomastus	Unknow	Unknow	GENUS	ACCEPTED	\N
42	40	2318007	Capitella Blainville, 1828	Capitella	Unknow	Unknow	GENUS	ACCEPTED	\N
43	41	2318044	Capitella ovincola Hartman, 1947	Capitella	ovincola	Unknow	SPECIES	ACCEPTED	NE
44	42	2318015	Capitella capitata (Fabricius, 1780)	Capitella	capitata	Unknow	SPECIES	ACCEPTED	NE
45	43	2325694	Isolda pulchella Müller, 1858	Isolda	pulchella	Unknow	SPECIES	ACCEPTED	NE
46	44	2322157	Marphysa Quatrefages, 1866	Marphysa	Unknow	Unknow	GENUS	ACCEPTED	\N
47	45	2311081	Aphrodita Linnaeus, 1758	Aphrodita	Unknow	Unknow	GENUS	ACCEPTED	\N
48	46	2312507	Hemipodus Quatrefages, 1866	Hemipodus	Unknow	Unknow	GENUS	SYNONYM	\N
49	47	10708099	Syllis Lamarck, 1818	Syllis	Unknow	Unknow	GENUS	ACCEPTED	\N
50	48	2309126	Bonuania Pillai, 1965	Bonuania	Unknow	Unknow	GENUS	ACCEPTED	\N
51	49	2316367	Laeonereis Hartman, 1945	Laeonereis	Unknow	Unknow	GENUS	ACCEPTED	\N
52	50	2316376	Laeonereis culveri (Webster, 1879)	Laeonereis	culveri	Unknow	SPECIES	ACCEPTED	NE
53	51	2316247	Neanthes Kinberg, 1865	Neanthes	Unknow	Unknow	GENUS	ACCEPTED	\N
54	52	2315785	Ceratonereis Kinberg, 1865	Ceratonereis	Unknow	Unknow	GENUS	ACCEPTED	\N
55	53	5196110	Neanthes succinea (Leuckart, 1847)	Neanthes	succinea	Unknow	SPECIES	SYNONYM	NE
56	54	2315332	Namalycastis Hartman, 1959	Namalycastis	Unknow	Unknow	GENUS	ACCEPTED	\N
57	55	2308106	Nereis Linnaeus, 1758	Nereis	Unknow	Unknow	GENUS	ACCEPTED	\N
58	56	6453799	Nereis oligohalina (Rioja, 1946)	Nereis	oligohalina	Unknow	SPECIES	ACCEPTED	NE
59	57	8132035	Phyllodoce Lamarck, 1818	Phyllodoce	Unknow	Unknow	GENUS	ACCEPTED	\N
60	58	2312057	Eulalia Savigny, 1822	Eulalia	Unknow	Unknow	GENUS	ACCEPTED	\N
61	59	2316659	Sigambra Müller, 1858	Sigambra	Unknow	Unknow	GENUS	ACCEPTED	\N
62	60	2316674	Sigambra grubii Müller, 1858	Sigambra	grubii	Unknow	SPECIES	ACCEPTED	NE
63	61	2314458	Chaetacanthus Seidler, 1922	Chaetacanthus	Unknow	Unknow	GENUS	ACCEPTED	\N
64	62	2317033	Nephtys fluviatilis Monro, 1937	Nephtys	fluviatilis	Unknow	SPECIES	ACCEPTED	NE
65	63	2316799	Aglaophamus Kinberg, 1866	Aglaophamus	Unknow	Unknow	GENUS	ACCEPTED	\N
66	64	5199278	Sabellaria wilsoni Lana & Gruet, 1989	Sabellaria	wilsoni	Unknow	SPECIES	ACCEPTED	NE
67	65	2326462	Phragmatopoma caudata Krøyer, 1863	Phragmatopoma	caudata	Unknow	SPECIES	ACCEPTED	NE
68	66	2328495	Hydroides Gunnerus, 1768	Hydroides	Unknow	Unknow	GENUS	ACCEPTED	\N
\.


--
-- TOC entry 5220 (class 0 OID 17690)
-- Dependencies: 252
-- Data for Name: taxon_hierarchy; Type: TABLE DATA; Schema: public; Owner: postgres
--

COPY public.taxon_hierarchy (id, kingdom_id, phylum_id, class_table_id, order_table_id, family_table_id, genus_id, species_id) FROM stdin;
1	1	1	1	1	1	1	1
2	2	2	2	1	1	1	1
3	2	2	2	1	1	11	1
4	2	2	2	2	1	1	1
5	2	2	2	2	2	10	6
6	2	2	2	2	7	8	1
7	2	2	2	2	7	8	9
8	2	2	2	2	7	12	1
9	2	2	2	2	7	14	1
10	2	2	2	2	7	38	1
11	2	2	2	2	7	39	1
12	2	2	2	2	7	41	1
13	2	2	2	3	15	1	1
14	2	2	2	5	6	13	25
15	2	2	2	8	24	2	4
16	2	2	2	8	24	2	7
17	2	2	2	8	24	2	13
18	2	2	2	8	24	2	14
19	2	2	2	8	24	6	2
20	2	2	2	8	24	47	15
21	2	2	2	8	25	9	5
22	2	2	2	8	26	40	1
23	2	2	2	8	26	43	1
24	2	2	2	8	26	43	8
25	2	2	2	8	26	44	1
26	2	2	2	8	26	44	3
27	2	2	2	8	26	44	10
28	2	2	2	8	26	44	26
29	2	2	2	8	26	45	1
30	2	2	2	8	26	45	24
31	2	2	2	9	14	1	1
32	2	2	3	1	3	4	1
33	2	2	3	1	5	1	1
34	2	2	3	1	5	18	1
35	2	2	3	1	11	21	1
36	2	2	3	1	12	20	1
37	2	2	3	1	13	5	1
38	2	2	3	1	13	22	1
39	2	2	3	1	13	23	1
40	2	2	3	1	13	24	1
41	2	2	3	1	13	24	18
42	2	2	3	1	13	24	19
43	2	2	3	1	27	17	17
44	2	2	3	4	4	19	1
45	2	2	3	6	8	36	1
46	2	2	3	6	9	34	1
47	2	2	3	6	10	46	1
48	2	2	3	6	16	37	1
49	2	2	3	6	17	28	1
50	2	2	3	6	17	28	22
51	2	2	3	6	17	29	1
52	2	2	3	6	17	30	1
53	2	2	3	6	17	31	23
54	2	2	3	6	17	32	1
55	2	2	3	6	17	42	1
56	2	2	3	6	17	42	11
57	2	2	3	6	18	3	1
58	2	2	3	6	18	35	1
59	2	2	3	6	19	27	1
60	2	2	3	6	19	27	21
61	2	2	3	6	20	33	1
62	2	2	3	6	23	25	20
63	2	2	3	6	23	26	1
64	2	2	3	7	21	7	12
65	2	2	3	7	21	16	16
66	2	2	3	7	22	15	1
\.


--
-- TOC entry 5223 (class 0 OID 17748)
-- Dependencies: 255
-- Data for Name: taxon_sample; Type: TABLE DATA; Schema: public; Owner: postgres
--

COPY public.taxon_sample (gbifid, taxon_id, verbatim_scientific_name, repatriated, type_status) FROM stdin;
2365686427	13	Pontoscolex Corethrurus	f	\N
2365686418	6	Liodrilus mendesi	f	\N
2365686416	6	Liodrilus mendesi	f	\N
2365686414	13	Pontoscolex Corethrurus	f	\N
2365686412	13	Pontoscolex Corethrurus	f	\N
2365686409	39	Heteromastus	f	\N
2365686408	32	Pontoscolex corethrurus	f	\N
2365686407	52	Laeonereis culveri	f	\N
2365686406	13	Pontoscolex Corethrurus	f	\N
2365686405	13	Pontoscolex Corethrurus	f	\N
2365686403	1	\N	f	\N
2365686397	13	Pontoscolex Corethrurus	f	\N
2365686396	13	Pontoscolex Corethrurus	f	\N
2365686394	6	Liodrilus mendesi	f	\N
2365686393	13	Pontoscolex Corethrurus	f	\N
2365686392	53	Neanthes	f	\N
2365686391	30	Rhinodrilus antonionii	f	PARATYPE
2365686390	6	Liodrilus mendesi	f	\N
2365686389	32	Pontoscolex corethrurus	f	\N
2365686388	13	Pontoscolex Corethrurus	f	\N
2365686387	23	Hyperiodrilus africanus	f	\N
2365686386	62	Sigambra grubii	f	\N
2365686385	13	Pontoscolex Corethrurus	f	\N
2365686384	42	Capitella	f	\N
2365686382	51	Laeonereis	f	\N
2365686381	13	Pontoscolex Corethrurus	f	\N
2365686380	32	Pontoscolex corethrurus	f	\N
2365686379	13	Pontoscolex Corethrurus	f	\N
2365686377	13	Pontoscolex Corethrurus	f	\N
2365686376	13	Pontoscolex Corethrurus	f	\N
2365686375	62	Sigambra grubii	f	\N
2365686373	52	Laeonereis culveri	f	\N
2365686370	13	Pontoscolex Corethrurus	f	\N
2365686369	1	\N	f	\N
2365686367	13	Pontoscolex Corethrurus	f	\N
2365686366	6	Liodrilus mendesi	f	\N
2365686364	13	Pontoscolex Corethrurus	f	\N
2365686362	13	Pontoscolex Corethrurus	f	\N
2365686360	32	Pontoscolex corethrurus	f	\N
2365686359	32	Pontoscolex corethrurus	f	\N
2365686358	13	Pontoscolex Corethrurus	f	\N
2365686356	6	Liodrilus mendesi	f	\N
2365686355	64	Nephtys fluviatilis	f	\N
2365686354	52	Laeonereis culveri	f	\N
2365686353	13	Pontoscolex Corethrurus	f	\N
2365686347	64	Nephtys fluviatilis	f	\N
2365686346	13	Pontoscolex Corethrurus	f	\N
2365686343	13	Pontoscolex Corethrurus	f	\N
2365686340	13	Pontoscolex Corethrurus	f	\N
2365686339	13	Pontoscolex Corethrurus	f	\N
2365686338	23	Hyperiodrilus africanus	f	\N
2365686337	32	Pontoscolex corethrurus	f	\N
2365686336	32	Pontoscolex corethrurus	f	\N
2365686332	8	Righiodrilus tocantinensis	f	\N
2365686331	13	Pontoscolex Corethrurus	f	\N
2365686330	13	Pontoscolex Corethrurus	f	\N
2365686328	61	Sigambra	f	\N
2365686325	42	Capitella	f	\N
2365686324	13	Pontoscolex Corethrurus	f	\N
2365686320	32	Pontoscolex corethrurus	f	\N
2365686318	13	Pontoscolex Corethrurus	f	\N
2365686317	13	Pontoscolex Corethrurus	f	\N
2365686316	32	Pontoscolex corethrurus	f	\N
2365686311	13	Pontoscolex Corethrurus	f	\N
2365686308	62	Sigambra grubii	f	\N
2365686307	40	Notomastus	f	\N
2365686304	62	Sigambra grubii	f	\N
2365686303	13	Pontoscolex Corethrurus	f	\N
2365686200	61	Sigambra	f	\N
2365686199	47	Aphrodita	f	\N
2365686198	13	Pontoscolex Corethrurus	f	\N
2365686193	64	Nephtys fluviatilis	f	\N
2365686192	32	Pontoscolex corethrurus	f	\N
2365686191	32	Pontoscolex corethrurus	f	\N
2365686190	62	Sigambra grubii	f	\N
2365686189	26	Urobenus petrerei	f	\N
2365686187	22	Dichogaster affinis	f	\N
2365686184	6	Liodrilus mendesi	f	\N
2365686180	32	Pontoscolex corethrurus	f	\N
2365686177	30	Rhinodrilus antonionii	f	PARATYPE
2365686175	13	Pontoscolex Corethrurus	f	\N
2365686174	13	Pontoscolex Corethrurus	f	\N
2365686173	13	Pontoscolex Corethrurus	f	\N
2365686171	13	Pontoscolex Corethrurus	f	\N
2365686165	13	Pontoscolex Corethrurus	f	\N
2365686160	13	Pontoscolex Corethrurus	f	\N
2365686158	61	Sigambra	f	\N
2365686157	30	Rhinodrilus antonionii	f	PARATYPE
2365686154	32	Pontoscolex corethrurus	f	\N
2365686151	40	Notomastus	f	\N
2365686149	20	Dichogaster bolaui	f	\N
2365686148	20	Dichogaster bolaui	f	\N
2365686145	13	Pontoscolex Corethrurus	f	\N
2365686144	52	Laeonereis culveri	f	\N
2365686139	32	Pontoscolex corethrurus	f	\N
2365686135	13	Pontoscolex Corethrurus	f	\N
2365686133	52	Laeonereis culveri	f	\N
2365686132	61	Sigambra	f	\N
2365686129	13	Pontoscolex Corethrurus	f	\N
2365686128	13	Pontoscolex Corethrurus	f	\N
2365686125	13	Pontoscolex Corethrurus	f	\N
2365686124	13	Pontoscolex Corethrurus	f	\N
2365686123	13	Pontoscolex Corethrurus	f	\N
2365686117	13	Pontoscolex Corethrurus	f	\N
2365686116	32	Pontoscolex corethrurus	f	\N
2365686115	42	Capitella	f	\N
2365686113	42	Capitella	f	\N
2365686111	20	Dichogaster bolaui	f	\N
2365686110	30	Rhinodrilus antonionii	f	HOLOTYPE
2365686106	52	Laeonereis culveri	f	\N
2365686105	13	Pontoscolex Corethrurus	f	\N
2365686103	42	Capitella	f	\N
2365686100	53	Neanthes	f	\N
2365686098	67	Phragmatopoma caudata	f	\N
2365686094	32	Pontoscolex corethrurus	f	\N
2365686088	6	Liodrilus mendesi	f	\N
2365686087	67	Phragmatopoma caudata	f	\N
2365686085	39	Heteromastus	f	\N
2365686083	13	Pontoscolex Awa	f	PARATYPE
2365686081	13	Pontoscolex Corethrurus	f	\N
2365686079	13	Pontoscolex Corethrurus	f	\N
2365686078	13	Pontoscolex Corethrurus	f	\N
2365686077	13	Pontoscolex Corethrurus	f	\N
2365686076	13	Pontoscolex Corethrurus	f	\N
2365686074	13	Pontoscolex Corethrurus	f	\N
2365686070	56	Namalycastis	f	\N
2365686066	13	Pontoscolex Corethrurus	f	\N
2365686065	40	Notomastus	f	\N
2365686061	47	Aphrodita	f	\N
2365686058	13	Pontoscolex Corethrurus	f	\N
2365686056	32	Pontoscolex corethrurus	f	\N
2365686052	13	Pontoscolex Corethrurus	f	\N
2365686049	13	Pontoscolex Corethrurus	f	\N
2365686044	13	Pontoscolex Corethrurus	f	\N
2365686040	13	Pontoscolex Corethrurus	f	\N
2365686036	42	Capitella	f	\N
2365686034	64	Nephtys fluviatilis	f	\N
2365686023	32	Pontoscolex corethrurus	f	\N
2365686021	42	Capitella	f	\N
2365686020	13	Pontoscolex Corethrurus	f	\N
2365686019	13	Pontoscolex Corethrurus	f	\N
2365686018	13	Pontoscolex Corethrurus	f	\N
2365686016	13	Pontoscolex Corethrurus	f	\N
2365686010	13	Pontoscolex Corethrurus	f	\N
2365686006	6	Liodrilus mendesi	f	\N
2365686000	13	Pontoscolex	f	\N
2365685996	32	Pontoscolex corethrurus	f	\N
2365685995	13	Pontoscolex Corethrurus	f	\N
2365685991	13	Pontoscolex Corethrurus	f	\N
2365685989	13	Pontoscolex Corethrurus	f	\N
2365685987	22	Dichogaster affinis	f	\N
2365685986	62	Sigambra grubii	f	\N
2365685984	13	Pontoscolex Corethrurus	f	\N
2365685982	8	Righiodrilus tocantinensis	f	\N
2365685978	8	Righiodrilus tocantinensis	f	\N
2365685977	40	Notomastus	f	\N
2365685974	20	Dichogaster bolaui	f	\N
2365685973	62	Sigambra grubii	f	\N
2365685971	39	Heteromastus	f	\N
2365685967	13	Pontoscolex Corethrurus	f	\N
2365685963	13	Pontoscolex Awa	f	PARATYPE
2365685962	30	Rhinodrilus antonionii	f	PARATYPE
2365685961	13	Pontoscolex Corethrurus	f	\N
2365685960	13	Pontoscolex Corethrurus	f	\N
2365685959	13	Pontoscolex Corethrurus	f	\N
2365685953	32	Pontoscolex corethrurus	f	\N
2365685948	53	Neanthes	f	\N
2365685947	13	Pontoscolex Corethrurus	f	\N
2365685946	57	Nereis	f	\N
2365685944	32	Pontoscolex corethrurus	f	\N
2365685943	62	Sigambra grubii	f	\N
2365685936	13	Pontoscolex Corethrurus	f	\N
2365685935	13	Pontoscolex Corethrurus	f	\N
2365685933	1	\N	f	\N
2365685932	23	Hyperiodrilus africanus	f	\N
2365685929	62	Sigambra grubii	f	\N
2365685924	13	Pontoscolex Corethrurus	f	\N
2365685923	13	Pontoscolex Corethrurus	f	\N
2365685922	2	Oligochaeta	f	\N
2365685919	6	Liodrilus mendesi	f	\N
2365685915	28	Urobenus brasiliensis	f	\N
2365685914	13	Pontoscolex Corethrurus	f	\N
2365685911	30	Rhinodrilus antonionii	f	PARATYPE
2365685908	23	Hyperiodrilus africanus	f	\N
2365685903	53	Neanthes	f	\N
2365685902	13	Pontoscolex Corethrurus	f	\N
2365685901	62	Sigambra grubii	f	\N
2365685899	3	Hirudinea	f	\N
2365685898	65	Aglaophamus	f	\N
2365685896	13	Pontoscolex Corethrurus	f	\N
2365685893	13	Pontoscolex Corethrurus	f	\N
2365685886	13	Pontoscolex Corethrurus	f	\N
2365685884	13	Pontoscolex Corethrurus	f	\N
2365685882	13	Pontoscolex Corethrurus	f	\N
2365685877	26	Urobenus petrerei	f	\N
2365685876	13	Pontoscolex Corethrurus	f	\N
2365685875	13	Pontoscolex Corethrurus	f	\N
2365685874	67	Phragmatopoma caudata	f	\N
2365685871	52	Laeonereis culveri	f	\N
2365685870	62	Sigambra grubii	f	\N
2365685867	26	Urobenus petrerei	f	\N
2365685865	22	Dichogaster affinis	f	\N
2365685861	13	Pontoscolex Corethrurus	f	\N
2365685860	30	Rhinodrilus antonionii	f	PARATYPE
2365685859	61	Sigambra	f	\N
2365685855	32	Pontoscolex corethrurus	f	\N
2365685854	52	Laeonereis culveri	f	\N
2365685852	13	Pontoscolex Corethrurus	f	\N
2365685851	32	Pontoscolex corethrurus	f	\N
2365685848	32	Pontoscolex corethrurus	f	\N
2365685847	62	Sigambra grubii	f	\N
2365685846	13	Pontoscolex Corethrurus	f	\N
2365685845	65	Aglaophamus	f	\N
2365685844	62	Sigambra grubii	f	\N
2365685842	13	Pontoscolex Corethrurus	f	\N
2365685841	13	Pontoscolex Corethrurus	f	\N
2365685840	13	Pontoscolex Corethrurus	f	\N
2365685837	22	Dichogaster affinis	f	\N
2365685833	13	Pontoscolex Corethrurus	f	\N
2365685831	20	Dichogaster bolaui	f	\N
2365685830	32	Pontoscolex corethrurus	f	\N
2365685828	8	Righiodrilus tocantinensis	f	\N
2365685826	13	Pontoscolex Corethrurus	f	\N
2365685825	42	Capitella	f	\N
2365685824	62	Sigambra grubii	f	\N
2365685823	20	Dichogaster bolaui	f	\N
2365685818	26	Urobenus petrerei	f	\N
2365685817	13	Pontoscolex Corethrurus	f	\N
2365685816	40	Notomastus	f	\N
2365685814	20	Dichogaster bolaui	f	\N
2365685810	32	Pontoscolex corethrurus	f	\N
2365685809	32	Pontoscolex corethrurus	f	\N
2365685807	32	Pontoscolex corethrurus	f	\N
2365685806	64	Nephtys fluviatilis	f	\N
2365685805	40	Notomastus	f	\N
2365685800	13	Pontoscolex Awa	f	HOLOTYPE
2365685799	20	Dichogaster bolaui	f	\N
2365685798	42	Capitella	f	\N
2365685797	13	Pontoscolex Corethrurus	f	\N
2365685796	64	Nephtys fluviatilis	f	\N
2365685795	13	Pontoscolex Corethrurus	f	\N
2365685794	13	Pontoscolex Corethrurus	f	\N
2365685792	13	Pontoscolex Corethrurus	f	\N
2365685791	64	Nephtys fluviatilis	f	\N
2365685790	13	Pontoscolex Corethrurus	f	\N
2365685789	13	Pontoscolex Corethrurus	f	\N
2365685788	40	Notomastus	f	\N
2365685787	13	Pontoscolex Corethrurus	f	\N
2365685786	32	Pontoscolex corethrurus	f	\N
2365685783	13	Pontoscolex Corethrurus	f	\N
2365685781	42	Capitella	f	\N
2365685779	13	Pontoscolex Corethrurus	f	\N
2365685778	26	Urobenus petrerei	f	\N
2365685774	20	Dichogaster bolaui	f	\N
2365685773	13	Pontoscolex Corethrurus	f	\N
2365685769	26	Urobenus petrerei	f	\N
2365685764	42	Capitella	f	\N
2365685762	40	Notomastus	f	\N
2365685759	13	Pontoscolex Corethrurus	f	\N
2365685756	13	Pontoscolex Corethrurus	f	\N
2365685755	13	Pontoscolex Corethrurus	f	\N
2365685750	62	Sigambra grubii	f	\N
2365685749	62	Sigambra grubii	f	\N
2365685748	32	Pontoscolex corethrurus	f	\N
2365685746	62	Sigambra grubii	f	\N
2365685744	6	Liodrilus mendesi	f	\N
2365685742	13	Pontoscolex Corethrurus	f	\N
2365685740	62	Sigambra grubii	f	\N
2365685739	13	Pontoscolex Corethrurus	f	\N
2365685733	32	Pontoscolex corethrurus	f	\N
2365685732	32	Pontoscolex corethrurus	f	\N
2365685731	40	Notomastus	f	\N
2365685729	26	Urobenus petrerei	f	\N
2365685726	13	Pontoscolex Corethrurus	f	\N
2365685723	13	Pontoscolex Corethrurus	f	\N
2365685722	62	Sigambra grubii	f	\N
2365685720	13	Pontoscolex Corethrurus	f	\N
2365685714	6	Liodrilus mendesi	f	\N
2365685708	52	Laeonereis culveri	f	\N
2365685707	13	Pontoscolex Corethrurus	f	\N
2365685705	13	Pontoscolex Corethrurus	f	\N
2365685704	13	Pontoscolex Corethrurus	f	\N
2365685703	62	Sigambra grubii	f	\N
2365685699	13	Pontoscolex Corethrurus	f	\N
2365685697	13	Pontoscolex Corethrurus	f	\N
2365685691	20	Dichogaster bolaui	f	\N
2365685689	51	Laeonereis	f	\N
2365685685	32	Pontoscolex corethrurus	f	\N
2365685684	52	Laeonereis culveri	f	\N
2365685677	13	Pontoscolex Corethrurus	f	\N
2365685666	13	Pontoscolex Corethrurus	f	\N
2365685663	52	Laeonereis culveri	f	\N
2365685658	13	Pontoscolex Corethrurus	f	\N
2365685655	32	Pontoscolex corethrurus	f	\N
2365685650	61	Sigambra	f	\N
2365685649	52	Laeonereis culveri	f	\N
2365685646	13	Pontoscolex Awa	f	PARATYPE
2365685644	6	Liodrilus mendesi	f	\N
2365685643	40	Notomastus	f	\N
2365685639	13	Pontoscolex Corethrurus	f	\N
2365685637	13	Pontoscolex Corethrurus	f	\N
2365685631	47	Aphrodita	f	\N
2365685624	13	Pontoscolex Corethrurus	f	\N
2365685598	32	Pontoscolex corethrurus	f	\N
2365685596	8	Righiodrilus tocantinensis	f	\N
2365685592	13	Pontoscolex Corethrurus	f	\N
2365685587	13	Pontoscolex Corethrurus	f	\N
2365685580	13	Pontoscolex Corethrurus	f	\N
2365685578	53	Neanthes	f	\N
2365685573	13	Pontoscolex Corethrurus	f	\N
2365685562	22	Dichogaster affinis	f	\N
2365685559	1	\N	f	\N
2365685556	13	Pontoscolex Corethrurus	f	\N
2365685552	13	Pontoscolex Awa	f	PARATYPE
2365685550	40	Notomastus	f	\N
2365685534	26	Urobenus petrerei	f	\N
2365685521	32	Pontoscolex corethrurus	f	\N
2365685520	6	Liodrilus mendesi	f	\N
2365685516	42	Capitella	f	\N
2365685498	40	Notomastus	f	\N
2365685493	32	Pontoscolex corethrurus	f	\N
2365685489	6	Liodrilus mendesi	f	\N
2365685488	13	Pontoscolex Corethrurus	f	\N
2365685480	30	Rhinodrilus antonionii	f	PARATYPE
2365685469	32	Pontoscolex corethrurus	f	\N
2365685456	13	Pontoscolex Corethrurus	f	\N
2365685454	32	Pontoscolex corethrurus	f	\N
2365685449	32	Pontoscolex corethrurus	f	\N
2365685447	13	Pontoscolex Corethrurus	f	\N
2365685445	13	Pontoscolex Corethrurus	f	\N
2365685434	13	Pontoscolex Awa	f	PARATYPE
2365685432	32	Pontoscolex corethrurus	f	\N
2365685426	32	Pontoscolex corethrurus	f	\N
1913497256	2	Oligochaeta	f	\N
1913497255	2	Oligochaeta	f	\N
1913497254	14	Lumbriculidae	f	\N
1913497253	2	Oligochaeta	f	\N
1913497252	35	Terebellidae	f	\N
1913497251	14	Lumbriculidae	f	\N
1913497250	14	Lumbriculidae	f	\N
1913497249	14	Lumbriculidae	f	\N
1913497248	14	Lumbriculidae	f	\N
1913497247	14	Lumbriculidae	f	\N
1913497246	3	Hirudinea	f	\N
1913497245	2	Oligochaeta	f	\N
1913497244	2	Oligochaeta	f	\N
1913497243	14	Lumbriculidae	f	\N
1913497242	14	Lumbriculidae	f	\N
1913497241	2	Oligochaeta	f	\N
1913497240	2	Oligochaeta	f	\N
1913497239	2	Oligochaeta	f	\N
1913497238	2	Oligochaeta	f	\N
1913497237	2	Oligochaeta	f	\N
1913497236	2	Oligochaeta	f	\N
1913497235	33	Naididae	f	\N
1913497234	14	Lumbriculidae	f	\N
1913497233	2	Oligochaeta	f	\N
1913497232	2	Oligochaeta	f	\N
1913497231	14	Lumbriculidae	f	\N
1913497230	2	Oligochaeta	f	\N
1913497229	2	Oligochaeta	f	\N
1913497228	2	Oligochaeta	f	\N
1913497227	2	Oligochaeta	f	\N
1913497226	14	Lumbriculidae	f	\N
1913497225	5	Haplotaxida	f	\N
1913497224	14	Lumbriculidae	f	\N
1913497223	2	Oligochaeta	f	\N
1913497222	2	Oligochaeta	f	\N
1913497221	2	Oligochaeta	f	\N
1913497220	2	Oligochaeta	f	\N
1913497219	2	Oligochaeta	f	\N
1913497218	2	Oligochaeta	f	\N
1913497217	3	Hirudinea	f	\N
1913497216	5	Haplotaxida	f	\N
1913497215	2	Oligochaeta	f	\N
1913497214	2	Oligochaeta	f	\N
1913497213	2	Oligochaeta	f	\N
1913497212	2	Oligochaeta	f	\N
1913497211	5	Haplotaxida	f	\N
1913497210	2	Oligochaeta	f	\N
1913497209	2	Oligochaeta	f	\N
1913497208	14	Lumbriculidae	f	\N
1913497207	14	Lumbriculidae	f	\N
1913497206	2	Oligochaeta	f	\N
1913497205	5	Haplotaxida	f	\N
1913497204	2	Oligochaeta	f	\N
1913497203	5	Haplotaxida	f	\N
1913497202	2	Oligochaeta	f	\N
1913497201	2	Oligochaeta	f	\N
1913497200	2	Oligochaeta	f	\N
1913497199	5	Haplotaxida	f	\N
1913497198	5	Haplotaxida	f	\N
1913497197	5	Haplotaxida	f	\N
1913497196	5	Haplotaxida	f	\N
1913497195	5	Haplotaxida	f	\N
1913497194	5	Haplotaxida	f	\N
1913497193	2	Oligochaeta	f	\N
1913497192	2	Oligochaeta	f	\N
1913497191	14	Lumbriculidae	f	\N
1913497190	2	Oligochaeta	f	\N
1913497189	5	Haplotaxida	f	\N
1913497188	2	Oligochaeta	f	\N
1913497187	5	Haplotaxida	f	\N
1913497186	2	Oligochaeta	f	\N
1913497185	2	Oligochaeta	f	\N
1913497184	2	Oligochaeta	f	\N
1913497183	5	Haplotaxida	f	\N
1913497182	14	Lumbriculidae	f	\N
1913497181	5	Haplotaxida	f	\N
1913497180	14	Lumbriculidae	f	\N
1913497179	5	Haplotaxida	f	\N
1913497178	5	Haplotaxida	f	\N
1913497177	5	Haplotaxida	f	\N
1913497176	2	Oligochaeta	f	\N
1913497175	5	Haplotaxida	f	\N
1913497174	5	Haplotaxida	f	\N
1913497173	5	Haplotaxida	f	\N
1913497172	5	Haplotaxida	f	\N
1913497171	14	Lumbriculidae	f	\N
1913497170	14	Lumbriculidae	f	\N
1913497169	2	Oligochaeta	f	\N
1913497168	2	Oligochaeta	f	\N
1913497167	5	Haplotaxida	f	\N
1913497166	2	Oligochaeta	f	\N
1913497165	5	Haplotaxida	f	\N
1913497164	5	Haplotaxida	f	\N
1913497163	5	Haplotaxida	f	\N
1913497162	2	Oligochaeta	f	\N
1913497161	5	Haplotaxida	f	\N
1913497160	14	Lumbriculidae	f	\N
1913497159	5	Haplotaxida	f	\N
1913497158	5	Haplotaxida	f	\N
1913497157	5	Haplotaxida	f	\N
1913497156	5	Haplotaxida	f	\N
1913497155	5	Haplotaxida	f	\N
1913497154	5	Haplotaxida	f	\N
1913497153	5	Haplotaxida	f	\N
1913497152	5	Haplotaxida	f	\N
1913497151	5	Haplotaxida	f	\N
1913497150	5	Haplotaxida	f	\N
1913497149	5	Haplotaxida	f	\N
1913497148	5	Haplotaxida	f	\N
1913497147	5	Haplotaxida	f	\N
1913497146	5	Haplotaxida	f	\N
1913497145	2	Oligochaeta	f	\N
1913497144	2	Oligochaeta	f	\N
1913497143	5	Haplotaxida	f	\N
1913497142	5	Haplotaxida	f	\N
1913497141	2	Oligochaeta	f	\N
1913497140	5	Haplotaxida	f	\N
1913497139	2	Oligochaeta	f	\N
1913497138	5	Haplotaxida	f	\N
1913497137	5	Haplotaxida	f	\N
1913497136	5	Haplotaxida	f	\N
1913497135	5	Haplotaxida	f	\N
1913497134	5	Haplotaxida	f	\N
1913497133	5	Haplotaxida	f	\N
1913497132	5	Haplotaxida	f	\N
1913497131	5	Haplotaxida	f	\N
1913497130	5	Haplotaxida	f	\N
1913497129	5	Haplotaxida	f	\N
1913497128	5	Haplotaxida	f	\N
1913497127	5	Haplotaxida	f	\N
1913497126	5	Haplotaxida	f	\N
1913497125	5	Haplotaxida	f	\N
1913497124	5	Haplotaxida	f	\N
1913497123	5	Haplotaxida	f	\N
1913497122	5	Haplotaxida	f	\N
1913497121	5	Haplotaxida	f	\N
1913497120	5	Haplotaxida	f	\N
1913497119	5	Haplotaxida	f	\N
1913497118	5	Haplotaxida	f	\N
1913497117	5	Haplotaxida	f	\N
1913497116	5	Haplotaxida	f	\N
1913497115	5	Haplotaxida	f	\N
1913497114	5	Haplotaxida	f	\N
1913497113	5	Haplotaxida	f	\N
1913497112	5	Haplotaxida	f	\N
1913497111	5	Haplotaxida	f	\N
1913497110	5	Haplotaxida	f	\N
1913497109	5	Haplotaxida	f	\N
1913497108	5	Haplotaxida	f	\N
1913497107	5	Haplotaxida	f	\N
1913497106	5	Haplotaxida	f	\N
1913497105	5	Haplotaxida	f	\N
1913497104	5	Haplotaxida	f	\N
1913497103	2	Oligochaeta	f	\N
1913497102	5	Haplotaxida	f	\N
1913497101	5	Haplotaxida	f	\N
1913497100	5	Haplotaxida	f	\N
1913497099	5	Haplotaxida	f	\N
1913497098	5	Haplotaxida	f	\N
1913497097	5	Haplotaxida	f	\N
1913497096	5	Haplotaxida	f	\N
1913497095	5	Haplotaxida	f	\N
1913497094	5	Haplotaxida	f	\N
1913497093	5	Haplotaxida	f	\N
1913497092	5	Haplotaxida	f	\N
1913497091	5	Haplotaxida	f	\N
1913497090	5	Haplotaxida	f	\N
1913497089	5	Haplotaxida	f	\N
1913497088	5	Haplotaxida	f	\N
1913497087	5	Haplotaxida	f	\N
1913497086	5	Haplotaxida	f	\N
1913497085	5	Haplotaxida	f	\N
1913497084	5	Haplotaxida	f	\N
1913497083	3	Clitellata	f	\N
1913497082	5	Haplotaxida	f	\N
1913497081	5	Haplotaxida	f	\N
1913497080	5	Haplotaxida	f	\N
1913497079	5	Haplotaxida	f	\N
1913497078	5	Haplotaxida	f	\N
1913497077	5	Haplotaxida	f	\N
1913497076	5	Haplotaxida	f	\N
1913497075	5	Haplotaxida	f	\N
1913497074	5	Haplotaxida	f	\N
1913497073	5	Haplotaxida	f	\N
1913497072	5	Haplotaxida	f	\N
1913497071	5	Haplotaxida	f	\N
1913497070	5	Haplotaxida	f	\N
1913497069	5	Haplotaxida	f	\N
1913497068	5	Haplotaxida	f	\N
1913497067	5	Haplotaxida	f	\N
1913497066	5	Haplotaxida	f	\N
1913497065	2	Oligochaeta	f	\N
1913497064	5	Haplotaxida	f	\N
1913497063	5	Haplotaxida	f	\N
1913497062	5	Haplotaxida	f	\N
1913497061	2	Oligochaeta	f	\N
1913497060	3	Clitellata	f	\N
1913497059	5	Haplotaxida	f	\N
1913497058	2	Oligochaeta	f	\N
1913497057	5	Haplotaxida	f	\N
1438492829	18	Dichogaster saliens	f	\N
1438492828	1	\N	f	\N
1438492827	25	Urobenus	f	\N
1438492826	24	Diachaeta	f	\N
1438492825	21	itapecu	f	\N
1438492824	21	itapecu	f	\N
1438492823	25	Urobenus	f	\N
1438492822	28	Urobenus brasiliensis	f	\N
1438492821	1	\N	f	PARATYPE
1438492820	19	bolaui	f	\N
1438492819	17	evae	f	\N
1438492818	32	Pontoscolex corethrurus	f	\N
1438492817	26	Urobenus petrerei	f	\N
1438492816	1	\N	f	PARATYPE
1438492815	17	evae	f	\N
1438492814	1	\N	f	PARATYPE
1438492813	29	Rhinodrilus jucundus	f	\N
1438492812	19	bolaui	f	\N
1438492811	19	bolaui	f	\N
1438492810	1	\N	f	PARATYPE
1438492809	1	\N	f	PARATYPE
1438492808	1	\N	f	PARATYPE
1438492807	29	Rhinodrilus jucundus	f	\N
1438492806	32	Pontoscolex corethrurus	f	\N
1438492805	15	Cylicobdella  joseensis	f	\N
1438492804	25	Urobenus	f	\N
1438492803	1	\N	f	PARATYPE
1438492802	17	evae	f	\N
1438492801	29	Rhinodrilus jucundus	f	\N
1438492800	17	evae	f	\N
1438492799	1	\N	f	PARATYPE
1438492798	10	Holoscolex	f	PARATYPE
1438492797	4	Turedrilus	f	PARATYPE
1438492796	4	Turedrilus	f	HOLOTYPE
1438492795	4	Turedrilus	f	HOLOTYPE
1438492794	10	Holoscolex	f	PARATYPE
1438492793	10	Holoscolex	f	PARATYPE
1438492792	17	evae	f	\N
1438492791	10	Holoscolex	f	PARATYPE
1438492790	10	Holoscolex	f	PARATYPE
1438492789	10	Holoscolex	f	PARATYPE
1438492788	4	Turedrilus	f	HOLOTYPE
1438492787	4	Turedrilus	f	PARATYPE
1438492786	10	Holoscolex	f	HOLOTYPE
1438492785	10	Holoscolex	f	PARATYPE
1438492784	10	Holoscolex	f	PARATYPE
1438492783	16	Dichogaster servi	f	\N
1438492782	10	Holoscolex	f	HOLOTYPE
1438492781	4	Turedrilus	f	PARATYPE
1438492780	10	Holoscolex	f	PARATYPE
1438492779	1	\N	f	PARATYPE
1438492778	10	Holoscolex	f	PARATYPE
1438492777	4	Turedrilus	f	PARATYPE
1438492776	10	Holoscolex	f	PARATYPE
1438492775	10	Holoscolex	f	PARATYPE
1438492774	4	Turedrilus	f	PARATYPE
1438492773	7	Righiodrilus	f	\N
1438492772	7	Righiodrilus	f	PARATYPE
1438492771	10	Holoscolex	f	PARATYPE
1438492770	7	Righiodrilus	f	PARATYPE
1438492769	4	Turedrilus	f	PARATYPE
1438492768	7	Righiodrilus	f	PARATYPE
1438492767	7	Righiodrilus	f	PARATYPE
1438492766	7	Righiodrilus	f	PARATYPE
1438492765	1	\N	f	\N
1438492764	1	\N	f	\N
1438492763	7	Righiodrilus	f	PARATYPE
1438492762	10	Holoscolex	f	PARATYPE
1438492761	7	Righiodrilus	f	\N
1438492760	7	Righiodrilus	f	\N
1438492759	1	\N	f	\N
1438492758	7	Righiodrilus	f	PARATYPE
1438492757	1	\N	f	HOLOTYPE
1438492756	10	Holoscolex	f	\N
1438492755	27	Rhinodrilus	f	\N
1438492754	7	Righiodrilus	f	PARATYPE
1438492753	10	Holoscolex	f	PARATYPE
1438492752	7	Righiodrilus	f	\N
1438492751	7	Righiodrilus	f	PARATYPE
1438492750	7	Righiodrilus	f	PARATYPE
1438492749	32	Pontoscolex corethrurus	f	\N
1438492748	1	\N	f	\N
1438492747	7	Righiodrilus	f	\N
1438492746	1	\N	f	\N
1438492745	7	Righiodrilus	f	\N
1438492744	7	Righiodrilus	f	PARATYPE
1438492743	1	\N	f	\N
1438492742	1	\N	f	\N
1438492741	10	Holoscolex	f	\N
1438492740	7	Righiodrilus	f	\N
1438492739	9	Glossodrilus	f	\N
1438492738	1	\N	f	\N
1438492737	9	Glossodrilus	f	\N
1438492736	7	Righiodrilus	f	\N
1438492735	1	\N	f	\N
1438492734	7	Righiodrilus	f	\N
1438492733	10	Holoscolex	f	PARATYPE
1438492732	1	\N	f	\N
1438492731	7	Righiodrilus	f	\N
1438492730	1	\N	f	\N
1438492729	1	\N	f	\N
1438492728	9	Glossodrilus	f	\N
1438492727	7	Righiodrilus	f	\N
1438492726	10	Holoscolex	f	\N
1438492725	1	\N	f	\N
1438492724	27	Rhinodrilus	f	\N
1438492723	7	Righiodrilus	f	\N
1438492722	32	Pontoscolex corethrurus	f	\N
1438492721	4	Turedrilus	f	\N
1438492720	7	Righiodrilus	f	\N
1438492719	12	Diaguita	f	\N
1438492718	12	Diaguita	f	\N
1438492717	1	\N	f	\N
1438492716	32	Pontoscolex corethrurus	f	\N
1438492715	32	Pontoscolex corethrurus	f	\N
1438492714	31	Pontoscolex	f	\N
1438492713	31	Pontoscolex	f	\N
1438492712	7	Righiodrilus	f	\N
1438492711	32	Pontoscolex corethrurus	f	\N
1438492710	31	Pontoscolex	f	\N
1438492709	32	Pontoscolex corethrurus	f	\N
1438492708	7	Righiodrilus	f	\N
1438492707	7	Righiodrilus	f	\N
1438492706	9	Glossodrilus	f	\N
1438492705	32	Pontoscolex corethrurus	f	\N
1438492704	32	Pontoscolex corethrurus	f	\N
1438492703	4	Turedrilus	f	\N
1438492702	32	Pontoscolex corethrurus	f	\N
1438492701	32	Pontoscolex corethrurus	f	\N
1438492700	31	Pontoscolex	f	\N
1438492699	4	Turedrilus	f	\N
1438492698	32	Pontoscolex corethrurus	f	\N
1438492697	1	\N	f	\N
1438492696	11	Andiorrhinus	f	\N
1438492695	1	\N	f	\N
1438492694	1	\N	f	\N
1438492693	7	Righiodrilus	f	\N
1438492692	11	Andiorrhinus	f	\N
1438492691	32	Pontoscolex corethrurus	f	\N
1438492690	11	Andiorrhinus	f	\N
1438492689	32	Pontoscolex corethrurus	f	\N
1438492688	1	\N	f	\N
1438492687	7	Righiodrilus	f	\N
1438492686	11	Andiorrhinus	f	\N
1438492685	7	Righiodrilus	f	\N
1438492684	11	Andiorrhinus	f	\N
1438492683	1	\N	f	\N
1438492682	1	\N	f	\N
1438492681	1	\N	f	\N
1438492680	32	Pontoscolex corethrurus	f	\N
1438492679	1	\N	f	\N
1438492678	11	Andiorrhinus	f	\N
1438492677	31	Pontoscolex	f	\N
1438492676	4	Turedrilus	f	\N
1438492675	9	Glossodrilus	f	\N
1438492674	27	Rhinodrilus	f	\N
1438492673	37	Magelona	f	\N
1438492672	32	Pontoscolex corethrurus	f	\N
1438492671	11	Andiorrhinus	f	\N
1438492670	41	Mediomastus	f	\N
1438492669	1	\N	f	\N
1438492668	11	Andiorrhinus	f	\N
1438492667	43	Capitella ovincola	f	\N
1438492666	45	Isolda pulchella	f	\N
1438492665	1	\N	f	\N
1438492664	1	\N	f	\N
1438492663	1	\N	f	\N
1438492662	34	Leodamas	f	\N
1438492661	38	Bocardiella	f	\N
1438492660	32	Pontoscolex corethrurus	f	\N
1438492659	1	\N	f	\N
1438492658	11	Andiorrhinus	f	\N
1438492657	1	\N	f	\N
1438492656	7	Righiodrilus	f	\N
1438492655	11	Andiorrhinus	f	\N
1438492654	11	Andiorrhinus	f	\N
1438492653	36	Loimia	f	\N
1438492652	11	Andiorrhinus	f	\N
1438492651	27	Rhinodrilus	f	\N
1438492650	11	Andiorrhinus	f	\N
1438492649	11	Andiorrhinus	f	\N
1438492648	1	\N	f	\N
1438492647	59	Phyllodoce	f	\N
1438492646	11	Andiorrhinus	f	\N
1438492645	44	Capitella capitata	f	\N
1438492644	1	\N	f	\N
1438492643	55	Neanthes succinea	f	\N
1438492642	55	Neanthes succinea	f	\N
1438492641	1	\N	f	\N
1438492640	66	Sabellaria wilsoni	f	\N
1438492639	63	Chaetacanthus	f	\N
1438492638	48	Hemipodus	f	\N
1438492637	31	Pontoscolex	f	\N
1438492636	52	Laeonereis culveri	f	\N
1438492635	59	Phyllodoce	f	\N
1438492634	32	Pontoscolex corethrurus	f	\N
1438492633	32	Pontoscolex corethrurus	f	\N
1438492632	31	Pontoscolex	f	\N
1438492631	49	Syllis	f	\N
1438492630	1	\N	f	\N
1438492629	50	Bonuania	f	\N
1438492628	31	Pontoscolex	f	\N
1438492627	46	Marphysa	f	\N
1438492626	60	Eulalia	f	\N
1438492625	54	Ceratonereis excisa	f	\N
1438492624	58	Nereis oligohalina	f	\N
1438492623	58	Nereis oligohalina	f	\N
1438492622	1	\N	f	\N
1438492621	1	\N	f	\N
1438492620	31	Pontoscolex	f	\N
1438492619	68	Hydroides	f	\N
1438492618	1	\N	f	\N
1438492617	1	\N	f	\N
1438492616	1	\N	f	\N
1438492615	1	\N	f	\N
1438492614	1	\N	f	\N
1438492613	1	\N	f	\N
1438492612	1	\N	f	\N
1438492611	1	\N	f	\N
1438492610	1	\N	f	\N
1438492609	1	\N	f	\N
1438492608	1	\N	f	\N
1438492607	1	\N	f	\N
1438492606	1	\N	f	\N
1438492605	1	\N	f	\N
1438492604	1	\N	f	\N
1438492603	1	\N	f	\N
1438492602	1	\N	f	\N
1438492601	1	\N	f	\N
1438492600	1	\N	f	\N
1438492599	1	\N	f	\N
1438492598	1	\N	f	\N
1438492597	1	\N	f	\N
1438492596	1	\N	f	\N
1438492595	1	\N	f	\N
1438492594	1	\N	f	\N
1438492593	1	\N	f	\N
1438492592	31	Pontoscolex	f	\N
1438492591	1	\N	f	\N
1438492590	1	\N	f	\N
1438492589	31	Pontoscolex	f	\N
1438492588	31	Pontoscolex	f	\N
1438492587	31	Pontoscolex	f	\N
1438492586	1	\N	f	\N
1438492585	1	\N	f	\N
1438492584	1	\N	f	\N
1438492583	1	\N	f	\N
1438492582	31	Pontoscolex	f	\N
1438492581	1	\N	f	\N
1438492580	31	Pontoscolex	f	\N
1438492579	31	Pontoscolex	f	\N
1438492578	1	\N	f	\N
1438492577	31	Pontoscolex	f	\N
1438492576	1	\N	f	\N
1438492575	1	\N	f	\N
1438492574	1	\N	f	\N
1438492573	1	\N	f	\N
1438492572	31	Pontoscolex	f	\N
1438492571	1	\N	f	\N
1438492570	31	Pontoscolex	f	\N
1438492569	1	\N	f	\N
1438492568	1	\N	f	\N
1438492567	1	\N	f	\N
1438492566	31	Pontoscolex	f	\N
1438492565	1	\N	f	\N
1438492564	1	\N	f	\N
1438492563	1	\N	f	\N
1438492562	1	\N	f	\N
1438492561	1	\N	f	\N
1438492560	1	\N	f	\N
1438492559	31	Pontoscolex	f	\N
1438492558	1	\N	f	\N
1438492557	1	\N	f	\N
1438492556	1	\N	f	\N
1438492555	1	\N	f	\N
1438492554	1	\N	f	\N
1438492553	1	\N	f	\N
1438492552	31	Pontoscolex	f	\N
1438492551	1	\N	f	\N
1438492550	31	Pontoscolex	f	\N
1438492549	1	\N	f	\N
1438492548	1	\N	f	\N
1438492547	1	\N	f	\N
1438492546	1	\N	f	\N
1438492545	32	Pontoscolex corethrurus	f	\N
1438492544	1	\N	f	\N
1438492543	1	\N	f	\N
1438492542	1	\N	f	\N
1438492541	32	Pontoscolex corethrurus	f	\N
1438492540	1	\N	f	\N
1438492539	32	Pontoscolex corethrurus	f	\N
1438492538	1	\N	f	\N
1438492537	1	\N	f	\N
1438492536	1	\N	f	\N
1438492535	1	\N	f	\N
1438492534	1	\N	f	\N
1438492533	32	Pontoscolex corethrurus	f	\N
1438492532	32	Pontoscolex corethrurus	f	\N
1438492531	32	Pontoscolex corethrurus	f	\N
1438492530	32	Pontoscolex corethrurus	f	\N
1438492529	31	Pontoscolex	f	\N
1438492528	32	Pontoscolex corethrurus	f	\N
1438492527	32	Pontoscolex corethrurus	f	\N
1438492526	1	\N	f	\N
1438492525	1	\N	f	\N
1438492524	1	\N	f	\N
1438492523	1	\N	f	\N
1438492522	1	\N	f	\N
1438492521	32	Pontoscolex corethrurus	f	\N
1438492520	32	Pontoscolex corethrurus	f	\N
1438492519	32	Pontoscolex corethrurus	f	\N
1438492518	32	Pontoscolex corethrurus	f	\N
1438492517	32	Pontoscolex corethrurus	f	\N
1438492516	32	Pontoscolex corethrurus	f	\N
1438492515	32	Pontoscolex corethrurus	f	\N
1438492514	32	Pontoscolex corethrurus	f	\N
1438492513	32	Pontoscolex corethrurus	f	\N
1438492512	32	Pontoscolex corethrurus	f	\N
1438492511	32	Pontoscolex corethrurus	f	\N
1438492510	32	Pontoscolex corethrurus	f	\N
1438492509	32	Pontoscolex corethrurus	f	\N
1438492508	32	Pontoscolex corethrurus	f	\N
1438492507	32	Pontoscolex corethrurus	f	\N
1438492506	32	Pontoscolex corethrurus	f	\N
1438492505	32	Pontoscolex corethrurus	f	\N
1438492504	32	Pontoscolex corethrurus	f	\N
1438492503	32	Pontoscolex corethrurus	f	\N
1438492502	32	Pontoscolex corethrurus	f	\N
1438492501	32	Pontoscolex corethrurus	f	\N
1438492500	32	Pontoscolex corethrurus	f	\N
1438492499	32	Pontoscolex corethrurus	f	\N
1438492498	32	Pontoscolex corethrurus	f	\N
1438492497	32	Pontoscolex corethrurus	f	\N
1438492496	32	Pontoscolex corethrurus	f	\N
1438492495	32	Pontoscolex corethrurus	f	\N
1438492494	32	Pontoscolex corethrurus	f	\N
1438492493	32	Pontoscolex corethrurus	f	\N
1438492492	32	Pontoscolex corethrurus	f	\N
1438492491	32	Pontoscolex corethrurus	f	\N
1438492490	32	Pontoscolex corethrurus	f	\N
1438492489	32	Pontoscolex corethrurus	f	\N
1438492488	32	Pontoscolex corethrurus	f	\N
1438492487	32	Pontoscolex corethrurus	f	\N
1438492486	32	Pontoscolex corethrurus	f	\N
1438492485	32	Pontoscolex corethrurus	f	\N
1438492484	32	Pontoscolex corethrurus	f	\N
1438492483	32	Pontoscolex corethrurus	f	\N
1438492482	32	Pontoscolex corethrurus	f	\N
1438492481	32	Pontoscolex corethrurus	f	\N
1438492480	32	Pontoscolex corethrurus	f	\N
1438492479	32	Pontoscolex corethrurus	f	\N
1438492478	32	Pontoscolex corethrurus	f	\N
1438492477	32	Pontoscolex corethrurus	f	\N
1438492476	32	Pontoscolex corethrurus	f	\N
1438492475	32	Pontoscolex corethrurus	f	\N
1438492474	32	Pontoscolex corethrurus	f	\N
1438492473	32	Pontoscolex corethrurus	f	\N
1438492472	32	Pontoscolex corethrurus	f	\N
1438492471	32	Pontoscolex corethrurus	f	\N
\.


--
-- TOC entry 5246 (class 0 OID 17920)
-- Dependencies: 278
-- Data for Name: users; Type: TABLE DATA; Schema: public; Owner: postgres
--

COPY public.users (id, username, password, reset_token, email) FROM stdin;
1	Luckandrey	$2y$10$5YOSxEpy2yJbu5gOKIXYFuZcBQMS.gezhXWGMQm2b27cWqEW38SEK	\N	luquinhasandrey@hotmail.com
2	teste	$2y$10$MDFM3QMxC6fwdWmj8eKVMeH/.M4RAMbX2d2Ay951SIsLoRgr.Sf4O	\N	teste@teste.com
\.


--
-- TOC entry 5272 (class 0 OID 0)
-- Dependencies: 264
-- Name: auth_group_id_seq; Type: SEQUENCE SET; Schema: public; Owner: postgres
--

SELECT pg_catalog.setval('public.auth_group_id_seq', 1, false);


--
-- TOC entry 5273 (class 0 OID 0)
-- Dependencies: 266
-- Name: auth_group_permissions_id_seq; Type: SEQUENCE SET; Schema: public; Owner: postgres
--

SELECT pg_catalog.setval('public.auth_group_permissions_id_seq', 1, false);


--
-- TOC entry 5274 (class 0 OID 0)
-- Dependencies: 262
-- Name: auth_permission_id_seq; Type: SEQUENCE SET; Schema: public; Owner: postgres
--

SELECT pg_catalog.setval('public.auth_permission_id_seq', 160, true);


--
-- TOC entry 5275 (class 0 OID 0)
-- Dependencies: 270
-- Name: auth_user_groups_id_seq; Type: SEQUENCE SET; Schema: public; Owner: postgres
--

SELECT pg_catalog.setval('public.auth_user_groups_id_seq', 1, false);


--
-- TOC entry 5276 (class 0 OID 0)
-- Dependencies: 268
-- Name: auth_user_id_seq; Type: SEQUENCE SET; Schema: public; Owner: postgres
--

SELECT pg_catalog.setval('public.auth_user_id_seq', 6, true);


--
-- TOC entry 5277 (class 0 OID 0)
-- Dependencies: 272
-- Name: auth_user_user_permissions_id_seq; Type: SEQUENCE SET; Schema: public; Owner: postgres
--

SELECT pg_catalog.setval('public.auth_user_user_permissions_id_seq', 1, false);


--
-- TOC entry 5278 (class 0 OID 0)
-- Dependencies: 223
-- Name: city_id_seq; Type: SEQUENCE SET; Schema: public; Owner: postgres
--

SELECT pg_catalog.setval('public.city_id_seq', 42, true);


--
-- TOC entry 5279 (class 0 OID 0)
-- Dependencies: 241
-- Name: class_table_id_seq; Type: SEQUENCE SET; Schema: public; Owner: postgres
--

SELECT pg_catalog.setval('public.class_table_id_seq', 3, true);


--
-- TOC entry 5280 (class 0 OID 0)
-- Dependencies: 217
-- Name: continent_id_seq; Type: SEQUENCE SET; Schema: public; Owner: postgres
--

SELECT pg_catalog.setval('public.continent_id_seq', 6, true);


--
-- TOC entry 5281 (class 0 OID 0)
-- Dependencies: 219
-- Name: country_id_seq; Type: SEQUENCE SET; Schema: public; Owner: postgres
--

SELECT pg_catalog.setval('public.country_id_seq', 1, true);


--
-- TOC entry 5282 (class 0 OID 0)
-- Dependencies: 274
-- Name: django_admin_log_id_seq; Type: SEQUENCE SET; Schema: public; Owner: postgres
--

SELECT pg_catalog.setval('public.django_admin_log_id_seq', 1, false);


--
-- TOC entry 5283 (class 0 OID 0)
-- Dependencies: 260
-- Name: django_content_type_id_seq; Type: SEQUENCE SET; Schema: public; Owner: postgres
--

SELECT pg_catalog.setval('public.django_content_type_id_seq', 40, true);


--
-- TOC entry 5284 (class 0 OID 0)
-- Dependencies: 258
-- Name: django_migrations_id_seq; Type: SEQUENCE SET; Schema: public; Owner: postgres
--

SELECT pg_catalog.setval('public.django_migrations_id_seq', 19, true);


--
-- TOC entry 5285 (class 0 OID 0)
-- Dependencies: 245
-- Name: family_table_id_seq; Type: SEQUENCE SET; Schema: public; Owner: postgres
--

SELECT pg_catalog.setval('public.family_table_id_seq', 27, true);


--
-- TOC entry 5286 (class 0 OID 0)
-- Dependencies: 247
-- Name: genus_id_seq; Type: SEQUENCE SET; Schema: public; Owner: postgres
--

SELECT pg_catalog.setval('public.genus_id_seq', 47, true);


--
-- TOC entry 5287 (class 0 OID 0)
-- Dependencies: 234
-- Name: issue_id_seq; Type: SEQUENCE SET; Schema: public; Owner: postgres
--

SELECT pg_catalog.setval('public.issue_id_seq', 10, true);


--
-- TOC entry 5288 (class 0 OID 0)
-- Dependencies: 237
-- Name: kingdom_id_seq; Type: SEQUENCE SET; Schema: public; Owner: postgres
--

SELECT pg_catalog.setval('public.kingdom_id_seq', 2, true);


--
-- TOC entry 5289 (class 0 OID 0)
-- Dependencies: 225
-- Name: localization_id_seq; Type: SEQUENCE SET; Schema: public; Owner: postgres
--

SELECT pg_catalog.setval('public.localization_id_seq', 167, true);


--
-- TOC entry 5290 (class 0 OID 0)
-- Dependencies: 256
-- Name: log_id_seq; Type: SEQUENCE SET; Schema: public; Owner: postgres
--

SELECT pg_catalog.setval('public.log_id_seq', 1, false);


--
-- TOC entry 5291 (class 0 OID 0)
-- Dependencies: 243
-- Name: order_table_id_seq; Type: SEQUENCE SET; Schema: public; Owner: postgres
--

SELECT pg_catalog.setval('public.order_table_id_seq', 9, true);


--
-- TOC entry 5292 (class 0 OID 0)
-- Dependencies: 239
-- Name: phylum_id_seq; Type: SEQUENCE SET; Schema: public; Owner: postgres
--

SELECT pg_catalog.setval('public.phylum_id_seq', 2, true);


--
-- TOC entry 5293 (class 0 OID 0)
-- Dependencies: 229
-- Name: research_group_id_seq; Type: SEQUENCE SET; Schema: public; Owner: postgres
--

SELECT pg_catalog.setval('public.research_group_id_seq', 1, false);


--
-- TOC entry 5294 (class 0 OID 0)
-- Dependencies: 227
-- Name: researcher_id_seq; Type: SEQUENCE SET; Schema: public; Owner: postgres
--

SELECT pg_catalog.setval('public.researcher_id_seq', 59, true);


--
-- TOC entry 5295 (class 0 OID 0)
-- Dependencies: 215
-- Name: rights_id_seq; Type: SEQUENCE SET; Schema: public; Owner: postgres
--

SELECT pg_catalog.setval('public.rights_id_seq', 1, true);


--
-- TOC entry 5296 (class 0 OID 0)
-- Dependencies: 249
-- Name: species_id_seq; Type: SEQUENCE SET; Schema: public; Owner: postgres
--

SELECT pg_catalog.setval('public.species_id_seq', 26, true);


--
-- TOC entry 5297 (class 0 OID 0)
-- Dependencies: 221
-- Name: state_table_id_seq; Type: SEQUENCE SET; Schema: public; Owner: postgres
--

SELECT pg_catalog.setval('public.state_table_id_seq', 5, true);


--
-- TOC entry 5298 (class 0 OID 0)
-- Dependencies: 251
-- Name: taxon_hierarchy_id_seq; Type: SEQUENCE SET; Schema: public; Owner: postgres
--

SELECT pg_catalog.setval('public.taxon_hierarchy_id_seq', 66, true);


--
-- TOC entry 5299 (class 0 OID 0)
-- Dependencies: 253
-- Name: taxon_id_seq; Type: SEQUENCE SET; Schema: public; Owner: postgres
--

SELECT pg_catalog.setval('public.taxon_id_seq', 68, true);


--
-- TOC entry 5300 (class 0 OID 0)
-- Dependencies: 277
-- Name: users_id_seq; Type: SEQUENCE SET; Schema: public; Owner: postgres
--

SELECT pg_catalog.setval('public.users_id_seq', 34, true);


--
-- TOC entry 4969 (class 2606 OID 17908)
-- Name: auth_group auth_group_name_key; Type: CONSTRAINT; Schema: public; Owner: postgres
--

ALTER TABLE ONLY public.auth_group
    ADD CONSTRAINT auth_group_name_key UNIQUE (name);


--
-- TOC entry 4974 (class 2606 OID 17839)
-- Name: auth_group_permissions auth_group_permissions_group_id_permission_id_0cd325b0_uniq; Type: CONSTRAINT; Schema: public; Owner: postgres
--

ALTER TABLE ONLY public.auth_group_permissions
    ADD CONSTRAINT auth_group_permissions_group_id_permission_id_0cd325b0_uniq UNIQUE (group_id, permission_id);


--
-- TOC entry 4977 (class 2606 OID 17808)
-- Name: auth_group_permissions auth_group_permissions_pkey; Type: CONSTRAINT; Schema: public; Owner: postgres
--

ALTER TABLE ONLY public.auth_group_permissions
    ADD CONSTRAINT auth_group_permissions_pkey PRIMARY KEY (id);


--
-- TOC entry 4971 (class 2606 OID 17800)
-- Name: auth_group auth_group_pkey; Type: CONSTRAINT; Schema: public; Owner: postgres
--

ALTER TABLE ONLY public.auth_group
    ADD CONSTRAINT auth_group_pkey PRIMARY KEY (id);


--
-- TOC entry 4964 (class 2606 OID 17830)
-- Name: auth_permission auth_permission_content_type_id_codename_01ab375a_uniq; Type: CONSTRAINT; Schema: public; Owner: postgres
--

ALTER TABLE ONLY public.auth_permission
    ADD CONSTRAINT auth_permission_content_type_id_codename_01ab375a_uniq UNIQUE (content_type_id, codename);


--
-- TOC entry 4966 (class 2606 OID 17794)
-- Name: auth_permission auth_permission_pkey; Type: CONSTRAINT; Schema: public; Owner: postgres
--

ALTER TABLE ONLY public.auth_permission
    ADD CONSTRAINT auth_permission_pkey PRIMARY KEY (id);


--
-- TOC entry 4985 (class 2606 OID 17822)
-- Name: auth_user_groups auth_user_groups_pkey; Type: CONSTRAINT; Schema: public; Owner: postgres
--

ALTER TABLE ONLY public.auth_user_groups
    ADD CONSTRAINT auth_user_groups_pkey PRIMARY KEY (id);


--
-- TOC entry 4988 (class 2606 OID 17854)
-- Name: auth_user_groups auth_user_groups_user_id_group_id_94350c0c_uniq; Type: CONSTRAINT; Schema: public; Owner: postgres
--

ALTER TABLE ONLY public.auth_user_groups
    ADD CONSTRAINT auth_user_groups_user_id_group_id_94350c0c_uniq UNIQUE (user_id, group_id);


--
-- TOC entry 4979 (class 2606 OID 17814)
-- Name: auth_user auth_user_pkey; Type: CONSTRAINT; Schema: public; Owner: postgres
--

ALTER TABLE ONLY public.auth_user
    ADD CONSTRAINT auth_user_pkey PRIMARY KEY (id);


--
-- TOC entry 4991 (class 2606 OID 17828)
-- Name: auth_user_user_permissions auth_user_user_permissions_pkey; Type: CONSTRAINT; Schema: public; Owner: postgres
--

ALTER TABLE ONLY public.auth_user_user_permissions
    ADD CONSTRAINT auth_user_user_permissions_pkey PRIMARY KEY (id);


--
-- TOC entry 4994 (class 2606 OID 17868)
-- Name: auth_user_user_permissions auth_user_user_permissions_user_id_permission_id_14a6b632_uniq; Type: CONSTRAINT; Schema: public; Owner: postgres
--

ALTER TABLE ONLY public.auth_user_user_permissions
    ADD CONSTRAINT auth_user_user_permissions_user_id_permission_id_14a6b632_uniq UNIQUE (user_id, permission_id);


--
-- TOC entry 4982 (class 2606 OID 17903)
-- Name: auth_user auth_user_username_key; Type: CONSTRAINT; Schema: public; Owner: postgres
--

ALTER TABLE ONLY public.auth_user
    ADD CONSTRAINT auth_user_username_key UNIQUE (username);


--
-- TOC entry 4897 (class 2606 OID 17497)
-- Name: city city_pkey; Type: CONSTRAINT; Schema: public; Owner: postgres
--

ALTER TABLE ONLY public.city
    ADD CONSTRAINT city_pkey PRIMARY KEY (id);


--
-- TOC entry 4899 (class 2606 OID 17499)
-- Name: city city_state_id_level2gid_city_name_key; Type: CONSTRAINT; Schema: public; Owner: postgres
--

ALTER TABLE ONLY public.city
    ADD CONSTRAINT city_state_id_level2gid_city_name_key UNIQUE (state_id, level2gid, city_name);


--
-- TOC entry 4927 (class 2606 OID 17648)
-- Name: class_table class_table_class_key_class_name_key; Type: CONSTRAINT; Schema: public; Owner: postgres
--

ALTER TABLE ONLY public.class_table
    ADD CONSTRAINT class_table_class_key_class_name_key UNIQUE (class_key, class_name);


--
-- TOC entry 4929 (class 2606 OID 17646)
-- Name: class_table class_table_pkey; Type: CONSTRAINT; Schema: public; Owner: postgres
--

ALTER TABLE ONLY public.class_table
    ADD CONSTRAINT class_table_pkey PRIMARY KEY (id);


--
-- TOC entry 4887 (class 2606 OID 17464)
-- Name: continent continent_continent_name_key; Type: CONSTRAINT; Schema: public; Owner: postgres
--

ALTER TABLE ONLY public.continent
    ADD CONSTRAINT continent_continent_name_key UNIQUE (continent_name);


--
-- TOC entry 4889 (class 2606 OID 17462)
-- Name: continent continent_pkey; Type: CONSTRAINT; Schema: public; Owner: postgres
--

ALTER TABLE ONLY public.continent
    ADD CONSTRAINT continent_pkey PRIMARY KEY (id);


--
-- TOC entry 4891 (class 2606 OID 17473)
-- Name: country country_country_name_key; Type: CONSTRAINT; Schema: public; Owner: postgres
--

ALTER TABLE ONLY public.country
    ADD CONSTRAINT country_country_name_key UNIQUE (country_name);


--
-- TOC entry 4893 (class 2606 OID 17471)
-- Name: country country_pkey; Type: CONSTRAINT; Schema: public; Owner: postgres
--

ALTER TABLE ONLY public.country
    ADD CONSTRAINT country_pkey PRIMARY KEY (id);


--
-- TOC entry 4997 (class 2606 OID 17889)
-- Name: django_admin_log django_admin_log_pkey; Type: CONSTRAINT; Schema: public; Owner: postgres
--

ALTER TABLE ONLY public.django_admin_log
    ADD CONSTRAINT django_admin_log_pkey PRIMARY KEY (id);


--
-- TOC entry 4959 (class 2606 OID 17788)
-- Name: django_content_type django_content_type_app_label_model_76bd3d3b_uniq; Type: CONSTRAINT; Schema: public; Owner: postgres
--

ALTER TABLE ONLY public.django_content_type
    ADD CONSTRAINT django_content_type_app_label_model_76bd3d3b_uniq UNIQUE (app_label, model);


--
-- TOC entry 4961 (class 2606 OID 17786)
-- Name: django_content_type django_content_type_pkey; Type: CONSTRAINT; Schema: public; Owner: postgres
--

ALTER TABLE ONLY public.django_content_type
    ADD CONSTRAINT django_content_type_pkey PRIMARY KEY (id);


--
-- TOC entry 4957 (class 2606 OID 17780)
-- Name: django_migrations django_migrations_pkey; Type: CONSTRAINT; Schema: public; Owner: postgres
--

ALTER TABLE ONLY public.django_migrations
    ADD CONSTRAINT django_migrations_pkey PRIMARY KEY (id);


--
-- TOC entry 5001 (class 2606 OID 17916)
-- Name: django_session django_session_pkey; Type: CONSTRAINT; Schema: public; Owner: postgres
--

ALTER TABLE ONLY public.django_session
    ADD CONSTRAINT django_session_pkey PRIMARY KEY (session_key);


--
-- TOC entry 4935 (class 2606 OID 17668)
-- Name: family_table family_table_family_key_family_name_key; Type: CONSTRAINT; Schema: public; Owner: postgres
--

ALTER TABLE ONLY public.family_table
    ADD CONSTRAINT family_table_family_key_family_name_key UNIQUE (family_key, family_name);


--
-- TOC entry 4937 (class 2606 OID 17666)
-- Name: family_table family_table_pkey; Type: CONSTRAINT; Schema: public; Owner: postgres
--

ALTER TABLE ONLY public.family_table
    ADD CONSTRAINT family_table_pkey PRIMARY KEY (id);


--
-- TOC entry 4939 (class 2606 OID 17678)
-- Name: genus genus_genus_key_genus_name_key; Type: CONSTRAINT; Schema: public; Owner: postgres
--

ALTER TABLE ONLY public.genus
    ADD CONSTRAINT genus_genus_key_genus_name_key UNIQUE (genus_key, genus_name);


--
-- TOC entry 4941 (class 2606 OID 17676)
-- Name: genus genus_pkey; Type: CONSTRAINT; Schema: public; Owner: postgres
--

ALTER TABLE ONLY public.genus
    ADD CONSTRAINT genus_pkey PRIMARY KEY (id);


--
-- TOC entry 4915 (class 2606 OID 17603)
-- Name: issue issue_pkey; Type: CONSTRAINT; Schema: public; Owner: postgres
--

ALTER TABLE ONLY public.issue
    ADD CONSTRAINT issue_pkey PRIMARY KEY (id);


--
-- TOC entry 4919 (class 2606 OID 17628)
-- Name: kingdom kingdom_kingdom_key_kingdom_name_key; Type: CONSTRAINT; Schema: public; Owner: postgres
--

ALTER TABLE ONLY public.kingdom
    ADD CONSTRAINT kingdom_kingdom_key_kingdom_name_key UNIQUE (kingdom_key, kingdom_name);


--
-- TOC entry 4921 (class 2606 OID 17626)
-- Name: kingdom kingdom_pkey; Type: CONSTRAINT; Schema: public; Owner: postgres
--

ALTER TABLE ONLY public.kingdom
    ADD CONSTRAINT kingdom_pkey PRIMARY KEY (id);


--
-- TOC entry 4901 (class 2606 OID 17513)
-- Name: localization localization_city_id_localization_name_decimal_latitude_dec_key; Type: CONSTRAINT; Schema: public; Owner: postgres
--

ALTER TABLE ONLY public.localization
    ADD CONSTRAINT localization_city_id_localization_name_decimal_latitude_dec_key UNIQUE (city_id, localization_name, decimal_latitude, decimal_longitude);


--
-- TOC entry 4903 (class 2606 OID 17511)
-- Name: localization localization_pkey; Type: CONSTRAINT; Schema: public; Owner: postgres
--

ALTER TABLE ONLY public.localization
    ADD CONSTRAINT localization_pkey PRIMARY KEY (id);


--
-- TOC entry 4955 (class 2606 OID 17771)
-- Name: log log_pkey; Type: CONSTRAINT; Schema: public; Owner: postgres
--

ALTER TABLE ONLY public.log
    ADD CONSTRAINT log_pkey PRIMARY KEY (id);


--
-- TOC entry 4931 (class 2606 OID 17658)
-- Name: order_table order_table_order_key_order_name_key; Type: CONSTRAINT; Schema: public; Owner: postgres
--

ALTER TABLE ONLY public.order_table
    ADD CONSTRAINT order_table_order_key_order_name_key UNIQUE (order_key, order_name);


--
-- TOC entry 4933 (class 2606 OID 17656)
-- Name: order_table order_table_pkey; Type: CONSTRAINT; Schema: public; Owner: postgres
--

ALTER TABLE ONLY public.order_table
    ADD CONSTRAINT order_table_pkey PRIMARY KEY (id);


--
-- TOC entry 4923 (class 2606 OID 17638)
-- Name: phylum phylum_phylum_key_phylum_name_key; Type: CONSTRAINT; Schema: public; Owner: postgres
--

ALTER TABLE ONLY public.phylum
    ADD CONSTRAINT phylum_phylum_key_phylum_name_key UNIQUE (phylum_key, phylum_name);


--
-- TOC entry 4925 (class 2606 OID 17636)
-- Name: phylum phylum_pkey; Type: CONSTRAINT; Schema: public; Owner: postgres
--

ALTER TABLE ONLY public.phylum
    ADD CONSTRAINT phylum_pkey PRIMARY KEY (id);


--
-- TOC entry 4907 (class 2606 OID 17536)
-- Name: research_group research_group_pkey; Type: CONSTRAINT; Schema: public; Owner: postgres
--

ALTER TABLE ONLY public.research_group
    ADD CONSTRAINT research_group_pkey PRIMARY KEY (id);


--
-- TOC entry 4917 (class 2606 OID 17608)
-- Name: research_issue research_issue_pkey; Type: CONSTRAINT; Schema: public; Owner: postgres
--

ALTER TABLE ONLY public.research_issue
    ADD CONSTRAINT research_issue_pkey PRIMARY KEY (gbifid, issue_id);


--
-- TOC entry 4909 (class 2606 OID 17559)
-- Name: research research_ocurrenceid_key; Type: CONSTRAINT; Schema: public; Owner: postgres
--

ALTER TABLE ONLY public.research
    ADD CONSTRAINT research_ocurrenceid_key UNIQUE (ocurrenceid);


--
-- TOC entry 4911 (class 2606 OID 17557)
-- Name: research research_pkey; Type: CONSTRAINT; Schema: public; Owner: postgres
--

ALTER TABLE ONLY public.research
    ADD CONSTRAINT research_pkey PRIMARY KEY (gbifid);


--
-- TOC entry 4913 (class 2606 OID 17584)
-- Name: researched_by researched_by_pkey; Type: CONSTRAINT; Schema: public; Owner: postgres
--

ALTER TABLE ONLY public.researched_by
    ADD CONSTRAINT researched_by_pkey PRIMARY KEY (gbifid, researcher_id);


--
-- TOC entry 4905 (class 2606 OID 17527)
-- Name: researcher researcher_pkey; Type: CONSTRAINT; Schema: public; Owner: postgres
--

ALTER TABLE ONLY public.researcher
    ADD CONSTRAINT researcher_pkey PRIMARY KEY (id);


--
-- TOC entry 4885 (class 2606 OID 17455)
-- Name: rights rights_pkey; Type: CONSTRAINT; Schema: public; Owner: postgres
--

ALTER TABLE ONLY public.rights
    ADD CONSTRAINT rights_pkey PRIMARY KEY (id);


--
-- TOC entry 4943 (class 2606 OID 17686)
-- Name: species species_pkey; Type: CONSTRAINT; Schema: public; Owner: postgres
--

ALTER TABLE ONLY public.species
    ADD CONSTRAINT species_pkey PRIMARY KEY (id);


--
-- TOC entry 4945 (class 2606 OID 17688)
-- Name: species species_species_key_species_name_key; Type: CONSTRAINT; Schema: public; Owner: postgres
--

ALTER TABLE ONLY public.species
    ADD CONSTRAINT species_species_key_species_name_key UNIQUE (species_key, species_name);


--
-- TOC entry 4895 (class 2606 OID 17485)
-- Name: state_table state_table_pkey; Type: CONSTRAINT; Schema: public; Owner: postgres
--

ALTER TABLE ONLY public.state_table
    ADD CONSTRAINT state_table_pkey PRIMARY KEY (id);


--
-- TOC entry 4947 (class 2606 OID 17697)
-- Name: taxon_hierarchy taxon_hierarchy_kingdom_id_phylum_id_class_table_id_order_t_key; Type: CONSTRAINT; Schema: public; Owner: postgres
--

ALTER TABLE ONLY public.taxon_hierarchy
    ADD CONSTRAINT taxon_hierarchy_kingdom_id_phylum_id_class_table_id_order_t_key UNIQUE (kingdom_id, phylum_id, class_table_id, order_table_id, family_table_id, genus_id, species_id);


--
-- TOC entry 4949 (class 2606 OID 17695)
-- Name: taxon_hierarchy taxon_hierarchy_pkey; Type: CONSTRAINT; Schema: public; Owner: postgres
--

ALTER TABLE ONLY public.taxon_hierarchy
    ADD CONSTRAINT taxon_hierarchy_pkey PRIMARY KEY (id);


--
-- TOC entry 4951 (class 2606 OID 17740)
-- Name: taxon taxon_pkey; Type: CONSTRAINT; Schema: public; Owner: postgres
--

ALTER TABLE ONLY public.taxon
    ADD CONSTRAINT taxon_pkey PRIMARY KEY (id);


--
-- TOC entry 4953 (class 2606 OID 17742)
-- Name: taxon taxon_taxon_hierarchy_id_taxon_key_scientific_name_generic__key; Type: CONSTRAINT; Schema: public; Owner: postgres
--

ALTER TABLE ONLY public.taxon
    ADD CONSTRAINT taxon_taxon_hierarchy_id_taxon_key_scientific_name_generic__key UNIQUE (taxon_hierarchy_id, taxon_key, scientific_name, generic_name, specific_epithet, infraespecific_epithet, taxon_rank, taxonomic_status, iucn_redlist_category);


--
-- TOC entry 5004 (class 2606 OID 17927)
-- Name: users users_pkey; Type: CONSTRAINT; Schema: public; Owner: postgres
--

ALTER TABLE ONLY public.users
    ADD CONSTRAINT users_pkey PRIMARY KEY (id);


--
-- TOC entry 5006 (class 2606 OID 17929)
-- Name: users users_username_key; Type: CONSTRAINT; Schema: public; Owner: postgres
--

ALTER TABLE ONLY public.users
    ADD CONSTRAINT users_username_key UNIQUE (username);


--
-- TOC entry 4967 (class 1259 OID 17909)
-- Name: auth_group_name_a6ea08ec_like; Type: INDEX; Schema: public; Owner: postgres
--

CREATE INDEX auth_group_name_a6ea08ec_like ON public.auth_group USING btree (name varchar_pattern_ops);


--
-- TOC entry 4972 (class 1259 OID 17850)
-- Name: auth_group_permissions_group_id_b120cbf9; Type: INDEX; Schema: public; Owner: postgres
--

CREATE INDEX auth_group_permissions_group_id_b120cbf9 ON public.auth_group_permissions USING btree (group_id);


--
-- TOC entry 4975 (class 1259 OID 17851)
-- Name: auth_group_permissions_permission_id_84c5c92e; Type: INDEX; Schema: public; Owner: postgres
--

CREATE INDEX auth_group_permissions_permission_id_84c5c92e ON public.auth_group_permissions USING btree (permission_id);


--
-- TOC entry 4962 (class 1259 OID 17836)
-- Name: auth_permission_content_type_id_2f476e4b; Type: INDEX; Schema: public; Owner: postgres
--

CREATE INDEX auth_permission_content_type_id_2f476e4b ON public.auth_permission USING btree (content_type_id);


--
-- TOC entry 4983 (class 1259 OID 17866)
-- Name: auth_user_groups_group_id_97559544; Type: INDEX; Schema: public; Owner: postgres
--

CREATE INDEX auth_user_groups_group_id_97559544 ON public.auth_user_groups USING btree (group_id);


--
-- TOC entry 4986 (class 1259 OID 17865)
-- Name: auth_user_groups_user_id_6a12ed8b; Type: INDEX; Schema: public; Owner: postgres
--

CREATE INDEX auth_user_groups_user_id_6a12ed8b ON public.auth_user_groups USING btree (user_id);


--
-- TOC entry 4989 (class 1259 OID 17880)
-- Name: auth_user_user_permissions_permission_id_1fbb5f2c; Type: INDEX; Schema: public; Owner: postgres
--

CREATE INDEX auth_user_user_permissions_permission_id_1fbb5f2c ON public.auth_user_user_permissions USING btree (permission_id);


--
-- TOC entry 4992 (class 1259 OID 17879)
-- Name: auth_user_user_permissions_user_id_a95ead1b; Type: INDEX; Schema: public; Owner: postgres
--

CREATE INDEX auth_user_user_permissions_user_id_a95ead1b ON public.auth_user_user_permissions USING btree (user_id);


--
-- TOC entry 4980 (class 1259 OID 17904)
-- Name: auth_user_username_6821ab7c_like; Type: INDEX; Schema: public; Owner: postgres
--

CREATE INDEX auth_user_username_6821ab7c_like ON public.auth_user USING btree (username varchar_pattern_ops);


--
-- TOC entry 4995 (class 1259 OID 17900)
-- Name: django_admin_log_content_type_id_c4bce8eb; Type: INDEX; Schema: public; Owner: postgres
--

CREATE INDEX django_admin_log_content_type_id_c4bce8eb ON public.django_admin_log USING btree (content_type_id);


--
-- TOC entry 4998 (class 1259 OID 17901)
-- Name: django_admin_log_user_id_c564eba6; Type: INDEX; Schema: public; Owner: postgres
--

CREATE INDEX django_admin_log_user_id_c564eba6 ON public.django_admin_log USING btree (user_id);


--
-- TOC entry 4999 (class 1259 OID 17918)
-- Name: django_session_expire_date_a5c62663; Type: INDEX; Schema: public; Owner: postgres
--

CREATE INDEX django_session_expire_date_a5c62663 ON public.django_session USING btree (expire_date);


--
-- TOC entry 5002 (class 1259 OID 17917)
-- Name: django_session_session_key_c0390e0f_like; Type: INDEX; Schema: public; Owner: postgres
--

CREATE INDEX django_session_session_key_c0390e0f_like ON public.django_session USING btree (session_key varchar_pattern_ops);


--
-- TOC entry 5032 (class 2606 OID 17845)
-- Name: auth_group_permissions auth_group_permissio_permission_id_84c5c92e_fk_auth_perm; Type: FK CONSTRAINT; Schema: public; Owner: postgres
--

ALTER TABLE ONLY public.auth_group_permissions
    ADD CONSTRAINT auth_group_permissio_permission_id_84c5c92e_fk_auth_perm FOREIGN KEY (permission_id) REFERENCES public.auth_permission(id) DEFERRABLE INITIALLY DEFERRED;


--
-- TOC entry 5033 (class 2606 OID 17840)
-- Name: auth_group_permissions auth_group_permissions_group_id_b120cbf9_fk_auth_group_id; Type: FK CONSTRAINT; Schema: public; Owner: postgres
--

ALTER TABLE ONLY public.auth_group_permissions
    ADD CONSTRAINT auth_group_permissions_group_id_b120cbf9_fk_auth_group_id FOREIGN KEY (group_id) REFERENCES public.auth_group(id) DEFERRABLE INITIALLY DEFERRED;


--
-- TOC entry 5031 (class 2606 OID 17831)
-- Name: auth_permission auth_permission_content_type_id_2f476e4b_fk_django_co; Type: FK CONSTRAINT; Schema: public; Owner: postgres
--

ALTER TABLE ONLY public.auth_permission
    ADD CONSTRAINT auth_permission_content_type_id_2f476e4b_fk_django_co FOREIGN KEY (content_type_id) REFERENCES public.django_content_type(id) DEFERRABLE INITIALLY DEFERRED;


--
-- TOC entry 5034 (class 2606 OID 17860)
-- Name: auth_user_groups auth_user_groups_group_id_97559544_fk_auth_group_id; Type: FK CONSTRAINT; Schema: public; Owner: postgres
--

ALTER TABLE ONLY public.auth_user_groups
    ADD CONSTRAINT auth_user_groups_group_id_97559544_fk_auth_group_id FOREIGN KEY (group_id) REFERENCES public.auth_group(id) DEFERRABLE INITIALLY DEFERRED;


--
-- TOC entry 5035 (class 2606 OID 17855)
-- Name: auth_user_groups auth_user_groups_user_id_6a12ed8b_fk_auth_user_id; Type: FK CONSTRAINT; Schema: public; Owner: postgres
--

ALTER TABLE ONLY public.auth_user_groups
    ADD CONSTRAINT auth_user_groups_user_id_6a12ed8b_fk_auth_user_id FOREIGN KEY (user_id) REFERENCES public.auth_user(id) DEFERRABLE INITIALLY DEFERRED;


--
-- TOC entry 5036 (class 2606 OID 17874)
-- Name: auth_user_user_permissions auth_user_user_permi_permission_id_1fbb5f2c_fk_auth_perm; Type: FK CONSTRAINT; Schema: public; Owner: postgres
--

ALTER TABLE ONLY public.auth_user_user_permissions
    ADD CONSTRAINT auth_user_user_permi_permission_id_1fbb5f2c_fk_auth_perm FOREIGN KEY (permission_id) REFERENCES public.auth_permission(id) DEFERRABLE INITIALLY DEFERRED;


--
-- TOC entry 5037 (class 2606 OID 17869)
-- Name: auth_user_user_permissions auth_user_user_permissions_user_id_a95ead1b_fk_auth_user_id; Type: FK CONSTRAINT; Schema: public; Owner: postgres
--

ALTER TABLE ONLY public.auth_user_user_permissions
    ADD CONSTRAINT auth_user_user_permissions_user_id_a95ead1b_fk_auth_user_id FOREIGN KEY (user_id) REFERENCES public.auth_user(id) DEFERRABLE INITIALLY DEFERRED;


--
-- TOC entry 5009 (class 2606 OID 17500)
-- Name: city city_state_id_fkey; Type: FK CONSTRAINT; Schema: public; Owner: postgres
--

ALTER TABLE ONLY public.city
    ADD CONSTRAINT city_state_id_fkey FOREIGN KEY (state_id) REFERENCES public.state_table(id);


--
-- TOC entry 5007 (class 2606 OID 17474)
-- Name: country country_continent_id_fkey; Type: FK CONSTRAINT; Schema: public; Owner: postgres
--

ALTER TABLE ONLY public.country
    ADD CONSTRAINT country_continent_id_fkey FOREIGN KEY (continent_id) REFERENCES public.continent(id);


--
-- TOC entry 5038 (class 2606 OID 17890)
-- Name: django_admin_log django_admin_log_content_type_id_c4bce8eb_fk_django_co; Type: FK CONSTRAINT; Schema: public; Owner: postgres
--

ALTER TABLE ONLY public.django_admin_log
    ADD CONSTRAINT django_admin_log_content_type_id_c4bce8eb_fk_django_co FOREIGN KEY (content_type_id) REFERENCES public.django_content_type(id) DEFERRABLE INITIALLY DEFERRED;


--
-- TOC entry 5039 (class 2606 OID 17895)
-- Name: django_admin_log django_admin_log_user_id_c564eba6_fk_auth_user_id; Type: FK CONSTRAINT; Schema: public; Owner: postgres
--

ALTER TABLE ONLY public.django_admin_log
    ADD CONSTRAINT django_admin_log_user_id_c564eba6_fk_auth_user_id FOREIGN KEY (user_id) REFERENCES public.auth_user(id) DEFERRABLE INITIALLY DEFERRED;


--
-- TOC entry 5010 (class 2606 OID 17514)
-- Name: localization localization_city_id_fkey; Type: FK CONSTRAINT; Schema: public; Owner: postgres
--

ALTER TABLE ONLY public.localization
    ADD CONSTRAINT localization_city_id_fkey FOREIGN KEY (city_id) REFERENCES public.city(id);


--
-- TOC entry 5011 (class 2606 OID 17546)
-- Name: member_of member_of_group_id_fkey; Type: FK CONSTRAINT; Schema: public; Owner: postgres
--

ALTER TABLE ONLY public.member_of
    ADD CONSTRAINT member_of_group_id_fkey FOREIGN KEY (group_id) REFERENCES public.research_group(id);


--
-- TOC entry 5012 (class 2606 OID 17541)
-- Name: member_of member_of_researcher_id_fkey; Type: FK CONSTRAINT; Schema: public; Owner: postgres
--

ALTER TABLE ONLY public.member_of
    ADD CONSTRAINT member_of_researcher_id_fkey FOREIGN KEY (researcher_id) REFERENCES public.researcher(id);


--
-- TOC entry 5019 (class 2606 OID 17609)
-- Name: research_issue research_issue_gbifid_fkey; Type: FK CONSTRAINT; Schema: public; Owner: postgres
--

ALTER TABLE ONLY public.research_issue
    ADD CONSTRAINT research_issue_gbifid_fkey FOREIGN KEY (gbifid) REFERENCES public.research(gbifid) ON DELETE CASCADE;


--
-- TOC entry 5020 (class 2606 OID 17614)
-- Name: research_issue research_issue_issue_id_fkey; Type: FK CONSTRAINT; Schema: public; Owner: postgres
--

ALTER TABLE ONLY public.research_issue
    ADD CONSTRAINT research_issue_issue_id_fkey FOREIGN KEY (issue_id) REFERENCES public.issue(id);


--
-- TOC entry 5013 (class 2606 OID 17565)
-- Name: research research_license_rights_fkey; Type: FK CONSTRAINT; Schema: public; Owner: postgres
--

ALTER TABLE ONLY public.research
    ADD CONSTRAINT research_license_rights_fkey FOREIGN KEY (license_rights) REFERENCES public.rights(id);


--
-- TOC entry 5014 (class 2606 OID 17575)
-- Name: research research_localization_id_fkey; Type: FK CONSTRAINT; Schema: public; Owner: postgres
--

ALTER TABLE ONLY public.research
    ADD CONSTRAINT research_localization_id_fkey FOREIGN KEY (localization_id) REFERENCES public.localization(id);


--
-- TOC entry 5015 (class 2606 OID 17570)
-- Name: research research_publishing_country_fkey; Type: FK CONSTRAINT; Schema: public; Owner: postgres
--

ALTER TABLE ONLY public.research
    ADD CONSTRAINT research_publishing_country_fkey FOREIGN KEY (publishing_country) REFERENCES public.country(id);


--
-- TOC entry 5016 (class 2606 OID 17560)
-- Name: research research_research_groupid_fkey; Type: FK CONSTRAINT; Schema: public; Owner: postgres
--

ALTER TABLE ONLY public.research
    ADD CONSTRAINT research_research_groupid_fkey FOREIGN KEY (research_groupid) REFERENCES public.research_group(id);


--
-- TOC entry 5017 (class 2606 OID 17585)
-- Name: researched_by researched_by_gbifid_fkey; Type: FK CONSTRAINT; Schema: public; Owner: postgres
--

ALTER TABLE ONLY public.researched_by
    ADD CONSTRAINT researched_by_gbifid_fkey FOREIGN KEY (gbifid) REFERENCES public.research(gbifid) ON DELETE CASCADE;


--
-- TOC entry 5018 (class 2606 OID 17590)
-- Name: researched_by researched_by_researcher_id_fkey; Type: FK CONSTRAINT; Schema: public; Owner: postgres
--

ALTER TABLE ONLY public.researched_by
    ADD CONSTRAINT researched_by_researcher_id_fkey FOREIGN KEY (researcher_id) REFERENCES public.researcher(id);


--
-- TOC entry 5008 (class 2606 OID 17486)
-- Name: state_table state_table_country_id_fkey; Type: FK CONSTRAINT; Schema: public; Owner: postgres
--

ALTER TABLE ONLY public.state_table
    ADD CONSTRAINT state_table_country_id_fkey FOREIGN KEY (country_id) REFERENCES public.country(id);


--
-- TOC entry 5021 (class 2606 OID 17708)
-- Name: taxon_hierarchy taxon_hierarchy_class_table_id_fkey; Type: FK CONSTRAINT; Schema: public; Owner: postgres
--

ALTER TABLE ONLY public.taxon_hierarchy
    ADD CONSTRAINT taxon_hierarchy_class_table_id_fkey FOREIGN KEY (class_table_id) REFERENCES public.class_table(id);


--
-- TOC entry 5022 (class 2606 OID 17718)
-- Name: taxon_hierarchy taxon_hierarchy_family_table_id_fkey; Type: FK CONSTRAINT; Schema: public; Owner: postgres
--

ALTER TABLE ONLY public.taxon_hierarchy
    ADD CONSTRAINT taxon_hierarchy_family_table_id_fkey FOREIGN KEY (family_table_id) REFERENCES public.family_table(id);


--
-- TOC entry 5023 (class 2606 OID 17723)
-- Name: taxon_hierarchy taxon_hierarchy_genus_id_fkey; Type: FK CONSTRAINT; Schema: public; Owner: postgres
--

ALTER TABLE ONLY public.taxon_hierarchy
    ADD CONSTRAINT taxon_hierarchy_genus_id_fkey FOREIGN KEY (genus_id) REFERENCES public.genus(id);


--
-- TOC entry 5024 (class 2606 OID 17698)
-- Name: taxon_hierarchy taxon_hierarchy_kingdom_id_fkey; Type: FK CONSTRAINT; Schema: public; Owner: postgres
--

ALTER TABLE ONLY public.taxon_hierarchy
    ADD CONSTRAINT taxon_hierarchy_kingdom_id_fkey FOREIGN KEY (kingdom_id) REFERENCES public.kingdom(id);


--
-- TOC entry 5025 (class 2606 OID 17713)
-- Name: taxon_hierarchy taxon_hierarchy_order_table_id_fkey; Type: FK CONSTRAINT; Schema: public; Owner: postgres
--

ALTER TABLE ONLY public.taxon_hierarchy
    ADD CONSTRAINT taxon_hierarchy_order_table_id_fkey FOREIGN KEY (order_table_id) REFERENCES public.order_table(id);


--
-- TOC entry 5026 (class 2606 OID 17703)
-- Name: taxon_hierarchy taxon_hierarchy_phylum_id_fkey; Type: FK CONSTRAINT; Schema: public; Owner: postgres
--

ALTER TABLE ONLY public.taxon_hierarchy
    ADD CONSTRAINT taxon_hierarchy_phylum_id_fkey FOREIGN KEY (phylum_id) REFERENCES public.phylum(id);


--
-- TOC entry 5027 (class 2606 OID 17728)
-- Name: taxon_hierarchy taxon_hierarchy_species_id_fkey; Type: FK CONSTRAINT; Schema: public; Owner: postgres
--

ALTER TABLE ONLY public.taxon_hierarchy
    ADD CONSTRAINT taxon_hierarchy_species_id_fkey FOREIGN KEY (species_id) REFERENCES public.species(id);


--
-- TOC entry 5029 (class 2606 OID 17752)
-- Name: taxon_sample taxon_sample_gbifid_fkey; Type: FK CONSTRAINT; Schema: public; Owner: postgres
--

ALTER TABLE ONLY public.taxon_sample
    ADD CONSTRAINT taxon_sample_gbifid_fkey FOREIGN KEY (gbifid) REFERENCES public.research(gbifid) ON DELETE CASCADE;


--
-- TOC entry 5030 (class 2606 OID 17757)
-- Name: taxon_sample taxon_sample_taxon_id_fkey; Type: FK CONSTRAINT; Schema: public; Owner: postgres
--

ALTER TABLE ONLY public.taxon_sample
    ADD CONSTRAINT taxon_sample_taxon_id_fkey FOREIGN KEY (taxon_id) REFERENCES public.taxon(id);


--
-- TOC entry 5028 (class 2606 OID 17743)
-- Name: taxon taxon_taxon_hierarchy_id_fkey; Type: FK CONSTRAINT; Schema: public; Owner: postgres
--

ALTER TABLE ONLY public.taxon
    ADD CONSTRAINT taxon_taxon_hierarchy_id_fkey FOREIGN KEY (taxon_hierarchy_id) REFERENCES public.taxon_hierarchy(id);


-- Completed on 2024-09-28 19:46:37

--
-- PostgreSQL database dump complete
--

